Description,Severity,Status,First Seen,Issue age,Unit,File,Technology,Lines of code,McCabe complexity,Number of parameters
385 lines of code for unit nnederlandLayers.tsx,HIGH,RAW,2026-06-10,24,nnederlandLayers.tsx,src/Components/HomePage/Body/Left/Common/KaartLegend/LayersList/NNederland/nnederlandLayers.tsx#L1:427,TypeScript,385,1,0
153 lines of code for unit useEditPointCoordinates.ts.useEditPointCoordinates(void),HIGH,RAW,2026-07-04,0,useEditPointCoordinates.ts.useEditPointCoordinates(void),src/Components/HomePage/Body/Left/Nabewerking/VluchtenZoeken/Steps/Step2/Actions/Waarnemingen/EditPointDetails/Actions/EditPointCoordinates/useEditPointCoordinates.ts#L19:181,TypeScript,153,34,1
153 lines of code for unit MapComp.tsx.MapComp(any),HIGH,RAW,2026-06-04,30,MapComp.tsx.MapComp(any),src/Components/HomePage/Body/MapViewComp/MapComp.tsx#L17:94,TypeScript,153,37,1
147 lines of code for unit constants.ts,HIGH,RAW,2026-06-04,30,constants.ts,src/Components/HomePage/Head/constants.ts#L1:201,TypeScript,147,1,0
118 lines of code for unit index.tsx.SelectFromSource(any),HIGH,RAW,2026-06-04,30,index.tsx.SelectFromSource(any),src/Components/HomePage/Body/Left/Voorbereiding/ViewPlan/Steps/AddPointsFromPlan/SelectFromSource/index.tsx#L37:211,TypeScript,118,20,1
111 lines of code for unit Step2Sub1.tsx.Step2Sub1(any),HIGH,RAW,2026-06-04,30,Step2Sub1.tsx.Step2Sub1(any),src/Components/HomePage/Body/Left/Tools/AandachtspuntenVerwijderen/Actions/EditPointDetails/Steps/Step2/Step2Sub1.tsx#L11:160,TypeScript,111,14,1
110 lines of code for unit processGeometry.ts.processGeometry(ProcessGeometryParams),HIGH,RAW,2026-06-04,30,processGeometry.ts.processGeometry(ProcessGeometryParams),src/Components/HomePage/Body/Left/Nabewerking/CreateReport/helpers/useHandleStep2/processGeometry.ts#L14:36,TypeScript,110,16,1
105 lines of code for unit processPoint.ts.processPoint(ProcessPointParams),HIGH,RAW,2026-06-04,30,processPoint.ts.processPoint(ProcessPointParams),src/Components/HomePage/Body/Left/Nabewerking/CreateReport/helpers/useHandleStep2/processPoint.ts#L11:128,TypeScript,105,12,1
104 lines of code for unit StepContent.tsx.StepContent(StepContentProps),HIGH,RAW,2026-06-04,30,StepContent.tsx.StepContent(StepContentProps),src/Components/HomePage/Body/Left/Voorbereiding/AddPointsVluchtPlan/Common/StepContent.tsx#L28:198,TypeScript,104,14,1
"98 lines of code for unit useImageMarkersOnMap.ts.useImageMarkersOnMap(FinishedPointType|null,AttachmentType[],MapView|null|undefined,GraphicsLayer|null|undefined)",HIGH,RAW,2026-06-06,28,"useImageMarkersOnMap.ts.useImageMarkersOnMap(FinishedPointType|null,AttachmentType[],MapView|null|undefined,GraphicsLayer|null|undefined)",src/Components/HomePage/Body/Left/Nabewerking/VluchtenZoeken/Steps/Step2/Actions/Waarnemingen/common/Foto/useImageMarkersOnMap.ts#L10:129,TypeScript,98,10,4
97 lines of code for unit HeadButtonsTimeslider.tsx.HeadButtonsTimeslider(),HIGH,RAW,2026-06-04,30,HeadButtonsTimeslider.tsx.HeadButtonsTimeslider(),src/Components/HomePage/Head/HeadButtonsTimeslider.tsx#L100:179,TypeScript,97,11,0
"90 lines of code for unit flightPlansYellowHighlights.ts.drawSelectedPlansYellowHighlights(__esri.GraphicsLayer,FinishedFlightPlanType[],number[])",HIGH,RAW,2026-06-04,30,"flightPlansYellowHighlights.ts.drawSelectedPlansYellowHighlights(__esri.GraphicsLayer,FinishedFlightPlanType[],number[])",src/helpers/timeslider/flightPlansYellowHighlights.ts#L32:136,TypeScript,90,14,3
88 lines of code for unit index.tsx.PointsView(PointsViewProps),HIGH,RAW,2026-06-04,30,index.tsx.PointsView(PointsViewProps),src/Components/HomePage/Body/Bottom/PointsView/index.tsx#L31:207,TypeScript,88,3,1
88 lines of code for unit index.tsx.AddPointToPlan(),HIGH,RAW,2026-06-04,30,index.tsx.AddPointToPlan(),src/Components/HomePage/Body/Left/Voorbereiding/ViewPlan/Steps/AddPointToPlan/index.tsx#L23:165,TypeScript,88,13,0
87 lines of code for unit Step2Sub1.tsx.Step2Sub1(any),HIGH,RAW,2026-06-04,30,Step2Sub1.tsx.Step2Sub1(any),src/Components/HomePage/Body/Left/Voorbereiding/SelectedPoint/EditPointDetails/Steps/Step2/Step2Sub1.tsx#L9:147,TypeScript,87,8,1
87 lines of code for unit handleUpdate(),HIGH,RAW,2026-06-04,30,handleUpdate(),src/Components/HomePage/Body/Left/Nabewerking/VluchtenZoeken/Steps/Step2/Actions/Waarnemingen/EditGeometryDetails/Actions/Form/index.tsx#L47:148,TypeScript,87,10,0
86 lines of code for unit createMapView.ts.createMapView(RefObject<HTMLDivElement>),HIGH,RAW,2026-06-04,30,createMapView.ts.createMapView(RefObject<HTMLDivElement>),src/helpers/ArcGISHelpers/createMapView.ts#L10:106,TypeScript,86,3,1
84 lines of code for unit removePoint(string),HIGH,RAW,2026-06-04,30,removePoint(string),src/Components/HomePage/Body/Left/Voorbereiding/ViewPlan/Steps/EditPoint/Buttons/RemovePoint.tsx#L21:117,TypeScript,84,3,1
"83 lines of code for unit sendEmail.ts.RequestHandler(any,any)",HIGH,RAW,2026-06-04,30,"sendEmail.ts.RequestHandler(any,any)",backend/src/routes/emails/sendEmail.ts#L17:113,TypeScript,83,19,2
81 lines of code for unit usePopupController.ts.usePopupController(void),HIGH,RAW,2026-06-04,30,usePopupController.ts.usePopupController(void),src/hooks/popUpModal/usePopupController.ts#L13:111,TypeScript,81,12,1
"75 lines of code for unit useRenderGeometries.ts.useRenderGeometries(FinishedFlightPlanType|null,number[])",HIGH,RAW,2026-06-04,30,"useRenderGeometries.ts.useRenderGeometries(FinishedFlightPlanType|null,number[])",src/Components/HomePage/Body/Left/Nabewerking/CreateReport/Steps/Step2/hooks/useRenderGeometries.ts#L10:99,TypeScript,75,15,2
74 lines of code for unit handleStep2(),HIGH,RAW,2026-06-04,30,handleStep2(),src/Components/HomePage/Body/Left/Nabewerking/CreateReport/helpers/useHandleStep2/index.ts#L49:191,TypeScript,74,14,0
73 lines of code for unit index.tsx.Main(),HIGH,RAW,2026-06-04,30,index.tsx.Main(),src/Components/HomePage/Body/Left/Tools/AandachtspuntenVerwijderen/Actions/Main/index.tsx#L11:132,TypeScript,73,13,0
"72 lines of code for unit createGeometryGraphic.ts.createGeometryGraphic(BaseGeometryData,CreateGeometryGraphicOptions)",HIGH,RAW,2026-06-04,30,"createGeometryGraphic.ts.createGeometryGraphic(BaseGeometryData,CreateGeometryGraphicOptions)",src/helpers/ArcGISHelpers/createGeometryGraphic.ts#L162:255,TypeScript,72,20,2
"72 lines of code for unit createGeometry.ts.createGeometry(Request,Response)",HIGH,RAW,2026-06-04,30,"createGeometry.ts.createGeometry(Request,Response)",backend/src/routes/geometries/createGeometry.ts#L12:90,TypeScript,72,6,2
71 lines of code for unit index.tsx.SelectedPointDetails(),HIGH,RAW,2026-06-04,30,index.tsx.SelectedPointDetails(),src/Components/HomePage/Body/Left/Voorbereiding/SelectedPoint/SelectedPointDetails/index.tsx#L12:82,TypeScript,71,7,0
71 lines of code for unit createGeometryGraphic.ts,HIGH,RAW,2026-06-04,30,createGeometryGraphic.ts,src/helpers/ArcGISHelpers/createGeometryGraphic.ts#L1:154,TypeScript,71,9,0
70 lines of code for unit installers.ts,HIGH,RAW,2026-06-04,30,installers.ts,backend/src/routes/installers.ts#L1:32,TypeScript,70,8,0
70 lines of code for unit app.ts,HIGH,RAW,2026-06-04,30,app.ts,backend/src/app.ts#L1:43,TypeScript,70,6,0
70 lines of code for unit useEnrichedPointState.ts,HIGH,RAW,2026-06-04,30,useEnrichedPointState.ts,src/hooks/zustand/useEnrichedPointState.ts#L1:146,TypeScript,70,1,0
67 lines of code for unit index.tsx.EnrichedAddPoint(),HIGH,RAW,2026-06-04,30,index.tsx.EnrichedAddPoint(),src/Components/HomePage/Body/Left/Voorbereiding/EnrichedAddPoint/index.tsx#L18:38,TypeScript,67,9,0
67 lines of code for unit handleSubmit(),HIGH,RAW,2026-06-04,30,handleSubmit(),src/Components/HomePage/Body/Left/Voorbereiding/ViewPlan/Steps/AddPointToPlan/Buttons.tsx#L45:122,TypeScript,67,4,0
66 lines of code for unit NotLoggedInWarning.tsx.NotLoggedInWarning(),HIGH,RAW,2026-06-04,30,NotLoggedInWarning.tsx.NotLoggedInWarning(),src/Components/HomePage/Body/Common/NotLoggedInWarning.tsx#L11:21,TypeScript,66,6,0
65 lines of code for unit useTimesliderImagePageData.ts.useTimesliderImagePageData(),HIGH,RAW,2026-06-04,30,useTimesliderImagePageData.ts.useTimesliderImagePageData(),src/Components/TimesliderItemDetailPage/useTimesliderImagePageData.ts#L19:147,TypeScript,65,34,0
65 lines of code for unit Form.tsx.Form(),HIGH,RAW,2026-06-04,30,Form.tsx.Form(),src/Components/HomePage/Body/Left/Tools/AandachtspuntenVerwijderen/Actions/EditPointDetails/Steps/Step1/Form.tsx#L10:119,TypeScript,65,3,0
65 lines of code for unit index.tsx.AddPointStep(),HIGH,RAW,2026-06-04,30,index.tsx.AddPointStep(),src/Components/HomePage/Body/Left/Voorbereiding/ViewPlan/Steps/AddPointStep/index.tsx#L14:88,TypeScript,65,8,0
65 lines of code for unit verifyRegioFlightPlanCases.ts,HIGH,RAW,2026-07-04,0,verifyRegioFlightPlanCases.ts,backend/scripts/verifyRegioFlightPlanCases.ts#L1:15,TypeScript,65,1,0
63 lines of code for unit index.tsx.ViewPlan(any),HIGH,RAW,2026-06-04,30,index.tsx.ViewPlan(any),src/Components/HomePage/Body/Left/Voorbereiding/ViewPlan/index.tsx#L24:69,TypeScript,63,16,1
62 lines of code for unit handleSubmit(),HIGH,RAW,2026-06-04,30,handleSubmit(),src/Components/HomePage/Body/Left/Voorbereiding/FlightPlan/Steps/Step3/Buttons.tsx#L57:121,TypeScript,62,7,0
61 lines of code for unit Section4.tsx.Section4(any),HIGH,RAW,2026-06-04,30,Section4.tsx.Section4(any),src/Components/HomePage/Body/Left/Common/KaartLegend/LayersList/Overig/Section4.tsx#L8:79,TypeScript,61,1,1
61 lines of code for unit GeometriesList.tsx.GeometriesList(any),HIGH,RAW,2026-06-04,30,GeometriesList.tsx.GeometriesList(any),src/Components/HomePage/Body/Left/Voorbereiding/FlightPlan/Common/GeometriesList.tsx#L103:152,TypeScript,61,13,1
60 lines of code for unit exportShp(),MEDIUM,RAW,2026-06-04,30,exportShp(),src/Components/HomePage/Body/Left/Common/SearchedResultsTab/Functions/GroupFunctions.tsx#L180:249,TypeScript,60,2,0
59 lines of code for unit dockerfile,MEDIUM,RAW,2026-06-04,30,dockerfile,backend/dockerfile#L1:86,Docker,59,-,-
58 lines of code for unit arcgisTokenConfig.ts.resolveArcgisTokenConfig(ArcgisTokenConfig),MEDIUM,RAW,2026-06-30,4,arcgisTokenConfig.ts.resolveArcgisTokenConfig(ArcgisTokenConfig),backend/src/services/arcgisTokenConfig.ts#L7:71,TypeScript,58,12,1
58 lines of code for unit PointItemCheckBox.tsx.PointItemCheckBox(any),MEDIUM,RAW,2026-06-04,30,PointItemCheckBox.tsx.PointItemCheckBox(any),src/Components/HomePage/Body/Left/Common/PointItemCheckBox.tsx#L9:160,TypeScript,58,15,1
58 lines of code for unit handleSubmit(React.FormEvent),MEDIUM,RAW,2026-06-04,30,handleSubmit(React.FormEvent),src/Components/DashboardPage/EditUser/index.tsx#L40:108,TypeScript,58,14,1
"58 lines of code for unit updateGeometry.ts.updateGeometry(Request,Response)",MEDIUM,RAW,2026-06-04,30,"updateGeometry.ts.updateGeometry(Request,Response)",backend/src/routes/geometries/updateGeometry.ts#L9:77,TypeScript,58,9,2
57 lines of code for unit exportCsv(),MEDIUM,RAW,2026-06-04,30,exportCsv(),src/Components/HomePage/Body/Bottom/ClickedTableFunctions/PointsList.tsx#L97:163,TypeScript,57,7,0
57 lines of code for unit queryKeys.ts,MEDIUM,RAW,2026-06-04,30,queryKeys.ts,src/lib/queryKeys.ts#L1:63,TypeScript,57,1,0
57 lines of code for unit index.tsx.Step2(any),MEDIUM,RAW,2026-06-04,30,index.tsx.Step2(any),src/Components/HomePage/Body/Left/Voorbereiding/ViewPlan/Steps/Step2/index.tsx#L18:95,TypeScript,57,12,1
"57 lines of code for unit attachments.ts.safeFetchPointAttachments(string,FinishedPointType)",MEDIUM,RAW,2026-06-04,30,"attachments.ts.safeFetchPointAttachments(string,FinishedPointType)",src/Components/HomePage/Body/Left/Nabewerking/CreateReport/helpers/useHandleStep2/attachments.ts#L51:121,TypeScript,57,11,2
57 lines of code for unit buildFlightPlanQuery.ts.buildFlightPlanQuery(BuildFlightPlanQueryOptions),MEDIUM,RAW,2026-06-30,4,buildFlightPlanQuery.ts.buildFlightPlanQuery(BuildFlightPlanQueryOptions),backend/src/helpers/queries/flight-plans/buildFlightPlanQuery.ts#L26:89,TypeScript,57,9,1
56 lines of code for unit setupClickListener.ts.setupClickListener(SetupClickListenerInput),MEDIUM,RAW,2026-07-04,0,setupClickListener.ts.setupClickListener(SetupClickListenerInput),src/hooks/popUpModal/setupClickListener.ts#L15:81,TypeScript,56,11,1
56 lines of code for unit verify-regio-apis.ts.testResolveRegioFilter(),MEDIUM,RAW,2026-06-10,24,verify-regio-apis.ts.testResolveRegioFilter(),backend/scripts/verify-regio-apis.ts#L56:114,TypeScript,56,5,0
56 lines of code for unit useMapGraphics.ts.useMapGraphics(UseMapGraphicsParams),MEDIUM,RAW,2026-06-04,30,useMapGraphics.ts.useMapGraphics(UseMapGraphicsParams),src/Components/HomePage/Body/Bottom/PointsView/common/hooks/useMapGraphics.ts#L26:101,TypeScript,56,12,1
54 lines of code for unit exportFlightPath(),MEDIUM,RAW,2026-06-04,30,exportFlightPath(),src/Components/HomePage/Body/Left/Nabewerking/VluchtenZoeken/Steps/Step2/Actions/VliegrouteExporteren/index.tsx#L37:100,TypeScript,54,6,0
54 lines of code for unit getKeycloakAdminToken.ts.getKeycloakAdminToken(any),MEDIUM,RAW,2026-06-04,30,getKeycloakAdminToken.ts.getKeycloakAdminToken(any),backend/src/services/getKeycloakAdminToken.ts#L6:67,TypeScript,54,10,1
54 lines of code for unit uploadAttachment(),MEDIUM,RAW,2026-06-06,28,uploadAttachment(),src/Components/HomePage/Body/Left/Nabewerking/VluchtenZoeken/Steps/Step2/Actions/Waarnemingen/common/Foto/CreateImageBtn.tsx#L57:120,TypeScript,54,6,0
54 lines of code for unit index.tsx.MapViewComp(any),MEDIUM,RAW,2026-06-04,30,index.tsx.MapViewComp(any),src/Components/HomePage/Body/MapViewComp/index.tsx#L22:58,TypeScript,54,6,1
53 lines of code for unit exportXlsx(),MEDIUM,RAW,2026-06-04,30,exportXlsx(),src/Components/HomePage/Body/Bottom/ClickedTableFunctions/PointsList.tsx#L165:227,TypeScript,53,7,0
53 lines of code for unit useRenderGeometries.ts.useRenderGeometries(),MEDIUM,RAW,2026-06-04,30,useRenderGeometries.ts.useRenderGeometries(),src/hooks/features/useRenderGeometries.ts#L25:84,TypeScript,53,12,0
"53 lines of code for unit loginDirectHandler.ts.RequestHandler(any,any)",MEDIUM,RAW,2026-06-04,30,"loginDirectHandler.ts.RequestHandler(any,any)",backend/src/routes/auth/authKeycloak/loginDirectHandler.ts#L6:75,TypeScript,53,8,2
53 lines of code for unit PointsList.tsx.PointsList(any),MEDIUM,RAW,2026-06-04,30,PointsList.tsx.PointsList(any),src/Components/HomePage/Body/Left/Voorbereiding/TemplateFlight/PointsList.tsx#L12:33,TypeScript,53,16,1
52 lines of code for unit arcgisTokenFetch.ts.fetchArcgisAdminTokenOnce(ResolvedArcgisTokenConfig),MEDIUM,RAW,2026-07-04,0,arcgisTokenFetch.ts.fetchArcgisAdminTokenOnce(ResolvedArcgisTokenConfig),backend/src/services/arcgisTokenFetch.ts#L85:143,TypeScript,52,8,1
52 lines of code for unit index.tsx.TimesliderItemDetailPage(),MEDIUM,RAW,2026-06-04,30,index.tsx.TimesliderItemDetailPage(),src/Components/TimesliderItemDetailPage/index.tsx#L16:155,TypeScript,52,23,0
"52 lines of code for unit createPointFromImport.ts.createPointFromImport(Request,Response)",MEDIUM,RAW,2026-06-04,30,"createPointFromImport.ts.createPointFromImport(Request,Response)",backend/src/routes/points/createPointFromImport.ts#L12:70,TypeScript,52,7,2
"51 lines of code for unit deleteGeometry.ts.deleteGeometry(Request,Response)",MEDIUM,RAW,2026-06-04,30,"deleteGeometry.ts.deleteGeometry(Request,Response)",backend/src/routes/geometries/deleteGeometry.ts#L10:71,TypeScript,51,8,2
51 lines of code for unit ArcGISUserToken.ts,MEDIUM,RAW,2026-06-04,30,ArcGISUserToken.ts,src/helpers/tokens/ArcGISUserToken.ts#L1:70,TypeScript,51,4,0
51 lines of code for unit handleSubmit(),MEDIUM,RAW,2026-07-04,0,handleSubmit(),src/Components/HomePage/Body/Left/Nabewerking/VluchtenZoeken/Steps/Step2/Actions/Waarnemingen/EditPointDetails/Actions/EditPointCoordinates/useEditPointCoordinates.ts#L182:239,TypeScript,51,8,0
51 lines of code for unit FormElements.tsx.FormElements(),MEDIUM,RAW,2026-06-04,30,FormElements.tsx.FormElements(),src/Components/HomePage/Body/Left/Nabewerking/VluchtenZoeken/Steps/Step2/Actions/EditFlight/FormElements.tsx#L12:157,TypeScript,51,1,0
50 lines of code for unit timesliderPlanImages.ts.fetchTimesliderPlanImages(FetchTimesliderPlanImagesInput),MEDIUM,RAW,2026-07-01,3,timesliderPlanImages.ts.fetchTimesliderPlanImages(FetchTimesliderPlanImagesInput),backend/src/helpers/queries/timeslider/timesliderPlanImages.ts#L92:150,TypeScript,50,5,1
50 lines of code for unit initPolygonDrawer(),MEDIUM,RAW,2026-06-04,30,initPolygonDrawer(),src/Components/HomePage/Body/Left/Voorbereiding/SelectedPoint/AddToPlan/index.tsx#L115:179,TypeScript,50,10,0
"50 lines of code for unit handleSubmit(number[],number[])",MEDIUM,RAW,2026-06-04,30,"handleSubmit(number[],number[])",src/Components/HomePage/Body/Left/Voorbereiding/FlightPlan/Steps/Step1/TemplateFlights/index.tsx#L68:125,TypeScript,50,7,2
"50 lines of code for unit selectedPlansPointsList.ts.drawGeometryHoverSkyBlue(__esri.GraphicsLayer,FinishedGeometryType)",MEDIUM,RAW,2026-06-04,30,"selectedPlansPointsList.ts.drawGeometryHoverSkyBlue(__esri.GraphicsLayer,FinishedGeometryType)",src/helpers/timeslider/selectedPlansPointsList.ts#L163:223,TypeScript,50,8,2
50 lines of code for unit exportCsv(),MEDIUM,RAW,2026-06-04,30,exportCsv(),src/Components/HomePage/Body/Left/Common/SearchedResultsTab/Functions/GroupFunctions.tsx#L45:99,TypeScript,50,7,0
49 lines of code for unit handleCopyLink(),MEDIUM,RAW,2026-06-04,30,handleCopyLink(),src/Components/HomePage/Body/Left/Nabewerking/CreateReport/Steps/Step3/hooks/useCopyLink.ts#L16:73,TypeScript,49,10,0
49 lines of code for unit Form.tsx.Form(),MEDIUM,RAW,2026-06-04,30,Form.tsx.Form(),src/Components/HomePage/Body/Left/Voorbereiding/ViewPlan/Steps/DuplicateFlightPlan/Step2/Form.tsx#L11:143,TypeScript,49,3,0
48 lines of code for unit Pages.tsx.Pages(),MEDIUM,RAW,2026-06-04,30,Pages.tsx.Pages(),src/Components/HomePage/Head/Common/Pages.tsx#L17:88,TypeScript,48,10,0
48 lines of code for unit FlightPlansListCheckbox.tsx.FlightPlansListCheckbox(),MEDIUM,RAW,2026-06-04,30,FlightPlansListCheckbox.tsx.FlightPlansListCheckbox(),src/Components/HomePage/Body/Left/TimeSlider/FlightPlansListCheckbox.tsx#L17:149,TypeScript,48,10,0
"48 lines of code for unit updateGeometryPoints.ts.updateGeometryOwnedPoints(PoolClient,number,PointPayload[])",MEDIUM,RAW,2026-07-04,0,"updateGeometryPoints.ts.updateGeometryOwnedPoints(PoolClient,number,PointPayload[])",backend/src/helpers/queries/geometries/updateGeometryPoints.ts#L6:63,TypeScript,48,6,3
"48 lines of code for unit filterPoints(boolean,void)",MEDIUM,RAW,2026-06-04,30,"filterPoints(boolean,void)",src/hooks/filters/useFilterPoints.ts#L11:65,TypeScript,48,20,2
48 lines of code for unit buildFinishedPlanQuery.ts.buildFinishedPlansWithPointsQuery(BuildFinishedPlansQueryOptions),MEDIUM,RAW,2026-06-30,4,buildFinishedPlanQuery.ts.buildFinishedPlansWithPointsQuery(BuildFinishedPlansQueryOptions),backend/src/helpers/queries/finished-plans/buildFinishedPlanQuery.ts#L27:84,TypeScript,48,4,1
"48 lines of code for unit uploadAttachmentForPoint(number,any)",MEDIUM,RAW,2026-06-06,28,"uploadAttachmentForPoint(number,any)",src/Components/HomePage/Body/Left/Nabewerking/VluchtenZoeken/Steps/Step2/Actions/Waarnemingen/common/Foto/useUploadAttachmentForPoint.ts#L12:81,TypeScript,48,5,2
47 lines of code for unit handleUpdate(),MEDIUM,RAW,2026-06-04,30,handleUpdate(),src/Components/HomePage/Body/Left/Nabewerking/VluchtenZoeken/Steps/Step2/Actions/Waarnemingen/EditPointDetails/Actions/Form/index.tsx#L43:97,TypeScript,47,4,0
"47 lines of code for unit useLegendLayers.ts.useLegendLayers(LegendLayerDefinition[],UseLegendLayersOptions)",MEDIUM,RAW,2026-06-10,24,"useLegendLayers.ts.useLegendLayers(LegendLayerDefinition[],UseLegendLayersOptions)",src/Components/HomePage/Body/Left/Common/KaartLegend/LayersList/helpers/useLegendLayers.ts#L37:96,TypeScript,47,6,2
47 lines of code for unit handleSubmit(),MEDIUM,RAW,2026-06-04,30,handleSubmit(),src/Components/HomePage/Body/Left/Nabewerking/VluchtenZoeken/Steps/Step2/Actions/EditFlight/Buttons.tsx#L32:81,TypeScript,47,2,0
47 lines of code for unit index.tsx.Step2(any),MEDIUM,RAW,2026-06-04,30,index.tsx.Step2(any),src/Components/HomePage/Body/Left/Voorbereiding/TemplateFlight/Steps/Step2/index.tsx#L11:97,TypeScript,47,4,1
47 lines of code for unit index.tsx.Step3(any),MEDIUM,RAW,2026-06-04,30,index.tsx.Step3(any),src/Components/HomePage/Body/Left/Voorbereiding/TemplateFlight/Steps/Step3/index.tsx#L11:99,TypeScript,47,4,1
"46 lines of code for unit loginUser.ts.loginUser(Request,Response)",MEDIUM,RAW,2026-06-04,30,"loginUser.ts.loginUser(Request,Response)",backend/src/routes/auth/loginUser.ts#L15:67,TypeScript,46,7,2
46 lines of code for unit Data.tsx.Data(any),MEDIUM,RAW,2026-06-04,30,Data.tsx.Data(any),src/Components/HomePage/Body/Bottom/PointsView/FlightPlansTable/Data.tsx#L7:78,TypeScript,46,7,1
"46 lines of code for unit deleteArcgisAttachment.ts.deleteArcgisPointAttachment(string,number|null)",MEDIUM,RAW,2026-06-04,30,"deleteArcgisAttachment.ts.deleteArcgisPointAttachment(string,number|null)",src/helpers/arcgis/deleteArcgisAttachment.ts#L68:122,TypeScript,46,12,2
"46 lines of code for unit getSingleGeometry.ts.getSingleGeometry(Request,Response)",MEDIUM,RAW,2026-06-04,30,"getSingleGeometry.ts.getSingleGeometry(Request,Response)",backend/src/routes/geometries/getSingleGeometry.ts#L4:60,TypeScript,46,5,2
46 lines of code for unit handleSubmit(React.FormEvent),MEDIUM,RAW,2026-06-04,30,handleSubmit(React.FormEvent),src/Components/DashboardPage/AddUser/index.tsx#L30:85,TypeScript,46,8,1
46 lines of code for unit BasemapsList.tsx.BasemapsList(any),MEDIUM,RAW,2026-06-04,30,BasemapsList.tsx.BasemapsList(any),src/Components/HomePage/Body/Left/Common/KaartLegend/BasemapsList.tsx#L12:53,TypeScript,46,3,1
46 lines of code for unit swagger.ts,MEDIUM,RAW,2026-06-04,30,swagger.ts,backend/src/routes/swagger.ts#L1:52,TypeScript,46,2,0
46 lines of code for unit server.ts,MEDIUM,RAW,2026-06-04,30,server.ts,backend/src/server.ts#L1:59,TypeScript,46,7,0
46 lines of code for unit index.tsx.EditGeometry(),MEDIUM,RAW,2026-06-04,30,index.tsx.EditGeometry(),src/Components/HomePage/Body/Left/Tools/EditGeometry/index.tsx#L18:63,TypeScript,46,8,0
45 lines of code for unit index.ts,MEDIUM,RAW,2026-06-04,30,index.ts,backend/src/routes/arcgis/index.ts#L1:60,TypeScript,45,9,0
45 lines of code for unit Step1.tsx.Step1(any),MEDIUM,RAW,2026-06-10,24,Step1.tsx.Step1(any),src/Components/HomePage/Body/Left/Voorbereiding/SelectedPoint/AddToPlan/Step1.tsx#L6:63,TypeScript,45,3,1
45 lines of code for unit createPin.ts.createPin(CreatePinInput),MEDIUM,RAW,2026-07-04,0,createPin.ts.createPin(CreatePinInput),src/helpers/ArcGISHelpers/createPin.ts#L14:65,TypeScript,45,3,1
45 lines of code for unit buildGeometryPointsFromDrawn.ts.buildGeometryPointsFromDrawn(any),MEDIUM,RAW,2026-07-04,0,buildGeometryPointsFromDrawn.ts.buildGeometryPointsFromDrawn(any),src/Components/HomePage/Body/Left/Voorbereiding/DrawingTool/helpers/buildGeometryPointsFromDrawn.ts#L50:109,TypeScript,45,4,1
"45 lines of code for unit getFlightPlansByPoint.ts.getFlightPlansByPoint(Request,Response)",MEDIUM,RAW,2026-06-04,30,"getFlightPlansByPoint.ts.getFlightPlansByPoint(Request,Response)",backend/src/routes/points/getFlightPlansByPoint.ts#L4:55,TypeScript,45,4,2
"45 lines of code for unit createTemplateFlightPlan.ts.createTemplateFlightPlan(Request,Response)",MEDIUM,RAW,2026-06-04,30,"createTemplateFlightPlan.ts.createTemplateFlightPlan(Request,Response)",backend/src/routes/template_plans/createTemplateFlightPlan.ts#L10:62,TypeScript,45,5,2
45 lines of code for unit useDebouncedRedPointFromInputs.ts.useDebouncedRedPointFromInputs(any),MEDIUM,RAW,2026-06-04,30,useDebouncedRedPointFromInputs.ts.useDebouncedRedPointFromInputs(any),src/Components/HomePage/Body/Left/Tools/EditGeometry/EditForm/EditGeometryPointPanel/useDebouncedRedPointFromInputs.ts#L12:69,TypeScript,45,11,1
44 lines of code for unit LegendSection.tsx.LegendSection(LegendSectionProps),MEDIUM,RAW,2026-06-10,24,LegendSection.tsx.LegendSection(LegendSectionProps),src/Components/HomePage/Body/Left/Common/KaartLegend/LayersList/Common/LegendSection.tsx#L48:132,TypeScript,44,22,1
44 lines of code for unit index.tsx.FeatureLayerPopup(),MEDIUM,RAW,2026-06-04,30,index.tsx.FeatureLayerPopup(),src/Components/HomePage/Body/Common/FeatureLayerPopup/index.tsx#L6:108,TypeScript,44,18,0
44 lines of code for unit SelectedTab.tsx.SelectedTab(),MEDIUM,RAW,2026-06-04,30,SelectedTab.tsx.SelectedTab(),src/Components/HomePage/Body/Left/Common/BottomTabs/SelectedTab.tsx#L14:67,TypeScript,44,3,0
44 lines of code for unit useViewPlanState.ts,MEDIUM,RAW,2026-06-06,28,useViewPlanState.ts,src/hooks/zustand/voorbereiding/useViewPlanState.ts#L1:102,TypeScript,44,4,0
"44 lines of code for unit createPointGraphic.ts.createPointGraphic(PointData,CreatePointGraphicOptions)",MEDIUM,RAW,2026-06-04,30,"createPointGraphic.ts.createPointGraphic(PointData,CreatePointGraphicOptions)",src/helpers/ArcGISHelpers/createPointGraphic.ts#L90:147,TypeScript,44,12,2
44 lines of code for unit index.tsx.RemoveFlightPlan(),MEDIUM,RAW,2026-06-04,30,index.tsx.RemoveFlightPlan(),src/Components/HomePage/Body/Left/Voorbereiding/RemoveFlightPlan/index.tsx#L17:39,TypeScript,44,7,0
44 lines of code for unit buildPathFeatureLayer.ts.buildPathFeatureLayer(any),MEDIUM,RAW,2026-07-04,0,buildPathFeatureLayer.ts.buildPathFeatureLayer(any),src/hooks/hover-click-handlers/buildPathFeatureLayer.ts#L8:55,TypeScript,44,1,1
43 lines of code for unit useMapInitialization.ts.useMapInitialization(RefObject<HTMLDivElement>),MEDIUM,RAW,2026-06-04,30,useMapInitialization.ts.useMapInitialization(RefObject<HTMLDivElement>),src/hooks/useMapInitialization.ts#L7:53,TypeScript,43,3,1
43 lines of code for unit mapViewState.ts,MEDIUM,RAW,2026-06-04,30,mapViewState.ts,src/helpers/ZustandStates/mapViewState.ts#L1:114,TypeScript,43,1,0
43 lines of code for unit CoordinatesInput.tsx.CoordinatesInput(),MEDIUM,RAW,2026-06-04,30,CoordinatesInput.tsx.CoordinatesInput(),src/Components/HomePage/Body/Left/Voorbereiding/EnrichedAddPoint/Steps/Step2/CoordinatesInput.tsx#L6:123,TypeScript,43,1,0
42 lines of code for unit postProxyHelpers.ts.forwardArcgisPostRequest(Request),MEDIUM,RAW,2026-07-04,0,postProxyHelpers.ts.forwardArcgisPostRequest(Request),backend/src/routes/arcgis/postProxyHelpers.ts#L77:122,TypeScript,42,9,1
42 lines of code for unit regionCoordintaes.ts,MEDIUM,RAW,2026-06-04,30,regionCoordintaes.ts,src/constants/regionCoordintaes.ts#L1:42,TypeScript,42,1,0
"42 lines of code for unit navigateToLocation.ts.navigateToLocation(string|null|undefined,MapView|null|undefined,GraphicsLayer|null|undefined)",MEDIUM,RAW,2026-06-06,28,"navigateToLocation.ts.navigateToLocation(string|null|undefined,MapView|null|undefined,GraphicsLayer|null|undefined)",src/Components/HomePage/Body/Left/Nabewerking/VluchtenZoeken/Steps/Step2/Actions/Waarnemingen/common/Foto/navigateToLocation.ts#L7:60,TypeScript,42,7,3
42 lines of code for unit handleSubmit(any),MEDIUM,RAW,2026-06-04,30,handleSubmit(any),src/Components/HomePage/Body/Left/Voorbereiding/SelectedPoint/EditPointDetails/Steps/Step1.tsx#L48:93,TypeScript,42,2,1
"42 lines of code for unit deletePoint.ts.deletePoint(Request,Response)",MEDIUM,RAW,2026-06-04,30,"deletePoint.ts.deletePoint(Request,Response)",backend/src/routes/points/deletePoint.ts#L10:59,TypeScript,42,6,2
42 lines of code for unit useFlightPlanState.ts,MEDIUM,RAW,2026-06-06,28,useFlightPlanState.ts,src/hooks/zustand/voorbereiding/useFlightPlanState.ts#L1:104,TypeScript,42,1,0
42 lines of code for unit processImportedRows(string[]),MEDIUM,RAW,2026-07-04,0,processImportedRows(string[]),src/Components/HomePage/Body/Left/Voorbereiding/FlightPlan/Steps/Step1/ImportVluchtPlan.tsx#L53:99,TypeScript,42,10,1
41 lines of code for unit exportXlsx(),MEDIUM,RAW,2026-06-04,30,exportXlsx(),src/Components/HomePage/Body/Left/Common/SearchedResultsTab/Functions/GroupFunctions.tsx#L101:148,TypeScript,41,3,0
41 lines of code for unit index.tsx.EditForm(any),MEDIUM,RAW,2026-06-04,30,index.tsx.EditForm(any),src/Components/HomePage/Body/Left/Tools/EditGeometry/EditForm/index.tsx#L25:82,TypeScript,41,3,1
41 lines of code for unit handleSubmit(React.FormEvent),MEDIUM,RAW,2026-06-04,30,handleSubmit(React.FormEvent),src/Components/DashboardPage/ResetPassword/index.tsx#L20:70,TypeScript,41,7,1
41 lines of code for unit db.ts.applyAgentReport(ApplyAgentReportInput),MEDIUM,RAW,2026-07-01,3,db.ts.applyAgentReport(ApplyAgentReportInput),backend/src/routes/devices-updates/db.ts#L218:264,TypeScript,41,10,1
"41 lines of code for unit updateFinishedPointAttachments.ts.updateFinishedPointAttachments(Request,Response)",MEDIUM,RAW,2026-06-04,30,"updateFinishedPointAttachments.ts.updateFinishedPointAttachments(Request,Response)",backend/src/routes/finished_plans/updateFinishedPointAttachments.ts#L13:62,TypeScript,41,6,2
40 lines of code for unit index.tsx.Waarnemingen(any),MEDIUM,RAW,2026-06-04,30,index.tsx.Waarnemingen(any),src/Components/HomePage/Body/Left/Nabewerking/VluchtenZoeken/Steps/Step2/Actions/Waarnemingen/index.tsx#L14:129,TypeScript,40,4,1
40 lines of code for unit index.tsx.TabHeader(),MEDIUM,RAW,2026-06-04,30,index.tsx.TabHeader(),src/Components/HomePage/Body/Left/Common/TabHeader/index.tsx#L9:27,TypeScript,40,1,0
40 lines of code for unit calculateCenterAndZoom.ts.calculateCenterAndZoom(Array<{ latitude: number; longitude: number }>),MEDIUM,RAW,2026-06-04,30,calculateCenterAndZoom.ts.calculateCenterAndZoom(Array<{ latitude: number; longitude: number }>),src/helpers/ArcGISHelpers/calculateCenterAndZoom.ts#L94:145,TypeScript,40,5,1
"40 lines of code for unit createFinishedPlan.ts.createFinishedPlan(Request,Response)",MEDIUM,RAW,2026-06-04,30,"createFinishedPlan.ts.createFinishedPlan(Request,Response)",backend/src/routes/finished_plans/createFinishedPlan.ts#L29:73,TypeScript,40,5,2
40 lines of code for unit Buttons.tsx.handleDelete(),MEDIUM,RAW,2026-06-04,30,Buttons.tsx.handleDelete(),src/Components/HomePage/Body/Left/Tools/AandachtspuntenVerwijderen/Actions/Main/Buttons.tsx#L26:77,TypeScript,40,6,0
40 lines of code for unit useCreateReportState.ts,MEDIUM,RAW,2026-06-04,30,useCreateReportState.ts,src/hooks/zustand/nabewerking/useCreateReportState.ts#L1:87,TypeScript,40,1,0
40 lines of code for unit exportShp(),MEDIUM,RAW,2026-06-04,30,exportShp(),src/Components/HomePage/Body/Left/Common/SearchedResultsTab/Functions/ListPointsFunctions/index.tsx#L120:169,TypeScript,40,3,0
40 lines of code for unit exportExcel(FlightPlanType),MEDIUM,RAW,2026-06-04,30,exportExcel(FlightPlanType),src/Components/HomePage/Body/Left/Voorbereiding/ViewPlan/Steps/Step1/SinglePlan.tsx#L30:32,TypeScript,40,17,1
40 lines of code for unit updateFinishedPointAttachmentsTx.ts,MEDIUM,RAW,2026-07-04,0,updateFinishedPointAttachmentsTx.ts,backend/src/helpers/queries/finished-plans/updateFinishedPointAttachmentsTx.ts#L1:59,TypeScript,40,4,0
40 lines of code for unit deleteImage(number),MEDIUM,RAW,2026-06-06,28,deleteImage(number),src/Components/HomePage/Body/Left/Nabewerking/VluchtenZoeken/Steps/Step2/Actions/Waarnemingen/common/Foto/FotoPanel.tsx#L69:113,TypeScript,40,9,1
39 lines of code for unit handleSubmit(),MEDIUM,RAW,2026-06-04,30,handleSubmit(),src/Components/HomePage/Body/Left/Voorbereiding/ViewPlan/Steps/AddPointStep/Steps/Step3/Buttons.tsx#L48:97,TypeScript,39,5,0
39 lines of code for unit FormInputs.tsx.FormInputs(),MEDIUM,RAW,2026-06-04,30,FormInputs.tsx.FormInputs(),src/Components/HomePage/Body/Left/Voorbereiding/ReuseFlightPlan/Steps/Step2/FormInputs.tsx#L10:115,TypeScript,39,1,0
39 lines of code for unit handleSubmit(),MEDIUM,RAW,2026-06-04,30,handleSubmit(),src/Components/HomePage/Body/Left/Voorbereiding/TemplateFlight/Steps/Step3/Buttons.tsx#L54:94,TypeScript,39,5,0
39 lines of code for unit createPlanBoundingBoxGraphic.ts,MEDIUM,RAW,2026-06-06,28,createPlanBoundingBoxGraphic.ts,src/helpers/ArcGISHelpers/createPlanBoundingBoxGraphic.ts#L1:67,TypeScript,39,1,0
"39 lines of code for unit selectedPlansPointsList.ts.drawHoverPin(__esri.GraphicsLayer,number,number,number)",MEDIUM,RAW,2026-06-04,30,"selectedPlansPointsList.ts.drawHoverPin(__esri.GraphicsLayer,number,number,number)",src/helpers/timeslider/selectedPlansPointsList.ts#L115:161,TypeScript,39,1,4
39 lines of code for unit handleSubmit(),MEDIUM,RAW,2026-06-04,30,handleSubmit(),src/Components/HomePage/Body/Left/Voorbereiding/DrawingTool/Step2/Buttons.tsx#L40:83,TypeScript,39,5,0
"39 lines of code for unit handleEditSave(GeometryEditDraft,GeometryPointRow[])",MEDIUM,RAW,2026-06-04,30,"handleEditSave(GeometryEditDraft,GeometryPointRow[])",src/Components/HomePage/Body/Left/Tools/EditGeometry/index.tsx#L109:155,TypeScript,39,11,2
38 lines of code for unit submitStep2(),MEDIUM,RAW,2026-06-10,24,submitStep2(),src/Components/HomePage/Body/Left/Voorbereiding/ViewPlan/Steps/Step2/Buttons.tsx#L52:93,TypeScript,38,4,0
38 lines of code for unit useMapClickToUpdateCoordinates.ts.useMapClickToUpdateCoordinates(any),MEDIUM,RAW,2026-06-04,30,useMapClickToUpdateCoordinates.ts.useMapClickToUpdateCoordinates(any),src/Components/HomePage/Body/Left/Tools/EditGeometry/EditForm/EditGeometryPointPanel/useMapClickToUpdateCoordinates.ts#L8:57,TypeScript,38,7,1
38 lines of code for unit exportMap(),MEDIUM,RAW,2026-06-04,30,exportMap(),src/Components/HomePage/Body/Left/Tools/Exporter/index.tsx#L30:76,TypeScript,38,6,0
"38 lines of code for unit getGeometries.ts.getGeometries(Request,Response)",MEDIUM,RAW,2026-06-04,30,"getGeometries.ts.getGeometries(Request,Response)",backend/src/routes/geometries/getGeometries.ts#L6:52,TypeScript,38,6,2
38 lines of code for unit spoedReportHtml.ts,MEDIUM,RAW,2026-06-29,5,spoedReportHtml.ts,backend/src/routes/emails/spoedReportHtml.ts#L1:30,TypeScript,38,1,0
38 lines of code for unit handleDirectDownload(),MEDIUM,RAW,2026-06-04,30,handleDirectDownload(),src/Components/HomePage/Body/Left/Nabewerking/CreateReport/Steps/Step3/hooks/useDirectDownload.ts#L14:54,TypeScript,38,6,0
38 lines of code for unit ImageGallery.tsx.ImageGallery(any),MEDIUM,RAW,2026-06-04,30,ImageGallery.tsx.ImageGallery(any),src/Components/HomePage/Body/Common/ImageGallery.tsx#L99:133,TypeScript,38,7,1
38 lines of code for unit useEditGeometryVerticesOnMap.ts.useEditGeometryVerticesOnMap(any),MEDIUM,RAW,2026-06-04,30,useEditGeometryVerticesOnMap.ts.useEditGeometryVerticesOnMap(any),src/hooks/hover-click-handlers/useEditGeometryVerticesOnMap.ts#L39:94,TypeScript,38,8,1
37 lines of code for unit useRenderPoints.ts.useRenderPoints(),MEDIUM,RAW,2026-06-04,30,useRenderPoints.ts.useRenderPoints(),src/hooks/features/useRenderPoints.ts#L15:56,TypeScript,37,11,0
37 lines of code for unit createQuadrantGraphic.ts.createQuadrantGraphic(EnrichedPointType[]),MEDIUM,RAW,2026-06-04,30,createQuadrantGraphic.ts.createQuadrantGraphic(EnrichedPointType[]),src/Components/HomePage/Body/Left/Voorbereiding/ViewPlan/helpers/createQuadrantGraphic.ts#L6:52,TypeScript,37,5,1
37 lines of code for unit oidc.ts.getOidcClientFor(any),MEDIUM,RAW,2026-06-04,30,oidc.ts.getOidcClientFor(any),backend/src/routes/auth/oidc.ts#L44:91,TypeScript,37,9,1
37 lines of code for unit index.tsx.AddToPlan(),MEDIUM,RAW,2026-06-04,30,index.tsx.AddToPlan(),src/Components/HomePage/Body/Left/Voorbereiding/SelectedPoint/AddToPlan/index.tsx#L26:43,TypeScript,37,4,0
37 lines of code for unit handleSubmit(),MEDIUM,RAW,2026-06-04,30,handleSubmit(),src/Components/HomePage/Body/Left/Voorbereiding/ReuseFlightPlan/Steps/Step2/Buttons.tsx#L45:84,TypeScript,37,3,0
37 lines of code for unit handleEditClick(Geometry),MEDIUM,RAW,2026-06-04,30,handleEditClick(Geometry),src/Components/HomePage/Body/Left/Tools/EditGeometry/index.tsx#L64:102,TypeScript,37,7,1
"37 lines of code for unit pdfReportTables.ts.addDetailTable(jsPDF,PDFPointDataType)",MEDIUM,RAW,2026-07-04,0,"pdfReportTables.ts.addDetailTable(jsPDF,PDFPointDataType)",src/Components/HomePage/Body/Left/Nabewerking/CreateReport/helpers/pdfReportTables.ts#L79:115,TypeScript,37,6,2
37 lines of code for unit popUpState.ts,MEDIUM,RAW,2026-06-04,30,popUpState.ts,src/helpers/ZustandStates/popUpState.ts#L1:72,TypeScript,37,1,0
37 lines of code for unit useRenderPlanGeometries.ts.useRenderPlanGeometries(),MEDIUM,RAW,2026-06-04,30,useRenderPlanGeometries.ts.useRenderPlanGeometries(),src/Components/HomePage/Body/Left/Nabewerking/VluchtenZoeken/hooks/useRenderPlanGeometries.ts#L15:59,TypeScript,37,7,0
37 lines of code for unit useTimesliderPlansFetch.ts.useTimesliderPlansFetch(any),MEDIUM,RAW,2026-07-04,0,useTimesliderPlansFetch.ts.useTimesliderPlansFetch(any),src/Components/TimesliderItemDetailPage/useTimesliderPlansFetch.ts#L7:53,TypeScript,37,7,1
36 lines of code for unit Buttons.tsx.Step2Buttons(),MEDIUM,RAW,2026-06-04,30,Buttons.tsx.Step2Buttons(),src/Components/HomePage/Body/Left/Nabewerking/CreateReport/Steps/Step2/Buttons.tsx#L11:48,TypeScript,36,1,0
36 lines of code for unit verifyRegioFlightPlanCases.ts.runFlightPlanRegioCases(any),MEDIUM,RAW,2026-07-04,0,verifyRegioFlightPlanCases.ts.runFlightPlanRegioCases(any),backend/scripts/verifyRegioFlightPlanCases.ts#L163:215,TypeScript,36,5,1
36 lines of code for unit useGetFlightTimesDistance.ts.useGetFlightTimesDistance(any),MEDIUM,RAW,2026-06-04,30,useGetFlightTimesDistance.ts.useGetFlightTimesDistance(any),src/hooks/useGetFlightTimesDistance.ts#L5:84,TypeScript,36,11,1
36 lines of code for unit handleBuffer(),MEDIUM,RAW,2026-06-04,30,handleBuffer(),src/Components/HomePage/Body/Left/Common/ResultTab/PointListBuffer.tsx#L24:67,TypeScript,36,2,0
36 lines of code for unit Buttons.tsx.Buttons(any),MEDIUM,RAW,2026-06-04,30,Buttons.tsx.Buttons(any),src/Components/HomePage/Body/Left/Voorbereiding/FlightPlan/Steps/Step3/Buttons.tsx#L17:56,TypeScript,36,1,1
36 lines of code for unit usePathPointHandlerClick.ts.usePathPointHandlerClick(),MEDIUM,RAW,2026-06-04,30,usePathPointHandlerClick.ts.usePathPointHandlerClick(),src/hooks/hover-click-handlers/usePathPointHandlerClick.ts#L16:60,TypeScript,36,18,0
36 lines of code for unit handleClickTab(any),MEDIUM,RAW,2026-06-04,30,handleClickTab(any),src/Components/HomePage/Head/HeadButtonsTools.tsx#L30:73,TypeScript,36,7,1
36 lines of code for unit useNearestPointClick.ts.useNearestPointClick(UseNearestPointClickOptions),MEDIUM,RAW,2026-06-04,30,useNearestPointClick.ts.useNearestPointClick(UseNearestPointClickOptions),src/hooks/hover-click-handlers/useNearestPointClick.ts#L17:72,TypeScript,36,11,1
"36 lines of code for unit updateUser.ts.updateUser(Request,Response)",MEDIUM,RAW,2026-06-04,30,"updateUser.ts.updateUser(Request,Response)",backend/src/routes/users/updateUser.ts#L4:44,TypeScript,36,5,2
36 lines of code for unit index.tsx.EditPointDetails(),MEDIUM,RAW,2026-06-04,30,index.tsx.EditPointDetails(),src/Components/HomePage/Body/Left/Tools/AandachtspuntenVerwijderen/Actions/EditPointDetails/index.tsx#L11:62,TypeScript,36,2,0
"36 lines of code for unit resetPassword.ts.handleResetPassword(Request,Response)",MEDIUM,RAW,2026-06-04,30,"resetPassword.ts.handleResetPassword(Request,Response)",backend/src/routes/keycloak/management/users/resetPassword.ts#L7:50,TypeScript,36,7,2
"35 lines of code for unit db.ts.releaseStaleCommands(any,string)",MEDIUM,RAW,2026-06-05,29,"db.ts.releaseStaleCommands(any,string)",backend/src/routes/devices-updates/db.ts#L91:130,TypeScript,35,2,2
35 lines of code for unit updateUserRoles.ts.updateUserRoles(UpdateUserRolesInput),MEDIUM,RAW,2026-07-01,3,updateUserRoles.ts.updateUserRoles(UpdateUserRolesInput),backend/src/routes/keycloak/management/users/updateUserRoles.ts#L13:83,TypeScript,35,9,1
35 lines of code for unit PointsList.tsx.PointsList(any),MEDIUM,RAW,2026-06-04,30,PointsList.tsx.PointsList(any),src/Components/HomePage/Body/Left/Common/ResultTab/PointsList.tsx#L16:48,TypeScript,35,1,1
"35 lines of code for unit pdfReportTables.ts.addCoordinatesTable(jsPDF,PDFPointDataType)",MEDIUM,RAW,2026-07-04,0,"pdfReportTables.ts.addCoordinatesTable(jsPDF,PDFPointDataType)",src/Components/HomePage/Body/Left/Nabewerking/CreateReport/helpers/pdfReportTables.ts#L43:77,TypeScript,35,2,2
35 lines of code for unit SinglePlan.tsx.SinglePlan(any),MEDIUM,RAW,2026-06-04,30,SinglePlan.tsx.SinglePlan(any),src/Components/HomePage/Body/Left/Nabewerking/CreateReport/Steps/Step1/SinglePlan.tsx#L8:55,TypeScript,35,1,1
35 lines of code for unit ParentItem.tsx.ParentItem(any),MEDIUM,RAW,2026-06-04,30,ParentItem.tsx.ParentItem(any),src/Components/HomePage/Body/Left/Common/KaartLegend/LayersList/Common/ParentItem.tsx#L5:74,TypeScript,35,2,1
35 lines of code for unit selectFromSourceGraphics.ts.buildSubmitSelectedPointsResult(SubmitSelectedPointsInput),MEDIUM,RAW,2026-07-04,0,selectFromSourceGraphics.ts.buildSubmitSelectedPointsResult(SubmitSelectedPointsInput),src/Components/HomePage/Body/Left/Voorbereiding/ViewPlan/Steps/AddPointsFromPlan/SelectFromSource/helpers/selectFromSourceGraphics.ts#L125:165,TypeScript,35,2,1
"35 lines of code for unit attachments.ts.fetchAttachmentsForPoint(string,number)",MEDIUM,RAW,2026-06-04,30,"attachments.ts.fetchAttachmentsForPoint(string,number)",src/Components/HomePage/Body/Left/Nabewerking/CreateReport/helpers/useHandleStep2/attachments.ts#L8:49,TypeScript,35,5,2
35 lines of code for unit index.tsx.Points(any),MEDIUM,RAW,2026-06-04,30,index.tsx.Points(any),src/Components/HomePage/Body/Left/Common/SearchedResultsTab/Points/index.tsx#L26:227,TypeScript,35,7,1
"34 lines of code for unit templatePlanHelpers.ts.fetchTemplateFlightPlanList(Request,Response)",MEDIUM,RAW,2026-06-30,4,"templatePlanHelpers.ts.fetchTemplateFlightPlanList(Request,Response)",backend/src/helpers/queries/templates/templatePlanHelpers.ts#L22:63,TypeScript,34,3,2
34 lines of code for unit useFinishedPlansState.ts,MEDIUM,RAW,2026-06-04,30,useFinishedPlansState.ts,src/hooks/zustand/nabewerking/useFinishedPlansState.ts#L1:95,TypeScript,34,1,0
34 lines of code for unit featureLayerLabelGraphics.ts.queryLayerLabelGraphics(__esri.FeatureLayer),MEDIUM,RAW,2026-07-04,0,featureLayerLabelGraphics.ts.queryLayerLabelGraphics(__esri.FeatureLayer),src/hooks/hover-click-handlers/featureLayerLabelGraphics.ts#L5:46,TypeScript,34,6,1
"34 lines of code for unit createAttachment.ts.createAttachment(Request,Response)",MEDIUM,RAW,2026-06-04,30,"createAttachment.ts.createAttachment(Request,Response)",backend/src/routes/finished_plans/createAttachment.ts#L6:46,TypeScript,34,7,2
34 lines of code for unit index.tsx.Step2(),MEDIUM,RAW,2026-06-04,30,index.tsx.Step2(),src/Components/HomePage/Body/Left/Nabewerking/CreateReport/Steps/Step2/index.tsx#L13:59,TypeScript,34,5,0
34 lines of code for unit exportShp(),MEDIUM,RAW,2026-06-04,30,exportShp(),src/Components/HomePage/Body/Bottom/ClickedTableFunctions/PointsList.tsx#L229:269,TypeScript,34,3,0
"34 lines of code for unit loginHandler.ts.RequestHandler(any,any)",MEDIUM,RAW,2026-06-04,30,"loginHandler.ts.RequestHandler(any,any)",backend/src/routes/auth/authKeycloak/loginHandler.ts#L8:52,TypeScript,34,5,2
34 lines of code for unit graphicPosition(),MEDIUM,RAW,2026-06-04,30,graphicPosition(),src/Components/HomePage/Body/Left/Voorbereiding/EnrichedAddPoint/Steps/Step2/NextBtn.tsx#L32:76,TypeScript,34,7,0
34 lines of code for unit buildFinishedPlanQuery.ts.buildSingleFinishedFlightPlanQuery(),MEDIUM,RAW,2026-06-30,4,buildFinishedPlanQuery.ts.buildSingleFinishedFlightPlanQuery(),backend/src/helpers/queries/finished-plans/buildFinishedPlanQuery.ts#L186:220,TypeScript,34,1,0
34 lines of code for unit spoedReportPdf.ts.renderHtmlToPdfBuffer(string),MEDIUM,RAW,2026-06-29,5,spoedReportPdf.ts.renderHtmlToPdfBuffer(string),backend/src/routes/emails/spoedReportPdf.ts#L43:78,TypeScript,34,2,1
34 lines of code for unit uploadZip(),MEDIUM,RAW,2026-06-04,30,uploadZip(),src/Components/HomePage/Body/Left/Nabewerking/CreateReport/Steps/Step3/hooks/useUploadZip.ts#L21:61,TypeScript,34,11,0
"34 lines of code for unit createFlightPlan.ts.createFlightPlan(Request,Response)",MEDIUM,RAW,2026-06-04,30,"createFlightPlan.ts.createFlightPlan(Request,Response)",backend/src/routes/flightPlans/createFlightPlan.ts#L10:48,TypeScript,34,4,2
"34 lines of code for unit filterGeometries(boolean,void)",MEDIUM,RAW,2026-06-04,30,"filterGeometries(boolean,void)",src/hooks/filters/useFilterGeometries.ts#L10:58,TypeScript,34,13,2
34 lines of code for unit featureLayerPopupResolve.ts.resolveFeaturePopupData(any),MEDIUM,RAW,2026-07-04,0,featureLayerPopupResolve.ts.resolveFeaturePopupData(any),src/hooks/hover-click-handlers/featureLayerPopupResolve.ts#L23:64,TypeScript,34,7,1
33 lines of code for unit useChangePlanStatusState.ts,MEDIUM,RAW,2026-06-04,30,useChangePlanStatusState.ts,src/hooks/zustand/nabewerking/useChangePlanStatusState.ts#L1:71,TypeScript,33,1,0
33 lines of code for unit fetchFlightPlanList.ts.fetchFlightPlanList(FetchFlightPlanListInput),MEDIUM,RAW,2026-07-01,3,fetchFlightPlanList.ts.fetchFlightPlanList(FetchFlightPlanListInput),backend/src/helpers/queries/flight-plans/fetchFlightPlanList.ts#L26:65,TypeScript,33,7,1
33 lines of code for unit buildFinishedPlanQuery.ts.buildFinishedFlightPlansListQuery(unknown),MEDIUM,RAW,2026-06-30,4,buildFinishedPlanQuery.ts.buildFinishedFlightPlansListQuery(unknown),backend/src/helpers/queries/finished-plans/buildFinishedPlanQuery.ts#L146:184,TypeScript,33,1,1
33 lines of code for unit submitStep1(),MEDIUM,RAW,2026-06-04,30,submitStep1(),src/Components/HomePage/Body/Left/Voorbereiding/ViewPlan/Steps/Step1/Buttons.tsx#L38:72,TypeScript,33,4,0
33 lines of code for unit handleSelectAll(),MEDIUM,RAW,2026-06-04,30,handleSelectAll(),src/Components/HomePage/Body/Left/Voorbereiding/AddPointsVluchtPlan/Common/SelectButtons.tsx#L21:57,TypeScript,33,10,0
33 lines of code for unit usePlanDuplicateState.ts,MEDIUM,RAW,2026-06-04,30,usePlanDuplicateState.ts,src/Components/HomePage/Body/Left/Voorbereiding/ViewPlan/helpers/usePlanDuplicateState.ts#L1:75,TypeScript,33,4,0
33 lines of code for unit patchCoords(any),MEDIUM,RAW,2026-06-10,24,patchCoords(any),src/Components/HomePage/Body/Left/Voorbereiding/SelectedPoint/EditPointDetails/Steps/Step2/Step2Sub2.tsx#L42:76,TypeScript,33,11,1
33 lines of code for unit BuildTimesliderPlanImagesQueryOptions.buildTimesliderPlanImagesQuery(BuildTimesliderPlanImagesQueryOptions),MEDIUM,RAW,2026-06-30,4,BuildTimesliderPlanImagesQueryOptions.buildTimesliderPlanImagesQuery(BuildTimesliderPlanImagesQueryOptions),backend/src/helpers/queries/timeslider/timesliderPlanImages.ts#L22:58,TypeScript,33,3,1
33 lines of code for unit createNewPointEvent.ts.createNewPointEvent(CreateNewPointEventInput),MEDIUM,RAW,2026-07-04,0,createNewPointEvent.ts.createNewPointEvent(CreateNewPointEventInput),src/helpers/ArcGISHelpers/createNewPointEvent.ts#L14:54,TypeScript,33,4,1
33 lines of code for unit handleMapClick(__esri.ViewClickEvent),MEDIUM,RAW,2026-06-06,28,handleMapClick(__esri.ViewClickEvent),src/Components/HomePage/Body/Left/Nabewerking/VluchtenZoeken/Steps/Step2/Actions/Waarnemingen/common/Foto/useFotoMapClickHandler.ts#L16:52,TypeScript,33,7,1
33 lines of code for unit CurrentGeometriesList.tsx.CurrentGeometriesList(),MEDIUM,RAW,2026-06-04,30,CurrentGeometriesList.tsx.CurrentGeometriesList(),src/Components/HomePage/Body/Left/Voorbereiding/ReuseFlightPlan/Steps/Step2/CurrentGeometriesList.tsx#L10:36,TypeScript,33,6,0
32 lines of code for unit BasemapWidget.tsx.BasemapWidget(),MEDIUM,RAW,2026-06-04,30,BasemapWidget.tsx.BasemapWidget(),src/Components/HomePage/Body/MapViewComp/BasemapWidget.tsx#L6:24,TypeScript,32,7,0
32 lines of code for unit index.tsx.FiltersSection(),MEDIUM,RAW,2026-06-04,30,index.tsx.FiltersSection(),src/Components/HomePage/Body/Left/Common/FiltersSection/index.tsx#L15:50,TypeScript,32,3,0
"32 lines of code for unit parsePointImportFile.ts.applyImportColumn(PointImportRow,string,unknown,string)",MEDIUM,RAW,2026-07-04,0,"parsePointImportFile.ts.applyImportColumn(PointImportRow,string,unknown,string)",src/Components/HomePage/Body/Left/Voorbereiding/FlightPlan/helpers/parsePointImportFile.ts#L102:144,TypeScript,32,17,4
"32 lines of code for unit pdfReportTables.ts.addGeneralInfoTable(jsPDF,PDFPointDataType,any)",MEDIUM,RAW,2026-07-04,0,"pdfReportTables.ts.addGeneralInfoTable(jsPDF,PDFPointDataType,any)",src/Components/HomePage/Body/Left/Nabewerking/CreateReport/helpers/pdfReportTables.ts#L6:41,TypeScript,32,6,3
32 lines of code for unit SingleGeometry.tsx.SingleGeometry(any),MEDIUM,RAW,2026-06-04,30,SingleGeometry.tsx.SingleGeometry(any),src/Components/HomePage/Body/Left/Nabewerking/VluchtenZoeken/Steps/Step2/Actions/Waarnemingen/SingleGeometry.tsx#L8:82,TypeScript,32,5,1
32 lines of code for unit index.tsx.formatValue(any),MEDIUM,RAW,2026-06-04,30,index.tsx.formatValue(any),src/Components/HomePage/Body/Common/FeatureLayerPopup/index.tsx#L119:158,TypeScript,32,12,1
32 lines of code for unit PointsList.tsx.PointsList(any),MEDIUM,RAW,2026-06-04,30,PointsList.tsx.PointsList(any),src/Components/HomePage/Body/Left/Voorbereiding/AddPointsVluchtPlan/Common/PointsList.tsx#L11:24,TypeScript,32,7,1
32 lines of code for unit ReadOnlyVanTotRange.tsx.ReadOnlyVanTotRange(Props),MEDIUM,RAW,2026-06-04,30,ReadOnlyVanTotRange.tsx.ReadOnlyVanTotRange(Props),src/Components/TimesliderItemDetailPage/sections/ReadOnlyVanTotRange.tsx#L22:80,TypeScript,32,5,1
32 lines of code for unit index.tsx.Step1(),MEDIUM,RAW,2026-06-04,30,index.tsx.Step1(),src/Components/HomePage/Body/Left/Voorbereiding/DrawingTool/Step1/index.tsx#L17:42,TypeScript,32,2,0
32 lines of code for unit createSymbols.ts,MEDIUM,RAW,2026-06-04,30,createSymbols.ts,src/helpers/ArcGISHelpers/createSymbols.ts#L1:52,TypeScript,32,1,0
32 lines of code for unit arcgisTokenFetch.ts.fetchArcgisOAuthTokenOnce(ResolvedArcgisTokenConfig),MEDIUM,RAW,2026-07-04,0,arcgisTokenFetch.ts.fetchArcgisOAuthTokenOnce(ResolvedArcgisTokenConfig),backend/src/services/arcgisTokenFetch.ts#L46:83,TypeScript,32,5,1
"31 lines of code for unit updateSingleEmail.ts.editSingleEmail(Request,Response)",MEDIUM,RAW,2026-06-04,30,"updateSingleEmail.ts.editSingleEmail(Request,Response)",backend/src/routes/emails/updateSingleEmail.ts#L6:43,TypeScript,31,4,2
31 lines of code for unit FetchClientRoleNamesForUserInput.fetchClientRoleNamesForUser(FetchClientRoleNamesForUserInput),MEDIUM,RAW,2026-07-01,3,FetchClientRoleNamesForUserInput.fetchClientRoleNamesForUser(FetchClientRoleNamesForUserInput),backend/src/routes/keycloak/management/users/keycloakAdminClient.ts#L61:98,TypeScript,31,5,1
31 lines of code for unit db.ts.ensureDevicesUpdatesSchema(),MEDIUM,RAW,2026-06-04,30,db.ts.ensureDevicesUpdatesSchema(),backend/src/routes/devices-updates/db.ts#L13:43,TypeScript,31,3,0
31 lines of code for unit Buttons.tsx.Buttons(),MEDIUM,RAW,2026-06-04,30,Buttons.tsx.Buttons(),src/Components/HomePage/Body/Left/Voorbereiding/ReuseFlightPlan/Steps/Step2/Buttons.tsx#L16:44,TypeScript,31,2,0
31 lines of code for unit handleUpload(React.FormEvent<HTMLFormElement>),MEDIUM,RAW,2026-06-04,30,handleUpload(React.FormEvent<HTMLFormElement>),src/Components/InstallationsPage/index.tsx#L53:87,TypeScript,31,8,1
31 lines of code for unit index.tsx.Details(),MEDIUM,RAW,2026-06-04,30,index.tsx.Details(),src/Components/HomePage/Body/Bottom/PlansView/Details/index.tsx#L21:179,TypeScript,31,12,0
31 lines of code for unit handleSubmit(),MEDIUM,RAW,2026-06-04,30,handleSubmit(),src/Components/HomePage/Body/Left/Nabewerking/VluchtenZoeken/Steps/Step2/Actions/Waarnemingen/EditPointDetails/Actions/ChangePoint/index.tsx#L39:73,TypeScript,31,4,0
"31 lines of code for unit fileDownload.ts.downloadWithPasswordHandler(any,any)",MEDIUM,RAW,2026-06-04,30,"fileDownload.ts.downloadWithPasswordHandler(any,any)",backend/src/routes/fileDownload.ts#L86:94,TypeScript,31,6,2
"31 lines of code for unit callbackHandler.ts.RequestHandler(any,any)",MEDIUM,RAW,2026-06-04,30,"callbackHandler.ts.RequestHandler(any,any)",backend/src/routes/auth/authKeycloak/callbackHandler.ts#L9:48,TypeScript,31,5,2
"31 lines of code for unit deleteFlightPlan.ts.deleteFlightPlan(Request,Response)",MEDIUM,RAW,2026-06-04,30,"deleteFlightPlan.ts.deleteFlightPlan(Request,Response)",backend/src/routes/flightPlans/deleteFlightPlan.ts#L46:81,TypeScript,31,7,2
"31 lines of code for unit deleteSingleEmail.ts.deleteSingleEmail(Request,Response)",MEDIUM,RAW,2026-06-04,30,"deleteSingleEmail.ts.deleteSingleEmail(Request,Response)",backend/src/routes/emails/deleteSingleEmail.ts#L6:43,TypeScript,31,4,2
31 lines of code for unit flightPlanColumns.ts.buildFlightPlanSelectColumns(BuildFlightPlanSelectColumnsInput),MEDIUM,RAW,2026-07-01,3,flightPlanColumns.ts.buildFlightPlanSelectColumns(BuildFlightPlanSelectColumnsInput),backend/src/helpers/queries/flight-plans/flightPlanColumns.ts#L32:68,TypeScript,31,2,1
31 lines of code for unit index.tsx.ChangeFlightPlanStatus(),MEDIUM,RAW,2026-06-04,30,index.tsx.ChangeFlightPlanStatus(),src/Components/HomePage/Body/Left/Nabewerking/ChangeFlightPlanStatus/index.tsx#L14:77,TypeScript,31,4,0
31 lines of code for unit Fase3.tsx.Fase3(any),MEDIUM,RAW,2026-06-04,30,Fase3.tsx.Fase3(any),src/Components/HomePage/Body/Left/Voorbereiding/FlightPlan/Steps/Step1/TemplateFlights/Fase3.tsx#L12:122,TypeScript,31,7,1
31 lines of code for unit parseTimesliderImageQuery.ts.parseTimesliderImageQuery(URLSearchParams),MEDIUM,RAW,2026-07-04,0,parseTimesliderImageQuery.ts.parseTimesliderImageQuery(URLSearchParams),src/Components/TimesliderItemDetailPage/parseTimesliderImageQuery.ts#L12:49,TypeScript,31,14,1
31 lines of code for unit fileDownload.ts,MEDIUM,RAW,2026-06-04,30,fileDownload.ts,backend/src/routes/fileDownload.ts#L1:23,TypeScript,31,2,0
30 lines of code for unit index.tsx.Step2(),LOW,RAW,2026-06-04,30,index.tsx.Step2(),src/Components/HomePage/Body/Left/Voorbereiding/FlightPlan/Steps/Step2/index.tsx#L21:103,TypeScript,30,3,0
30 lines of code for unit Form.tsx.Form(),LOW,RAW,2026-06-04,30,Form.tsx.Form(),src/Components/HomePage/Body/Left/Voorbereiding/DrawingTool/Step2/Form.tsx#L5:41,TypeScript,30,1,0
"30 lines of code for unit getFinishedPlansTimeslider.ts.getFinishedPlansTimeslider(Request,Response)",LOW,RAW,2026-06-04,30,"getFinishedPlansTimeslider.ts.getFinishedPlansTimeslider(Request,Response)",backend/src/routes/timeslider/getFinishedPlansTimeslider.ts#L7:43,TypeScript,30,4,2
"30 lines of code for unit deletePoint.ts.deletePoint(Request,Response)",LOW,RAW,2026-06-04,30,"deletePoint.ts.deletePoint(Request,Response)",backend/src/routes/finished_plans/deletePoint.ts#L4:39,TypeScript,30,5,2
30 lines of code for unit index.tsx.FlightPlans(any),LOW,RAW,2026-06-04,30,index.tsx.FlightPlans(any),src/Components/HomePage/Body/Left/Common/SearchedResultsTab/FlightPlans/index.tsx#L9:46,TypeScript,30,4,1
30 lines of code for unit index.tsx.EditPointDetails(),LOW,RAW,2026-06-04,30,index.tsx.EditPointDetails(),src/Components/HomePage/Body/Left/Voorbereiding/SelectedPoint/EditPointDetails/index.tsx#L14:84,TypeScript,30,2,0
30 lines of code for unit exportShp(),LOW,RAW,2026-06-04,30,exportShp(),src/Components/HomePage/Body/Left/Common/SearchedResultsTab/FlightPlans/FlightPlansList/DropDown.tsx#L143:178,TypeScript,30,1,0
30 lines of code for unit Buttons.tsx.Buttons(any),LOW,RAW,2026-06-10,24,Buttons.tsx.Buttons(any),src/Components/HomePage/Body/Left/Voorbereiding/ViewPlan/Steps/Step2/Buttons.tsx#L16:51,TypeScript,30,1,1
30 lines of code for unit FotoPanel.tsx.FotoPanel(any),LOW,RAW,2026-06-06,28,FotoPanel.tsx.FotoPanel(any),src/Components/HomePage/Body/Left/Nabewerking/VluchtenZoeken/Steps/Step2/Actions/Waarnemingen/common/Foto/FotoPanel.tsx#L24:64,TypeScript,30,2,1
30 lines of code for unit handleConfirm(),LOW,RAW,2026-06-04,30,handleConfirm(),src/Components/HomePage/Body/Left/Voorbereiding/DrawingTool/Step1/ConfirmButton.tsx#L20:55,TypeScript,30,5,0
30 lines of code for unit renderDownloadPage.ts.renderDownloadPage(any),LOW,RAW,2026-07-01,3,renderDownloadPage.ts.renderDownloadPage(any),backend/src/helpers/html/renderDownloadPage.ts#L21:54,TypeScript,30,2,1
"30 lines of code for unit createPoint.ts.createPoint(Request,Response)",LOW,RAW,2026-06-04,30,"createPoint.ts.createPoint(Request,Response)",backend/src/routes/points/createPoint.ts#L14:46,TypeScript,30,3,2
30 lines of code for unit App.tsx.App(),LOW,RAW,2026-06-04,30,App.tsx.App(),src/App.tsx#L16:65,TypeScript,30,7,0
"30 lines of code for unit pdfReportAttachments.ts.addImageAttachmentPage(jsPDF,PdfAttachment,number)",LOW,RAW,2026-07-04,0,"pdfReportAttachments.ts.addImageAttachmentPage(jsPDF,PdfAttachment,number)",src/Components/HomePage/Body/Left/Nabewerking/CreateReport/helpers/pdfReportAttachments.ts#L42:79,TypeScript,30,4,3
30 lines of code for unit parsePointImportFile.ts,LOW,RAW,2026-07-04,0,parsePointImportFile.ts,src/Components/HomePage/Body/Left/Voorbereiding/FlightPlan/helpers/parsePointImportFile.ts#L1:12,TypeScript,30,8,0
30 lines of code for unit Form.tsx.Form(),LOW,RAW,2026-06-04,30,Form.tsx.Form(),src/Components/HomePage/Body/Left/Voorbereiding/EnrichedAddPoint/Steps/Step3/Form.tsx#L5:41,TypeScript,30,1,0
30 lines of code for unit singleFinishedPlanCtes.ts.buildSingleFinishedPlanCtes(),LOW,RAW,2026-07-04,0,singleFinishedPlanCtes.ts.buildSingleFinishedPlanCtes(),backend/src/helpers/queries/finished-plans/singleFinishedPlanCtes.ts#L3:32,TypeScript,30,1,0
30 lines of code for unit PointsList.tsx.PointsList(any),LOW,RAW,2026-06-04,30,PointsList.tsx.PointsList(any),src/Components/HomePage/Body/Left/Voorbereiding/FlightPlan/Common/PointsList.tsx#L11:36,TypeScript,30,3,1
30 lines of code for unit index.tsx.Step3(any),LOW,RAW,2026-06-04,30,index.tsx.Step3(any),src/Components/HomePage/Body/Left/Voorbereiding/FlightPlan/Steps/Step3/index.tsx#L19:107,TypeScript,30,3,1
30 lines of code for unit index.tsx.StepNo(any),LOW,RAW,2026-06-04,30,index.tsx.StepNo(any),src/Components/HomePage/Body/Left/Voorbereiding/SelectedPoint/AddToPlan/StepNo/index.tsx#L9:86,TypeScript,30,2,1
30 lines of code for unit pointColumnKeys.ts,LOW,RAW,2026-06-29,5,pointColumnKeys.ts,src/helpers/points/pointColumnKeys.ts#L1:31,TypeScript,30,1,0
"29 lines of code for unit syncAttachmentsInPlan.ts.syncGeometryAttachmentsInPlan(FinishedFlightPlanType,FinishedGeometryType,number,AttachmentType[])",LOW,RAW,2026-06-06,28,"syncAttachmentsInPlan.ts.syncGeometryAttachmentsInPlan(FinishedFlightPlanType,FinishedGeometryType,number,AttachmentType[])",src/Components/HomePage/Body/Left/Nabewerking/VluchtenZoeken/Steps/Step2/Actions/Waarnemingen/common/Foto/syncAttachmentsInPlan.ts#L31:72,TypeScript,29,5,4
29 lines of code for unit Section1.tsx.Section1(any),LOW,RAW,2026-06-04,30,Section1.tsx.Section1(any),src/Components/HomePage/Body/Left/Common/KaartLegend/LayersList/Overig/Section1.tsx#L5:41,TypeScript,29,1,1
29 lines of code for unit helpers.ts.getUserRoles(GetUserRolesInput),LOW,RAW,2026-07-01,3,helpers.ts.getUserRoles(GetUserRolesInput),backend/src/routes/keycloak/management/users/helpers.ts#L16:51,TypeScript,29,3,1
"29 lines of code for unit deleteFinishedFlightPlan.ts.deleteFinishedFlightPlanCascade(PoolClient,string)",LOW,RAW,2026-07-04,0,"deleteFinishedFlightPlan.ts.deleteFinishedFlightPlanCascade(PoolClient,string)",backend/src/helpers/queries/flight-plans/deleteFinishedFlightPlan.ts#L24:61,TypeScript,29,4,2
29 lines of code for unit index.tsx.Left(any),LOW,RAW,2026-06-04,30,index.tsx.Left(any),src/Components/HomePage/Body/Left/index.tsx#L32:120,TypeScript,29,1,1
"29 lines of code for unit useDrawingToolLifecycle.ts.useDrawingToolStep2Lifecycle(MapView|null,string,number,void)",LOW,RAW,2026-06-10,24,"useDrawingToolLifecycle.ts.useDrawingToolStep2Lifecycle(MapView|null,string,number,void)",src/Components/HomePage/Body/Left/Voorbereiding/DrawingTool/helpers/useDrawingToolLifecycle.ts#L66:105,TypeScript,29,6,4
29 lines of code for unit NewPointsList.tsx.NewPointsList(),LOW,RAW,2026-06-04,30,NewPointsList.tsx.NewPointsList(),src/Components/HomePage/Body/Left/Voorbereiding/ReuseFlightPlan/Steps/Step2/NewPointsList.tsx#L9:17,TypeScript,29,3,0
29 lines of code for unit refreshToken.ts.refreshToken(),LOW,RAW,2026-06-04,30,refreshToken.ts.refreshToken(),src/helpers/refreshToken.ts#L6:34,TypeScript,29,1,0
29 lines of code for unit useDrawYellowMarkers.ts.useDrawYellowMarkers(UseDrawYellowMarkersOptions),LOW,RAW,2026-06-04,30,useDrawYellowMarkers.ts.useDrawYellowMarkers(UseDrawYellowMarkersOptions),src/hooks/hover-click-handlers/useDrawYellowMarkers.ts#L20:61,TypeScript,29,6,1
"29 lines of code for unit useRenderPoints.ts.useRenderPoints(FinishedFlightPlanType|null,number[])",LOW,RAW,2026-06-04,30,"useRenderPoints.ts.useRenderPoints(FinishedFlightPlanType|null,number[])",src/Components/HomePage/Body/Left/Nabewerking/CreateReport/Steps/Step2/hooks/useRenderPoints.ts#L7:43,TypeScript,29,5,2
29 lines of code for unit handleSelectAll(),LOW,RAW,2026-06-04,30,handleSelectAll(),src/Components/HomePage/Body/Left/Voorbereiding/FlightPlan/Common/SelectButtons.tsx#L16:46,TypeScript,29,6,0
29 lines of code for unit run(),LOW,RAW,2026-06-04,30,run(),src/Components/HomePage/Body/Right/SelectedPlansPointsList/Common/useGeometryPlanImages.ts#L39:67,TypeScript,29,9,0
29 lines of code for unit index.tsx.EditUser(),LOW,RAW,2026-06-04,30,index.tsx.EditUser(),src/Components/DashboardPage/EditUser/index.tsx#L16:39,TypeScript,29,7,0
29 lines of code for unit run(),LOW,RAW,2026-06-04,30,run(),src/Components/HomePage/Body/Right/SelectedPlansPointsList/Common/usePointPlanImages.ts#L48:76,TypeScript,29,9,0
29 lines of code for unit Section2.tsx.Section2(any),LOW,RAW,2026-06-04,30,Section2.tsx.Section2(any),src/Components/HomePage/Body/Left/Common/KaartLegend/LayersList/Overig/Section2.tsx#L6:42,TypeScript,29,1,1
29 lines of code for unit handleNext(),LOW,RAW,2026-06-04,30,handleNext(),src/Components/HomePage/Body/Left/Nabewerking/VluchtenZoeken/Steps/Step1/Content/Buttons.tsx#L30:62,TypeScript,29,7,0
29 lines of code for unit handleSubmit(),LOW,RAW,2026-06-04,30,handleSubmit(),src/Components/HomePage/Body/Left/Voorbereiding/EnrichedAddPoint/Steps/Step3/Buttons.tsx#L39:71,TypeScript,29,3,0
29 lines of code for unit Section3.tsx.Section3(any),LOW,RAW,2026-06-04,30,Section3.tsx.Section3(any),src/Components/HomePage/Body/Left/Common/KaartLegend/LayersList/Overig/Section3.tsx#L5:41,TypeScript,29,1,1
29 lines of code for unit exportCsv(),LOW,RAW,2026-06-04,30,exportCsv(),src/Components/HomePage/Body/Left/Common/SearchedResultsTab/Functions/ListPointsFunctions/index.tsx#L49:84,TypeScript,29,1,0
"29 lines of code for unit reportAgentStatus.ts.RequestHandler(any,any)",LOW,RAW,2026-06-04,30,"reportAgentStatus.ts.RequestHandler(any,any)",backend/src/routes/devices-updates/agent/reportAgentStatus.ts#L9:42,TypeScript,29,5,2
"29 lines of code for unit mapImage.ts.getStaticMapImage(number,number,number,number,number,string)",LOW,RAW,2026-06-04,30,"mapImage.ts.getStaticMapImage(number,number,number,number,number,string)",src/Components/HomePage/Body/Left/Nabewerking/CreateReport/helpers/useHandleStep2/mapImage.ts#L37:76,TypeScript,29,2,6
29 lines of code for unit index.tsx.TemplateFlight(any),LOW,RAW,2026-06-04,30,index.tsx.TemplateFlight(any),src/Components/HomePage/Body/Left/Voorbereiding/FlightPlan/Steps/Step1/TemplateFlights/index.tsx#L30:67,TypeScript,29,1,1
29 lines of code for unit index.tsx.Step1(any),LOW,RAW,2026-06-04,30,index.tsx.Step1(any),src/Components/HomePage/Body/Left/Nabewerking/CreateReport/Steps/Step1/index.tsx#L10:63,TypeScript,29,3,1
"29 lines of code for unit coordinateFinalize.ts.finalizeCoordinateValues(string,any)",LOW,RAW,2026-07-04,0,"coordinateFinalize.ts.finalizeCoordinateValues(string,any)",src/Components/HomePage/Body/Left/Nabewerking/VluchtenZoeken/Steps/Step2/Actions/Waarnemingen/EditPointDetails/Actions/EditPointCoordinates/coordinateFinalize.ts#L10:43,TypeScript,29,3,2
"29 lines of code for unit getPreparedFlightPlans.ts.getPreparedFlightPlans(Request,Response)",LOW,RAW,2026-06-04,30,"getPreparedFlightPlans.ts.getPreparedFlightPlans(Request,Response)",backend/src/routes/flightPlans/getPreparedFlightPlans.ts#L6:41,TypeScript,29,2,2
"29 lines of code for unit formatPlanGeometries.ts.fetchGeometryDataMap(Pool,number[])",LOW,RAW,2026-06-30,4,"formatPlanGeometries.ts.fetchGeometryDataMap(Pool,number[])",backend/src/helpers/queries/geometries/formatPlanGeometries.ts#L108:143,TypeScript,29,2,2
29 lines of code for unit handleDelete(),LOW,RAW,2026-06-04,30,handleDelete(),src/Components/HomePage/Body/Left/Tools/EditGeometry/index.tsx#L200:236,TypeScript,29,3,0
28 lines of code for unit index.tsx.DevicesUpdatesPage(),LOW,RAW,2026-06-04,30,index.tsx.DevicesUpdatesPage(),src/Components/DevicesUpdatesPage/index.tsx#L27:36,TypeScript,28,5,0
28 lines of code for unit index.tsx.Step1(any),LOW,RAW,2026-06-04,30,index.tsx.Step1(any),src/Components/HomePage/Body/Left/Voorbereiding/ViewPlan/Steps/Step1/index.tsx#L11:78,TypeScript,28,6,1
28 lines of code for unit index.tsx.SearchedResultsTab(),LOW,RAW,2026-06-04,30,index.tsx.SearchedResultsTab(),src/Components/HomePage/Body/Left/Common/SearchedResultsTab/index.tsx#L15:97,TypeScript,28,5,0
28 lines of code for unit TimesliderPageStatusInput.buildTimesliderPageStatus(TimesliderPageStatusInput),LOW,RAW,2026-07-04,0,TimesliderPageStatusInput.buildTimesliderPageStatus(TimesliderPageStatusInput),src/Components/TimesliderItemDetailPage/timesliderPageStatus.ts#L13:43,TypeScript,28,21,1
28 lines of code for unit index.tsx.StepNo(),LOW,RAW,2026-06-04,30,index.tsx.StepNo(),src/Components/HomePage/Body/Left/Tools/AandachtspuntenVerwijderen/Actions/AddToPlan/StepNo/index.tsx#L10:71,TypeScript,28,3,0
28 lines of code for unit verify-regio-apis.ts.testDatabaseQueries(),LOW,RAW,2026-06-10,24,verify-regio-apis.ts.testDatabaseQueries(),backend/scripts/verify-regio-apis.ts#L116:144,TypeScript,28,1,0
28 lines of code for unit useReuseFlightPlan.ts,LOW,RAW,2026-06-04,30,useReuseFlightPlan.ts,src/hooks/zustand/useReuseFlightPlan.ts#L1:83,TypeScript,28,1,0
28 lines of code for unit NewGeometriesList.tsx.NewGeometriesList(),LOW,RAW,2026-06-04,30,NewGeometriesList.tsx.NewGeometriesList(),src/Components/HomePage/Body/Left/Voorbereiding/ReuseFlightPlan/Steps/Step2/NewGeometriesList.tsx#L11:29,TypeScript,28,5,0
28 lines of code for unit useTableScrollWidth.ts.useTableScrollWidth(UseTableScrollWidthParams),LOW,RAW,2026-06-04,30,useTableScrollWidth.ts.useTableScrollWidth(UseTableScrollWidthParams),src/Components/HomePage/Body/Bottom/PointsView/common/hooks/useTableScrollWidth.ts#L14:34,TypeScript,28,3,1
28 lines of code for unit filterPlansByPeriod.ts.filterPlansByPeriod(FilterPlansByPeriodInput<T>),LOW,RAW,2026-07-04,0,filterPlansByPeriod.ts.filterPlansByPeriod(FilterPlansByPeriodInput<T>),src/hooks/filters/filterPlansByPeriod.ts#L14:47,TypeScript,28,13,1
28 lines of code for unit useHoverPointsAndGeometries.ts.useHoverPointsAndGeometries(UseHoverPointsAndGeometriesOptions),LOW,RAW,2026-06-04,30,useHoverPointsAndGeometries.ts.useHoverPointsAndGeometries(UseHoverPointsAndGeometriesOptions),src/hooks/features/useHoverPointsAndGeometries.ts#L15:49,TypeScript,28,6,1
28 lines of code for unit index.tsx.Step1(),LOW,RAW,2026-06-04,30,index.tsx.Step1(),src/Components/HomePage/Body/Left/Voorbereiding/FlightPlan/Steps/Step1/index.tsx#L10:106,TypeScript,28,1,0
"28 lines of code for unit registerAgent.ts.RequestHandler(any,any)",LOW,RAW,2026-06-04,30,"registerAgent.ts.RequestHandler(any,any)",backend/src/routes/devices-updates/agent/registerAgent.ts#L5:35,TypeScript,28,8,2
28 lines of code for unit PointsList.tsx.PointsList(),LOW,RAW,2026-06-04,30,PointsList.tsx.PointsList(),src/Components/HomePage/Body/Bottom/ClickedTableFunctions/PointsList.tsx#L23:37,TypeScript,28,1,0
27 lines of code for unit index.tsx.Step2(any),LOW,RAW,2026-06-04,30,index.tsx.Step2(any),src/Components/HomePage/Body/Left/Voorbereiding/ViewPlan/Steps/AddPointStep/Steps/Step2/index.tsx#L13:36,TypeScript,27,2,1
27 lines of code for unit geometryJson.ts,LOW,RAW,2026-06-30,4,geometryJson.ts,backend/src/helpers/queries/geometries/geometryJson.ts#L3:31,TypeScript,27,1,0
27 lines of code for unit useGeometryClick.ts.useGeometryClick(UseGeometryClickOptions),LOW,RAW,2026-06-10,24,useGeometryClick.ts.useGeometryClick(UseGeometryClickOptions),src/hooks/hover-click-handlers/useGeometryClick.ts#L41:75,TypeScript,27,9,1
"27 lines of code for unit selectedPlansPointsList.ts.collectSelectedData(FinishedFlightPlanType[],number[])",LOW,RAW,2026-06-04,30,"selectedPlansPointsList.ts.collectSelectedData(FinishedFlightPlanType[],number[])",src/helpers/timeslider/selectedPlansPointsList.ts#L50:83,TypeScript,27,10,2
27 lines of code for unit handleDelete(),LOW,RAW,2026-06-04,30,handleDelete(),src/Components/HomePage/Body/Left/Nabewerking/VluchtenZoeken/Steps/Step2/Actions/Waarnemingen/EditPointDetails/Actions/DeletePoint/index.tsx#L22:54,TypeScript,27,1,0
27 lines of code for unit handleSubmit(),LOW,RAW,2026-06-04,30,handleSubmit(),src/Components/HomePage/Body/Left/Voorbereiding/SelectedPoint/EditPointDetails/Steps/Step2/index.tsx#L35:68,TypeScript,27,3,0
27 lines of code for unit getAllUsers.ts.getAllUsers(Request),LOW,RAW,2026-06-04,30,getAllUsers.ts.getAllUsers(Request),backend/src/routes/keycloak/management/users/getAllUsers.ts#L10:42,TypeScript,27,3,1
"27 lines of code for unit deleteUser.ts.handleDeleteUser(Request,Response)",LOW,RAW,2026-06-04,30,"deleteUser.ts.handleDeleteUser(Request,Response)",backend/src/routes/keycloak/management/users/deleteUser.ts#L7:40,TypeScript,27,6,2
"27 lines of code for unit FetchClientRoleNamesForUserInput.fetchClientRoleDefinitions(string,string)",LOW,RAW,2026-07-01,3,"FetchClientRoleNamesForUserInput.fetchClientRoleDefinitions(string,string)",backend/src/routes/keycloak/management/users/keycloakAdminClient.ts#L100:135,TypeScript,27,5,2
27 lines of code for unit RunReturningUpdateByIdInput.runReturningUpdateById(RunReturningUpdateByIdInput),LOW,RAW,2026-07-01,3,RunReturningUpdateByIdInput.runReturningUpdateById(RunReturningUpdateByIdInput),backend/src/helpers/http/runReturningUpdate.ts#L28:60,TypeScript,27,6,1
27 lines of code for unit runReturningUpdate.ts.runStatusUpdate(RunStatusUpdateInput),LOW,RAW,2026-07-01,3,runReturningUpdate.ts.runStatusUpdate(RunStatusUpdateInput),backend/src/helpers/http/runReturningUpdate.ts#L76:106,TypeScript,27,7,1
27 lines of code for unit index.tsx.Form(any),LOW,RAW,2026-06-04,30,index.tsx.Form(any),src/Components/HomePage/Body/Left/Nabewerking/VluchtenZoeken/Steps/Step2/Actions/Waarnemingen/EditPointDetails/Actions/Form/index.tsx#L13:42,TypeScript,27,6,1
"27 lines of code for unit createEmail.ts.createEmail(Request,Response)",LOW,RAW,2026-06-04,30,"createEmail.ts.createEmail(Request,Response)",backend/src/routes/emails/createEmail.ts#L6:35,TypeScript,27,3,2
26 lines of code for unit commandGuard.ts.queueDeviceCommandWhenIdle(QueueDeviceCommandInput),LOW,RAW,2026-07-01,3,commandGuard.ts.queueDeviceCommandWhenIdle(QueueDeviceCommandInput),backend/src/routes/devices-updates/commandGuard.ts#L17:48,TypeScript,26,5,1
26 lines of code for unit Buttons.tsx.Buttons(any),LOW,RAW,2026-06-04,30,Buttons.tsx.Buttons(any),src/Components/HomePage/Body/Left/Voorbereiding/TemplateFlight/Steps/Step3/Buttons.tsx#L15:44,TypeScript,26,1,1
26 lines of code for unit mapImage.ts,LOW,RAW,2026-06-04,30,mapImage.ts,src/Components/HomePage/Body/Left/Nabewerking/CreateReport/helpers/useHandleStep2/mapImage.ts#L1:28,TypeScript,26,1,0
26 lines of code for unit selectFromSourceGraphics.ts.syncPinsForSelection(any),LOW,RAW,2026-07-04,0,selectFromSourceGraphics.ts.syncPinsForSelection(any),src/Components/HomePage/Body/Left/Voorbereiding/ViewPlan/Steps/AddPointsFromPlan/SelectFromSource/helpers/selectFromSourceGraphics.ts#L38:74,TypeScript,26,6,1
26 lines of code for unit Form.tsx.Form(any),LOW,RAW,2026-06-04,30,Form.tsx.Form(any),src/Components/HomePage/Body/Left/Voorbereiding/ViewPlan/Steps/Step2/Form.tsx#L9:130,TypeScript,26,1,1
"26 lines of code for unit getFlightPlanById.ts.getFlightPlanById(Request,Response)",LOW,RAW,2026-06-04,30,"getFlightPlanById.ts.getFlightPlanById(Request,Response)",backend/src/routes/flightPlans/getFlightPlanById.ts#L5:36,TypeScript,26,3,2
26 lines of code for unit SinglePlan.tsx.SinglePlan(any),LOW,RAW,2026-06-04,30,SinglePlan.tsx.SinglePlan(any),src/Components/HomePage/Body/Left/Voorbereiding/RemoveFlightPlan/SinglePlan.tsx#L13:70,TypeScript,26,5,1
"26 lines of code for unit createTemplateName.ts.createTemplateName(Request,Response)",LOW,RAW,2026-06-04,30,"createTemplateName.ts.createTemplateName(Request,Response)",backend/src/routes/template_plans/createTemplateName.ts#L9:41,TypeScript,26,4,2
26 lines of code for unit handleSubmit(),LOW,RAW,2026-06-04,30,handleSubmit(),src/Components/HomePage/Body/Left/Voorbereiding/ViewPlan/Steps/EditPoint/Buttons/Submit.tsx#L24:51,TypeScript,26,2,0
26 lines of code for unit PointDetails.tsx.PointDetails(any),LOW,RAW,2026-06-04,30,PointDetails.tsx.PointDetails(any),src/Components/HomePage/Body/Left/Common/ResultTab/PointDetails.tsx#L8:130,TypeScript,26,1,1
"26 lines of code for unit bufferGraphics.ts.bufferFlightPlansOnLayer(FlightPlanType[],number,any,GraphicsLayer)",LOW,RAW,2026-06-29,5,"bufferGraphics.ts.bufferFlightPlansOnLayer(FlightPlanType[],number,any,GraphicsLayer)",src/helpers/ArcGISHelpers/bufferGraphics.ts#L55:82,TypeScript,26,7,4
26 lines of code for unit index.tsx.Form(any),LOW,RAW,2026-06-04,30,index.tsx.Form(any),src/Components/HomePage/Body/Left/Nabewerking/VluchtenZoeken/Steps/Step2/Actions/Waarnemingen/EditGeometryDetails/Actions/Form/index.tsx#L15:46,TypeScript,26,8,1
26 lines of code for unit SinglePoint.tsx.SinglePoint(any),LOW,RAW,2026-06-04,30,SinglePoint.tsx.SinglePoint(any),src/Components/HomePage/Body/Left/Tools/AandachtspuntenVerwijderen/Actions/Main/SinglePoint.tsx#L10:14,TypeScript,26,1,1
26 lines of code for unit zoomToPoints(),LOW,RAW,2026-06-04,30,zoomToPoints(),src/Components/HomePage/Body/Bottom/ClickedTableFunctions/PointsList.tsx#L38:68,TypeScript,26,4,0
26 lines of code for unit fetchAttachmentsForPlanPoint.ts.fetchAttachmentsForPlanPoint(any),LOW,RAW,2026-07-04,0,fetchAttachmentsForPlanPoint.ts.fetchAttachmentsForPlanPoint(any),backend/src/helpers/queries/finished-plans/fetchAttachmentsForPlanPoint.ts#L3:35,TypeScript,26,5,1
26 lines of code for unit handleSubmit(),LOW,RAW,2026-06-04,30,handleSubmit(),src/Components/HomePage/Body/Left/Tools/AandachtspuntenVerwijderen/Actions/EditPointDetails/Steps/Step1/Buttons.tsx#L31:62,TypeScript,26,4,0
26 lines of code for unit useUploadZip.ts.useUploadZip(),LOW,RAW,2026-06-04,30,useUploadZip.ts.useUploadZip(),src/Components/HomePage/Body/Left/Nabewerking/CreateReport/Steps/Step3/hooks/useUploadZip.ts#L8:14,TypeScript,26,4,0
25 lines of code for unit toggleStarPlan(FlightPlanType),LOW,RAW,2026-06-04,30,toggleStarPlan(FlightPlanType),src/Components/HomePage/Body/Left/Common/SearchedResultsTab/FlightPlans/FlightPlansList/List.tsx#L81:109,TypeScript,25,4,1
"25 lines of code for unit upsertRegisteredDevice.ts.updateExistingDevice(RegisterDeviceInput,string)",LOW,RAW,2026-07-04,0,"upsertRegisteredDevice.ts.updateExistingDevice(RegisterDeviceInput,string)",backend/src/routes/devices-updates/upsertRegisteredDevice.ts#L13:41,TypeScript,25,5,2
"25 lines of code for unit middleware.ts.RequestHandler(any,any,any)",LOW,RAW,2026-06-04,30,"middleware.ts.RequestHandler(any,any,any)",backend/src/routes/devices-updates/middleware.ts#L29:56,TypeScript,25,6,3
25 lines of code for unit geometryRouteHelpers.ts.insertGeometryPoints(InsertGeometryPointsInput),LOW,RAW,2026-07-01,3,geometryRouteHelpers.ts.insertGeometryPoints(InsertGeometryPointsInput),backend/src/helpers/queries/geometries/geometryRouteHelpers.ts#L60:88,TypeScript,25,2,1
25 lines of code for unit submitStep2(),LOW,RAW,2026-06-04,30,submitStep2(),src/Components/HomePage/Body/Left/Voorbereiding/ViewPlan/Steps/DuplicateFlightPlan/Step2/Buttons.tsx#L41:66,TypeScript,25,3,0
25 lines of code for unit exportShp(),LOW,RAW,2026-06-04,30,exportShp(),src/Components/HomePage/Body/Left/Common/ResultTab/ListPointsFunctions/index.tsx#L132:159,TypeScript,25,1,0
"25 lines of code for unit getBboxPolygon(any,any)",LOW,RAW,2026-06-04,30,"getBboxPolygon(any,any)",src/Components/HomePage/Body/Left/Common/SearchedResultsTab/Functions/GroupFunctions.tsx#L150:178,TypeScript,25,1,2
25 lines of code for unit handleUpdate(),LOW,RAW,2026-06-04,30,handleUpdate(),src/Components/HomePage/Body/Left/Voorbereiding/EnrichedAddPoint/Steps/Step2/UpdateBtn.tsx#L28:57,TypeScript,25,4,0
25 lines of code for unit ArcGISUserToken.ts.fetchAndRegister(),LOW,RAW,2026-06-04,30,ArcGISUserToken.ts.fetchAndRegister(),src/helpers/tokens/ArcGISUserToken.ts#L71:100,TypeScript,25,5,0
"25 lines of code for unit isPointInPolygon(__esri.Point,number[])",LOW,RAW,2026-06-04,30,"isPointInPolygon(__esri.Point,number[])",src/Components/HomePage/Body/Left/Voorbereiding/SelectedPoint/AddToPlan/index.tsx#L77:113,TypeScript,25,13,2
25 lines of code for unit SinglePoint.tsx.SinglePoint(any),LOW,RAW,2026-06-04,30,SinglePoint.tsx.SinglePoint(any),src/Components/HomePage/Body/Left/Nabewerking/VluchtenZoeken/Steps/Step2/Actions/Waarnemingen/SinglePoint.tsx#L7:44,TypeScript,25,1,1
25 lines of code for unit handleConfirmDelete(),LOW,RAW,2026-06-04,30,handleConfirmDelete(),src/Components/DashboardPage/AllUsersTable/index.tsx#L93:124,TypeScript,25,6,0
25 lines of code for unit handleSubmit(),LOW,RAW,2026-06-04,30,handleSubmit(),src/Components/HomePage/Body/Left/Tools/AandachtspuntenVerwijderen/Actions/EditPointDetails/Steps/Step2/index.tsx#L38:68,TypeScript,25,4,0
25 lines of code for unit importPointRowNormalization.ts.normalizeImportRow(unknown),LOW,RAW,2026-07-01,3,importPointRowNormalization.ts.normalizeImportRow(unknown),backend/src/helpers/points/importPointRowNormalization.ts#L64:91,TypeScript,25,9,1
24 lines of code for unit useFeatureLayerLabels.ts.useFeatureLayerLabels(),LOW,RAW,2026-06-04,30,useFeatureLayerLabels.ts.useFeatureLayerLabels(),src/hooks/hover-click-handlers/useFeatureLayerLabels.ts#L6:33,TypeScript,24,5,0
24 lines of code for unit Images.tsx.Images(any),LOW,RAW,2026-06-04,30,Images.tsx.Images(any),src/Components/HomePage/Body/Left/Voorbereiding/SelectedPoint/ViewPlans/Images.tsx#L8:28,TypeScript,24,14,1
24 lines of code for unit Buttons.tsx.Buttons(any),LOW,RAW,2026-06-04,30,Buttons.tsx.Buttons(any),src/Components/HomePage/Body/Left/Voorbereiding/EnrichedAddPoint/Steps/Step3/Buttons.tsx#L9:38,TypeScript,24,2,1
"24 lines of code for unit getFlighPlansNummer.ts.getFlighPlansNummer(Request,Response)",LOW,RAW,2026-06-04,30,"getFlighPlansNummer.ts.getFlighPlansNummer(Request,Response)",backend/src/routes/flightPlans/getFlighPlansNummer.ts#L4:30,TypeScript,24,5,2
24 lines of code for unit FlightPlanPickerList.tsx.FlightPlanPickerList(any),LOW,RAW,2026-06-10,24,FlightPlanPickerList.tsx.FlightPlanPickerList(any),src/Components/HomePage/Body/Common/EditPoint/FlightPlanPickerList.tsx#L9:86,TypeScript,24,4,1
24 lines of code for unit calculateCenterAndZoom.ts,LOW,RAW,2026-06-04,30,calculateCenterAndZoom.ts,src/helpers/ArcGISHelpers/calculateCenterAndZoom.ts#L1:5,TypeScript,24,14,0
24 lines of code for unit exportXlsx(),LOW,RAW,2026-06-04,30,exportXlsx(),src/Components/HomePage/Body/Left/Common/SearchedResultsTab/Functions/ListPointsFunctions/index.tsx#L86:118,TypeScript,24,1,0
24 lines of code for unit ArcGISAuthProvider.tsx.ArcGISAuthProvider(Props),LOW,RAW,2026-06-04,30,ArcGISAuthProvider.tsx.ArcGISAuthProvider(Props),src/Components/Common/ArcGISAuthProvider.tsx#L8:36,TypeScript,24,4,1
24 lines of code for unit PointsListEdit.tsx.PointsListEdit(any),LOW,RAW,2026-06-04,30,PointsListEdit.tsx.PointsListEdit(any),src/Components/HomePage/Body/Left/Common/ResultTab/PointsListEdit.tsx#L19:51,TypeScript,24,1,1
24 lines of code for unit verifyRegioPointsGeometries.ts.runPointsRegioCheck(any),LOW,RAW,2026-07-04,0,verifyRegioPointsGeometries.ts.runPointsRegioCheck(any),backend/scripts/verifyRegioPointsGeometries.ts#L47:74,TypeScript,24,5,1
"24 lines of code for unit createUser.ts.createUser(Request,Response)",LOW,RAW,2026-06-04,30,"createUser.ts.createUser(Request,Response)",backend/src/routes/users/createUser.ts#L4:30,TypeScript,24,6,2
24 lines of code for unit buildPathFeatureLayer.ts.addPathLayerBelowPoints(any),LOW,RAW,2026-07-04,0,buildPathFeatureLayer.ts.addPathLayerBelowPoints(any),src/hooks/hover-click-handlers/buildPathFeatureLayer.ts#L57:86,TypeScript,24,7,1
24 lines of code for unit fetchConstLookup.ts.fetchConstLookup(FetchConstLookupInput),LOW,RAW,2026-07-01,3,fetchConstLookup.ts.fetchConstLookup(FetchConstLookupInput),backend/src/helpers/queries/consts/fetchConstLookup.ts#L14:42,TypeScript,24,5,1
24 lines of code for unit Buttons.tsx.Buttons(any),LOW,RAW,2026-06-04,30,Buttons.tsx.Buttons(any),src/Components/HomePage/Body/Left/Voorbereiding/ViewPlan/Steps/AddPointStep/Steps/Step3/Buttons.tsx#L12:47,TypeScript,24,4,1
24 lines of code for unit popupSelection.ts.openPopupForClickedPoint(any),LOW,RAW,2026-07-04,0,popupSelection.ts.openPopupForClickedPoint(any),src/hooks/popUpModal/popupSelection.ts#L16:55,TypeScript,24,5,1
24 lines of code for unit Buttons.tsx.Buttons(any),LOW,RAW,2026-06-04,30,Buttons.tsx.Buttons(any),src/Components/HomePage/Body/Left/Voorbereiding/ViewPlan/Steps/DuplicateFlightPlan/Step2/Buttons.tsx#L13:40,TypeScript,24,1,1
24 lines of code for unit useTimesliderState.ts,LOW,RAW,2026-06-04,30,useTimesliderState.ts,src/helpers/ZustandStates/useTimesliderState.ts#L1:37,TypeScript,24,2,0
24 lines of code for unit patchCoords(any),LOW,RAW,2026-06-10,24,patchCoords(any),src/Components/HomePage/Body/Left/Tools/AandachtspuntenVerwijderen/Actions/EditPointDetails/Steps/Step2/Step2Sub2.tsx#L38:62,TypeScript,24,7,1
24 lines of code for unit handleBuffer(),LOW,RAW,2026-06-04,30,handleBuffer(),src/Components/HomePage/Body/Left/Common/SearchedResultsTab/Functions/PointsBuffer.tsx#L26:54,TypeScript,24,5,0
24 lines of code for unit useLogAction.ts.useLogAction(),LOW,RAW,2026-06-04,30,useLogAction.ts.useLogAction(),src/hooks/useLogAction.ts#L9:34,TypeScript,24,5,0
24 lines of code for unit logAction(any),LOW,RAW,2026-06-04,30,logAction(any),src/hooks/useLogAction.ts#L35:70,TypeScript,24,16,1
24 lines of code for unit loadUsers(),LOW,RAW,2026-06-04,30,loadUsers(),src/Components/DashboardPage/AllUsersTable/index.tsx#L55:82,TypeScript,24,5,0
"24 lines of code for unit getAttachmentsPlanSinglePoint.ts.getAttachmentsPlanSinglePoint(Request,Response)",LOW,RAW,2026-06-04,30,"getAttachmentsPlanSinglePoint.ts.getAttachmentsPlanSinglePoint(Request,Response)",backend/src/routes/finished_plans/getAttachmentsPlanSinglePoint.ts#L4:32,TypeScript,24,5,2
24 lines of code for unit Step2Sub2.tsx.Step2Sub2(any),LOW,RAW,2026-06-04,30,Step2Sub2.tsx.Step2Sub2(any),src/Components/HomePage/Body/Left/Tools/AandachtspuntenVerwijderen/Actions/EditPointDetails/Steps/Step2/Step2Sub2.tsx#L9:37,TypeScript,24,1,1
24 lines of code for unit index.tsx.EditPointCoordinates(any),LOW,RAW,2026-06-04,30,index.tsx.EditPointCoordinates(any),src/Components/HomePage/Body/Left/Nabewerking/VluchtenZoeken/Steps/Step2/Actions/Waarnemingen/EditPointDetails/Actions/EditPointCoordinates/index.tsx#L9:111,TypeScript,24,2,1
"24 lines of code for unit computeFlightPlanCentroid.ts.computeFlightPlanCentroid(FlightPlanCentroidPoint[],any,any)",LOW,RAW,2026-06-06,28,"computeFlightPlanCentroid.ts.computeFlightPlanCentroid(FlightPlanCentroidPoint[],any,any)",src/helpers/ArcGISHelpers/computeFlightPlanCentroid.ts#L12:41,TypeScript,24,6,3
24 lines of code for unit index.tsx.EditPoint(),LOW,RAW,2026-06-04,30,index.tsx.EditPoint(),src/Components/HomePage/Body/Left/Voorbereiding/ViewPlan/Steps/EditPoint/index.tsx#L7:61,TypeScript,24,2,0
24 lines of code for unit index.tsx.PointsTable(any),LOW,RAW,2026-06-04,30,index.tsx.PointsTable(any),src/Components/HomePage/Body/Bottom/PointsView/PointsTable/index.tsx#L18:168,TypeScript,24,2,1
23 lines of code for unit index.tsx.Step2(),LOW,RAW,2026-06-04,30,index.tsx.Step2(),src/Components/HomePage/Body/Left/Voorbereiding/AddPointsVluchtPlan/Step2/index.tsx#L5:29,TypeScript,23,1,0
23 lines of code for unit index.tsx.GeometriesTable(any),LOW,RAW,2026-06-04,30,index.tsx.GeometriesTable(any),src/Components/HomePage/Body/Bottom/PointsView/GeometriesTable/index.tsx#L25:230,TypeScript,23,2,1
"23 lines of code for unit invalidateAfterMutation.ts.invalidateRelatedQueries(QueryClient,string)",LOW,RAW,2026-06-04,30,"invalidateAfterMutation.ts.invalidateRelatedQueries(QueryClient,string)",src/lib/invalidateAfterMutation.ts#L54:85,TypeScript,23,9,2
23 lines of code for unit generatePdfReport.ts.generatePdfReport(GeneratePdfReportInput),LOW,RAW,2026-07-04,0,generatePdfReport.ts.generatePdfReport(GeneratePdfReportInput),src/Components/HomePage/Body/Left/Nabewerking/CreateReport/helpers/generatePdfReport.ts#L29:57,TypeScript,23,3,1
23 lines of code for unit usePathLoadingReady.ts.usePathLoadingReady(any),LOW,RAW,2026-07-04,0,usePathLoadingReady.ts.usePathLoadingReady(any),src/hooks/hover-click-handlers/usePathLoadingReady.ts#L3:22,TypeScript,23,5,1
"23 lines of code for unit bufferGraphics.ts.bufferPointsOnLayer(EnrichedPointType[],number,any,GraphicsLayer,MapView)",LOW,RAW,2026-06-29,5,"bufferGraphics.ts.bufferPointsOnLayer(EnrichedPointType[],number,any,GraphicsLayer,MapView)",src/helpers/ArcGISHelpers/bufferGraphics.ts#L23:53,TypeScript,23,1,5
23 lines of code for unit useWizardButtons.ts.useWizardButtons(string),LOW,RAW,2026-06-10,24,useWizardButtons.ts.useWizardButtons(string),src/hooks/wizard/useWizardButtons.ts#L5:8,TypeScript,23,1,1
23 lines of code for unit buildFlightPlanCreateAttributes.ts.buildFlightPlanCreateAttributes(BuildFlightPlanCreateAttributesInput),LOW,RAW,2026-07-04,0,buildFlightPlanCreateAttributes.ts.buildFlightPlanCreateAttributes(BuildFlightPlanCreateAttributesInput),src/hooks/flightPlan/buildFlightPlanCreateAttributes.ts#L18:43,TypeScript,23,2,1
23 lines of code for unit handleToggle(React.ChangeEvent<HTMLInputElement>),LOW,RAW,2026-06-04,30,handleToggle(React.ChangeEvent<HTMLInputElement>),src/Components/HomePage/Body/Left/Common/KaartLegend/LayersList/Common/LayerItem.tsx#L41:70,TypeScript,23,5,1
23 lines of code for unit index.tsx.Step3(),LOW,RAW,2026-06-04,30,index.tsx.Step3(),src/Components/HomePage/Body/Left/Voorbereiding/AddPointsVluchtPlan/Step3/index.tsx#L5:29,TypeScript,23,1,0
23 lines of code for unit featureLayerLabelsSync.ts.attachFeatureLayerLabelSync(any),LOW,RAW,2026-07-04,0,featureLayerLabelsSync.ts.attachFeatureLayerLabelSync(any),src/hooks/hover-click-handlers/featureLayerLabelsSync.ts#L28:32,TypeScript,23,3,1
"23 lines of code for unit logoutHandler.ts.RequestHandler(any,any)",LOW,RAW,2026-06-04,30,"logoutHandler.ts.RequestHandler(any,any)",backend/src/routes/auth/authKeycloak/logoutHandler.ts#L4:30,TypeScript,23,7,2
"23 lines of code for unit useFilterAndSortPlans.ts.useFilterAndSortPlans(FinishedFlightPlanType[],any,string)",LOW,RAW,2026-06-04,30,"useFilterAndSortPlans.ts.useFilterAndSortPlans(FinishedFlightPlanType[],any,string)",src/Components/HomePage/Body/Left/Nabewerking/VluchtenZoeken/hooks/useFilterAndSortPlans.ts#L10:38,TypeScript,23,3,3
23 lines of code for unit selectTargetGeometry(number),LOW,RAW,2026-06-04,30,selectTargetGeometry(number),src/Components/HomePage/Body/Left/Voorbereiding/ViewPlan/Steps/Step2/index.tsx#L111:142,TypeScript,23,7,1
23 lines of code for unit fetchTimeRange(),LOW,RAW,2026-06-04,30,fetchTimeRange(),src/hooks/useTimeRange.ts#L15:37,TypeScript,23,8,0
23 lines of code for unit verifyRegioPointsGeometries.ts.runGeometriesQuery(string|undefined),LOW,RAW,2026-07-04,0,verifyRegioPointsGeometries.ts.runGeometriesQuery(string|undefined),backend/scripts/verifyRegioPointsGeometries.ts#L23:45,TypeScript,23,4,1
"23 lines of code for unit queueAction(string,any)",LOW,RAW,2026-06-04,30,"queueAction(string,any)",src/Components/DevicesUpdatesPage/index.tsx#L131:156,TypeScript,23,6,2
"23 lines of code for unit buildTemplateGeometryGroup.ts.buildTemplateGeometryGroup(RawPoint,number,Map<number, Record<string, unknown>>)",LOW,RAW,2026-07-04,0,"buildTemplateGeometryGroup.ts.buildTemplateGeometryGroup(RawPoint,number,Map<number, Record<string, unknown>>)",backend/src/helpers/queries/geometries/buildTemplateGeometryGroup.ts#L7:35,TypeScript,23,12,3
"23 lines of code for unit startPolling(string,any)",LOW,RAW,2026-06-05,29,"startPolling(string,any)",src/Components/DevicesUpdatesPage/index.tsx#L80:103,TypeScript,23,6,2
"23 lines of code for unit drawYellowPlanGraphics.ts.drawYellowGeometries(Geometry[],__esri.GraphicsLayer|null)",LOW,RAW,2026-06-04,30,"drawYellowPlanGraphics.ts.drawYellowGeometries(Geometry[],__esri.GraphicsLayer|null)",src/Components/HomePage/Body/Left/Voorbereiding/ViewPlan/Steps/AddPointToPlan/helpers/drawYellowPlanGraphics.ts#L44:73,TypeScript,23,5,2
23 lines of code for unit SinglePlan.tsx.SinglePlan(any),LOW,RAW,2026-06-04,30,SinglePlan.tsx.SinglePlan(any),src/Components/HomePage/Body/Left/Voorbereiding/ReuseFlightPlan/Steps/Step1/SinglePlan.tsx#L10:63,TypeScript,23,1,1
"22 lines of code for unit useDrawingToolLifecycle.ts.useDrawingToolStep1Lifecycle(MapView|null,string,SketchViewModel|null,void,void)",LOW,RAW,2026-06-10,24,"useDrawingToolLifecycle.ts.useDrawingToolStep1Lifecycle(MapView|null,string,SketchViewModel|null,void,void)",src/Components/HomePage/Body/Left/Voorbereiding/DrawingTool/helpers/useDrawingToolLifecycle.ts#L36:64,TypeScript,22,2,5
"22 lines of code for unit useResizableSidebar.ts.useResizableSidebar(number,ResizeHandleSide)",LOW,RAW,2026-06-10,24,"useResizableSidebar.ts.useResizableSidebar(number,ResizeHandleSide)",src/hooks/layout/useResizableSidebar.ts#L23:40,TypeScript,22,2,2
22 lines of code for unit SinglePoints.tsx.SinglePoint(any),LOW,RAW,2026-06-04,30,SinglePoints.tsx.SinglePoint(any),src/Components/HomePage/Body/Left/Nabewerking/VluchtenZoeken/Steps/Step2/Actions/Waarnemingen/EditPointDetails/Actions/ChangePoint/SinglePoints.tsx#L7:39,TypeScript,22,1,1
22 lines of code for unit resetDevice(string),LOW,RAW,2026-06-05,29,resetDevice(string),src/Components/DevicesUpdatesPage/index.tsx#L105:129,TypeScript,22,6,1
22 lines of code for unit templateFlightStates.ts,LOW,RAW,2026-06-04,30,templateFlightStates.ts,src/Components/HomePage/Body/Left/Voorbereiding/TemplateFlight/templateFlightStates.ts#L1:54,TypeScript,22,1,0
22 lines of code for unit upsertRegisteredDevice.ts.insertNewDevice(RegisterDeviceInput),LOW,RAW,2026-07-04,0,upsertRegisteredDevice.ts.insertNewDevice(RegisterDeviceInput),backend/src/routes/devices-updates/upsertRegisteredDevice.ts#L43:67,TypeScript,22,5,1
22 lines of code for unit handleSubmitPoint(React.FormEvent),LOW,RAW,2026-06-04,30,handleSubmitPoint(React.FormEvent),src/Components/HomePage/Body/Left/Tools/EditGeometry/EditForm/index.tsx#L115:139,TypeScript,22,5,1
22 lines of code for unit useDrawingStore.ts,LOW,RAW,2026-06-04,30,useDrawingStore.ts,src/hooks/zustand/useDrawingStore.ts#L1:48,TypeScript,22,1,0
22 lines of code for unit Buttons.tsx.Buttons(any),LOW,RAW,2026-06-04,30,Buttons.tsx.Buttons(any),src/Components/HomePage/Body/Left/Voorbereiding/ViewPlan/Steps/Step1/Buttons.tsx#L8:37,TypeScript,22,4,1
"22 lines of code for unit formatPlanGeometries.ts.splitPointsByGeometry(RawPoint[],SplitPointsOptions<T>)",LOW,RAW,2026-06-30,4,"formatPlanGeometries.ts.splitPointsByGeometry(RawPoint[],SplitPointsOptions<T>)",backend/src/helpers/queries/geometries/formatPlanGeometries.ts#L40:68,TypeScript,22,3,2
"22 lines of code for unit mapGetacDeviceRow.ts.mapGetacDeviceRow(Record<string, unknown>)",LOW,RAW,2026-07-04,0,"mapGetacDeviceRow.ts.mapGetacDeviceRow(Record<string, unknown>)",backend/src/routes/devices-updates/mapGetacDeviceRow.ts#L11:32,TypeScript,22,5,1
"22 lines of code for unit buildHtml.ts.htmlDiv(string,string)",LOW,RAW,2026-06-29,5,"buildHtml.ts.htmlDiv(string,string)",backend/src/helpers/html/buildHtml.ts#L15:40,TypeScript,22,1,2
22 lines of code for unit handleDeleteLatest(),LOW,RAW,2026-06-04,30,handleDeleteLatest(),src/Components/InstallationsPage/index.tsx#L89:110,TypeScript,22,6,0
22 lines of code for unit SinglePlan.tsx.SinglePlan(any),LOW,RAW,2026-06-06,28,SinglePlan.tsx.SinglePlan(any),src/Components/HomePage/Body/Left/Nabewerking/VluchtenZoeken/Steps/Step1/Content/SinglePlan.tsx#L9:50,TypeScript,22,1,1
22 lines of code for unit EditFormBody.tsx,LOW,RAW,2026-06-04,30,EditFormBody.tsx,src/Components/HomePage/Body/Left/Tools/EditGeometry/EditForm/EditFormBody.tsx#L1:9,TypeScript,22,1,0
"22 lines of code for unit CreateKeycloakUserInput.clearKeycloakRequiredActions(Request,string)",LOW,RAW,2026-07-04,0,"CreateKeycloakUserInput.clearKeycloakRequiredActions(Request,string)",backend/src/routes/keycloak/management/users/createKeycloakUser.ts#L84:107,TypeScript,22,4,2
22 lines of code for unit flightPlanFields.ts.buildFlightPlanInsertParams(FlightPlanBodySource),LOW,RAW,2026-06-30,4,flightPlanFields.ts.buildFlightPlanInsertParams(FlightPlanBodySource),backend/src/helpers/queries/flight-plans/flightPlanFields.ts#L87:109,TypeScript,22,5,1
22 lines of code for unit useTimesliderSelection.ts.useTimesliderSelectedPlan(any),LOW,RAW,2026-07-04,0,useTimesliderSelection.ts.useTimesliderSelectedPlan(any),src/Components/TimesliderItemDetailPage/useTimesliderSelection.ts#L4:32,TypeScript,22,6,1
"22 lines of code for unit getPoints.ts.getPoints(Request,Response)",LOW,RAW,2026-06-04,30,"getPoints.ts.getPoints(Request,Response)",backend/src/routes/points/getPoints.ts#L6:28,TypeScript,22,3,2
22 lines of code for unit flightPlanFields.ts.buildFlightPlanInsertSql(),LOW,RAW,2026-06-30,4,flightPlanFields.ts.buildFlightPlanInsertSql(),backend/src/helpers/queries/flight-plans/flightPlanFields.ts#L63:85,TypeScript,22,1,0
22 lines of code for unit drawingToolSketch.ts,LOW,RAW,2026-07-04,0,drawingToolSketch.ts,src/Components/HomePage/Body/Left/Voorbereiding/DrawingTool/helpers/drawingToolSketch.ts#L1:30,TypeScript,22,1,0
"22 lines of code for unit utils.ts.fetchWithRetry(string,RequestInit,any)",LOW,RAW,2026-06-04,30,"utils.ts.fetchWithRetry(string,RequestInit,any)",src/Components/HomePage/Body/Left/Nabewerking/CreateReport/helpers/useHandleStep2/utils.ts#L3:28,TypeScript,22,7,3
22 lines of code for unit FlightPlan.tsx.SinglePlan(any),LOW,RAW,2026-06-04,30,FlightPlan.tsx.SinglePlan(any),src/Components/HomePage/Body/Left/Nabewerking/ChangeFlightPlanStatus/FlightPlan.tsx#L9:46,TypeScript,22,1,1
21 lines of code for unit createYellowBorder.ts.createYellowBorder(EnrichedPointType),LOW,RAW,2026-06-04,30,createYellowBorder.ts.createYellowBorder(EnrichedPointType),src/helpers/ArcGISHelpers/createYellowBorder.ts#L6:29,TypeScript,21,1,1
21 lines of code for unit fetchDevices(),LOW,RAW,2026-06-04,30,fetchDevices(),src/Components/DevicesUpdatesPage/index.tsx#L37:57,TypeScript,21,6,0
21 lines of code for unit Sidebar.tsx.Sidebar(),LOW,RAW,2026-06-04,30,Sidebar.tsx.Sidebar(),src/Components/DashboardPage/Sidebar.tsx#L3:37,TypeScript,21,1,0
21 lines of code for unit FinishedPlanWriter.markFlightPlanFinished(),LOW,RAW,2026-07-01,3,FinishedPlanWriter.markFlightPlanFinished(),backend/src/helpers/finished-plans/createFinishedPlanDb.ts#L119:140,TypeScript,21,3,0
21 lines of code for unit CommonTabBtn.tsx.CommonTabBtn(any),LOW,RAW,2026-06-04,30,CommonTabBtn.tsx.CommonTabBtn(any),src/Components/HomePage/Head/Common/CommonTabBtn.tsx#L6:52,TypeScript,21,2,1
21 lines of code for unit exportShp(),LOW,RAW,2026-06-04,30,exportShp(),src/Components/HomePage/Body/Left/Common/SearchedResultsTab/Points/DropDown.tsx#L108:130,TypeScript,21,1,0
21 lines of code for unit handleSubmit(),LOW,RAW,2026-06-04,30,handleSubmit(),src/Components/HomePage/Body/Left/Voorbereiding/ViewPlan/Steps/AddPointsFromPlan/SelectFromSource/index.tsx#L237:260,TypeScript,21,4,0
"21 lines of code for unit useTableLayout.ts.useTableLayout(number,number,number,number)",LOW,RAW,2026-06-04,30,"useTableLayout.ts.useTableLayout(number,number,number,number)",src/Components/HomePage/Body/Bottom/PointsView/common/hooks/useTableLayout.ts#L1:27,TypeScript,21,6,4
"21 lines of code for unit create(T,void,any,any)",LOW,RAW,2026-06-04,30,"create(T,void,any,any)",src/utils/useCreateData.ts#L50:79,TypeScript,21,9,4
21 lines of code for unit handleCancel(),LOW,RAW,2026-06-04,30,handleCancel(),src/Components/HomePage/Body/Left/Voorbereiding/ViewPlan/index.tsx#L89:113,TypeScript,21,1,0
"21 lines of code for unit getBboxPolygon(any,any)",LOW,RAW,2026-06-04,30,"getBboxPolygon(any,any)",src/Components/HomePage/Body/Left/Common/SearchedResultsTab/FlightPlans/FlightPlansList/DropDown.tsx#L118:141,TypeScript,21,1,2
"21 lines of code for unit getPointsDescription.ts.getPointsDescription(Request,Response)",LOW,RAW,2026-06-04,30,"getPointsDescription.ts.getPointsDescription(Request,Response)",backend/src/routes/points/getPointsDescription.ts#L4:28,TypeScript,21,3,2
21 lines of code for unit featureLayerPopupClick.ts.handleFeatureLayerMapClick(any),LOW,RAW,2026-07-04,0,featureLayerPopupClick.ts.handleFeatureLayerMapClick(any),src/hooks/hover-click-handlers/featureLayerPopupClick.ts#L8:37,TypeScript,21,5,1
21 lines of code for unit index.tsx.AllUsersTable(),LOW,RAW,2026-06-04,30,index.tsx.AllUsersTable(),src/Components/DashboardPage/AllUsersTable/index.tsx#L39:54,TypeScript,21,3,0
21 lines of code for unit finishedPlan.ts.validateFinishedPlan(unknown),LOW,RAW,2026-06-10,24,finishedPlan.ts.validateFinishedPlan(unknown),backend/src/helpers/validators/finishedPlan.ts#L65:93,TypeScript,21,10,1
"21 lines of code for unit geometryHerhalen.ts.sortGeometriesForSelection(Geometry[],number[])",LOW,RAW,2026-07-04,0,"geometryHerhalen.ts.sortGeometriesForSelection(Geometry[],number[])",src/Components/HomePage/Body/Left/Voorbereiding/FlightPlan/Common/geometryHerhalen.ts#L25:53,TypeScript,21,14,2
21 lines of code for unit buildUpdatedPlanFromForm.ts.buildUpdatedPlanFromForm(BuildUpdatedPlanFromFormInput),LOW,RAW,2026-07-04,0,buildUpdatedPlanFromForm.ts.buildUpdatedPlanFromForm(BuildUpdatedPlanFromFormInput),src/Components/HomePage/Body/Left/Voorbereiding/ViewPlan/Steps/Step2/helpers/buildUpdatedPlanFromForm.ts#L37:60,TypeScript,21,1,1
"21 lines of code for unit createUser.ts.handleCreateUser(Request,Response)",LOW,RAW,2026-06-04,30,"createUser.ts.handleCreateUser(Request,Response)",backend/src/routes/keycloak/management/users/createUser.ts#L8:33,TypeScript,21,5,2
"21 lines of code for unit sortPointsWithSelectionOrder.ts.sortPointsWithSelectionOrder(T[],number[])",LOW,RAW,2026-06-29,5,"sortPointsWithSelectionOrder.ts.sortPointsWithSelectionOrder(T[],number[])",src/hooks/points/sortPointsWithSelectionOrder.ts#L4:15,TypeScript,21,12,2
21 lines of code for unit handleSubmit(),LOW,RAW,2026-06-04,30,handleSubmit(),src/Components/HomePage/Body/Left/Tools/AandachtspuntenVerwijderen/Actions/AddToPlan/StepNo/Buttons.tsx#L23:44,TypeScript,21,1,0
21 lines of code for unit Section2.tsx.Section2(),LOW,RAW,2026-06-04,30,Section2.tsx.Section2(),src/Components/HomePage/Body/Left/Common/KaartLegend/LayersList/Block1/Section2.tsx#L4:28,TypeScript,21,1,0
"21 lines of code for unit fileDownload.ts.setPasswordHandler(any,any)",LOW,RAW,2026-06-04,30,"fileDownload.ts.setPasswordHandler(any,any)",backend/src/routes/fileDownload.ts#L24:31,TypeScript,21,5,2
20 lines of code for unit useFeatureLayerPopup.ts.useFeatureLayerPopup(),LOW,RAW,2026-06-04,30,useFeatureLayerPopup.ts.useFeatureLayerPopup(),src/hooks/hover-click-handlers/useFeatureLayerPopup.ts#L16:20,TypeScript,20,2,0
20 lines of code for unit featureLayerPopupClick.ts.attachFeatureLayerPopupClick(any),LOW,RAW,2026-07-04,0,featureLayerPopupClick.ts.attachFeatureLayerPopupClick(any),src/hooks/hover-click-handlers/featureLayerPopupClick.ts#L39:66,TypeScript,20,3,1
20 lines of code for unit handleSubmit(),LOW,RAW,2026-06-04,30,handleSubmit(),src/Components/HomePage/Body/Left/Voorbereiding/AddPointsVluchtPlan/Step3/Buttons.tsx#L28:47,TypeScript,20,1,0
20 lines of code for unit buildReusePlanPointIds.ts.buildReuseFlightPlanPointIds(BuildReuseFlightPlanPointIdsInput),LOW,RAW,2026-07-04,0,buildReusePlanPointIds.ts.buildReuseFlightPlanPointIds(BuildReuseFlightPlanPointIdsInput),src/Components/HomePage/Body/Left/Voorbereiding/ReuseFlightPlan/Steps/Step2/helpers/buildReusePlanPointIds.ts#L13:31,TypeScript,20,1,1
20 lines of code for unit Buttons.tsx.Buttons(any),LOW,RAW,2026-06-04,30,Buttons.tsx.Buttons(any),src/Components/HomePage/Body/Left/Nabewerking/VluchtenZoeken/Steps/Step2/Actions/EditFlight/Buttons.tsx#L10:31,TypeScript,20,1,1
20 lines of code for unit handleSubmit(),LOW,RAW,2026-06-04,30,handleSubmit(),src/Components/HomePage/Body/Left/Voorbereiding/SelectedPoint/AddToPlan/StepNo/Buttons.tsx#L25:47,TypeScript,20,2,0
"20 lines of code for unit drawYellowPlanGraphics.ts.drawYellowPoint(EnrichedPointType,__esri.GraphicsLayer|null)",LOW,RAW,2026-06-04,30,"drawYellowPlanGraphics.ts.drawYellowPoint(EnrichedPointType,__esri.GraphicsLayer|null)",src/Components/HomePage/Body/Left/Voorbereiding/ViewPlan/Steps/AddPointToPlan/helpers/drawYellowPlanGraphics.ts#L17:42,TypeScript,20,3,2
"20 lines of code for unit entityDeleteHelpers.ts.removePointIdsFromFlightPlans(PoolClient,number[])",LOW,RAW,2026-07-01,3,"entityDeleteHelpers.ts.removePointIdsFromFlightPlans(PoolClient,number[])",backend/src/helpers/entities/entityDeleteHelpers.ts#L68:94,TypeScript,20,6,2
20 lines of code for unit KaartlagenlijstTab.tsx.KaartlagenlijstTab(),LOW,RAW,2026-06-04,30,KaartlagenlijstTab.tsx.KaartlagenlijstTab(),src/Components/HomePage/Body/Left/Common/BottomTabs/KaartlagenlijstTab.tsx#L5:30,TypeScript,20,1,0
20 lines of code for unit spoedReportPdf.ts.waitForEmbeddedAssets(Page),LOW,RAW,2026-06-29,5,spoedReportPdf.ts.waitForEmbeddedAssets(Page),backend/src/routes/emails/spoedReportPdf.ts#L22:41,TypeScript,20,9,1
20 lines of code for unit Buttons.tsx.Buttons(any),LOW,RAW,2026-06-04,30,Buttons.tsx.Buttons(any),src/Components/HomePage/Body/Left/Voorbereiding/TemplateFlight/Steps/Step2/Buttons.tsx#L10:32,TypeScript,20,1,1
"20 lines of code for unit db.ts.queueDeviceCommand(string,DeviceCommand)",LOW,RAW,2026-06-04,30,"db.ts.queueDeviceCommand(string,DeviceCommand)",backend/src/routes/devices-updates/db.ts#L153:177,TypeScript,20,2,2
20 lines of code for unit loadRoles(),LOW,RAW,2026-06-29,5,loadRoles(),src/Components/DashboardPage/shared/useKeycloakRoles.ts#L17:36,TypeScript,20,5,0
20 lines of code for unit index.tsx.Step3(),LOW,RAW,2026-06-04,30,index.tsx.Step3(),src/Components/HomePage/Body/Left/Nabewerking/CreateReport/Steps/Step3/index.tsx#L10:56,TypeScript,20,4,0
"20 lines of code for unit buildGeometryPointsFromDrawn.ts.webMercatorToWgs84(number,number)",LOW,RAW,2026-07-04,0,"buildGeometryPointsFromDrawn.ts.webMercatorToWgs84(number,number)",src/Components/HomePage/Body/Left/Voorbereiding/DrawingTool/helpers/buildGeometryPointsFromDrawn.ts#L27:48,TypeScript,20,5,2
20 lines of code for unit fetchAndRegisterToken(),LOW,RAW,2026-06-04,30,fetchAndRegisterToken(),src/helpers/refreshToken.ts#L35:58,TypeScript,20,6,0
20 lines of code for unit handleClick(__esri.ViewClickEvent),LOW,RAW,2026-06-04,30,handleClick(__esri.ViewClickEvent),src/hooks/features/useRenderPoints.ts#L57:79,TypeScript,20,4,1
20 lines of code for unit calculateCenterAndZoom.ts.geometryCentroid(FinishedGeometryType),LOW,RAW,2026-06-04,30,calculateCenterAndZoom.ts.geometryCentroid(FinishedGeometryType),src/helpers/ArcGISHelpers/calculateCenterAndZoom.ts#L6:27,TypeScript,20,8,1
20 lines of code for unit Buttons(any),LOW,RAW,2026-06-04,30,Buttons(any),src/Components/HomePage/Body/Left/Voorbereiding/ViewPlan/Steps/AddPointsFromPlan/SelectFromSource/index.tsx#L212:236,TypeScript,20,3,1
20 lines of code for unit SearchedTab.tsx.SearchedTab(),LOW,RAW,2026-06-04,30,SearchedTab.tsx.SearchedTab(),src/Components/HomePage/Body/Left/Common/BottomTabs/SearchedTab.tsx#L5:33,TypeScript,20,1,0
"20 lines of code for unit buildFinishedPlanQuery.ts.buildFinishedPlansTimeRangeQuery(unknown,RegioFilterOptions)",LOW,RAW,2026-07-01,3,"buildFinishedPlanQuery.ts.buildFinishedPlansTimeRangeQuery(unknown,RegioFilterOptions)",backend/src/helpers/queries/finished-plans/buildFinishedPlanQuery.ts#L86:114,TypeScript,20,1,2
20 lines of code for unit ResultTab.tsx.ResultTab(),LOW,RAW,2026-06-04,30,ResultTab.tsx.ResultTab(),src/Components/HomePage/Body/Left/Common/BottomTabs/ResultTab.tsx#L6:33,TypeScript,20,2,0
20 lines of code for unit pointJson.ts,LOW,RAW,2026-06-30,4,pointJson.ts,backend/src/helpers/queries/points/pointJson.ts#L1:20,TypeScript,20,1,0
20 lines of code for unit swagger.ts.setupSwagger(Express),LOW,RAW,2026-06-10,24,swagger.ts.setupSwagger(Express),backend/src/routes/swagger.ts#L54:74,TypeScript,20,1,1
20 lines of code for unit Buttons.tsx.Buttons(any),LOW,RAW,2026-06-04,30,Buttons.tsx.Buttons(any),src/Components/HomePage/Body/Left/Voorbereiding/FlightPlan/Steps/Step2/Buttons.tsx#L10:32,TypeScript,20,1,1
"20 lines of code for unit useSortedPointSelection.ts.useSortedPointSelection(EnrichedPointType[],number[])",LOW,RAW,2026-06-10,24,"useSortedPointSelection.ts.useSortedPointSelection(EnrichedPointType[],number[])",src/hooks/viewPlan/useSortedPointSelection.ts#L4:16,TypeScript,20,12,2
20 lines of code for unit useCoordinatesWatcher.ts.useCoordinatesWatcher(),LOW,RAW,2026-06-04,30,useCoordinatesWatcher.ts.useCoordinatesWatcher(),src/Components/HomePage/Body/Left/Voorbereiding/EnrichedAddPoint/Steps/Step2/useCoordinatesWatcher.ts#L4:22,TypeScript,20,1,0
20 lines of code for unit fetchLatestInstaller(),LOW,RAW,2026-06-04,30,fetchLatestInstaller(),src/Components/InstallationsPage/index.tsx#L27:46,TypeScript,20,6,0
20 lines of code for unit verifyRegioFlightPlanCases.ts.runPreparedPlansRegioCheck(any),LOW,RAW,2026-07-04,0,verifyRegioFlightPlanCases.ts.runPreparedPlansRegioCheck(any),backend/scripts/verifyRegioFlightPlanCases.ts#L217:241,TypeScript,20,1,1
20 lines of code for unit getTransformedCoordinates.ts.getTransformedCoordinates(TransformCoordinatesInput),LOW,RAW,2026-07-04,0,getTransformedCoordinates.ts.getTransformedCoordinates(TransformCoordinatesInput),src/helpers/ArcGISHelpers/getTransformedCoordinates.ts#L10:34,TypeScript,20,7,1
20 lines of code for unit hoverMapGraphic.ts.findHoveredMapGraphic(any),LOW,RAW,2026-07-04,0,hoverMapGraphic.ts.findHoveredMapGraphic(any),src/hooks/features/hoverMapGraphic.ts#L6:36,TypeScript,20,10,1
20 lines of code for unit Buttons.tsx.Buttons(),LOW,RAW,2026-06-04,30,Buttons.tsx.Buttons(),src/Components/HomePage/Body/Left/Voorbereiding/DrawingTool/Step2/Buttons.tsx#L17:34,TypeScript,20,4,0
20 lines of code for unit filterState.ts,LOW,RAW,2026-06-04,30,filterState.ts,src/helpers/ZustandStates/filterState.ts#L1:52,TypeScript,20,1,0
20 lines of code for unit Form.tsx.Form(),LOW,RAW,2026-06-04,30,Form.tsx.Form(),src/Components/HomePage/Body/Left/Voorbereiding/ViewPlan/Steps/AddPointStep/Steps/Step3/Form.tsx#L7:73,TypeScript,20,1,0
19 lines of code for unit index.tsx.Step1(),LOW,RAW,2026-06-04,30,index.tsx.Step1(),src/Components/HomePage/Body/Left/Voorbereiding/AddPointsVluchtPlan/Step1/index.tsx#L10:30,TypeScript,19,3,0
19 lines of code for unit spoedReportMail.ts.sendSpoedReportMail(SpoedMailPayload),LOW,RAW,2026-06-29,5,spoedReportMail.ts.sendSpoedReportMail(SpoedMailPayload),backend/src/routes/emails/spoedReportMail.ts#L29:49,TypeScript,19,1,1
19 lines of code for unit useDrawYellowGeometries.ts.useDrawYellowGeometries(UseDrawYellowGeometriesOptions),LOW,RAW,2026-06-04,30,useDrawYellowGeometries.ts.useDrawYellowGeometries(UseDrawYellowGeometriesOptions),src/hooks/hover-click-handlers/useDrawYellowGeometries.ts#L19:52,TypeScript,19,8,1
"19 lines of code for unit getSearchedPoints.ts.getSearchedPoints(Request,Response)",LOW,RAW,2026-06-04,30,"getSearchedPoints.ts.getSearchedPoints(Request,Response)",backend/src/routes/points/getSearchedPoints.ts#L5:29,TypeScript,19,4,2
19 lines of code for unit Buttons.tsx.Step1Buttons(),LOW,RAW,2026-06-04,30,Buttons.tsx.Step1Buttons(),src/Components/HomePage/Body/Left/Nabewerking/CreateReport/Steps/Step1/Buttons.tsx#L9:27,TypeScript,19,1,0
19 lines of code for unit SelectedPlanGeometryImagesPanel.tsx.SelectedPlanGeometryImagesPanel(any),LOW,RAW,2026-06-04,30,SelectedPlanGeometryImagesPanel.tsx.SelectedPlanGeometryImagesPanel(any),src/Components/HomePage/Body/Right/SelectedPlansPointsList/Images/SelectedPlanGeometryImagesPanel.tsx#L8:52,TypeScript,19,6,1
19 lines of code for unit SelectedPlanPointImagesPanel.tsx.SelectedPlanPointImagesPanel(any),LOW,RAW,2026-06-04,30,SelectedPlanPointImagesPanel.tsx.SelectedPlanPointImagesPanel(any),src/Components/HomePage/Body/Right/SelectedPlansPointsList/Images/SelectedPlanPointImagesPanel.tsx#L8:52,TypeScript,19,6,1
19 lines of code for unit resetFormAndState(),LOW,RAW,2026-06-04,30,resetFormAndState(),src/Components/HomePage/Body/Left/Voorbereiding/ViewPlan/Steps/AddPointStep/index.tsx#L113:131,TypeScript,19,1,0
19 lines of code for unit FinishedPlanRegioWhereInput.buildFinishedPlanRegioWhereClause(FinishedPlanRegioWhereInput),LOW,RAW,2026-07-01,3,FinishedPlanRegioWhereInput.buildFinishedPlanRegioWhereClause(FinishedPlanRegioWhereInput),backend/src/helpers/queries/finished-plans/buildFinishedPlanQuery.ts#L123:144,TypeScript,19,1,1
19 lines of code for unit index.tsx.ChangePoint(any),LOW,RAW,2026-06-04,30,index.tsx.ChangePoint(any),src/Components/HomePage/Body/Left/Nabewerking/VluchtenZoeken/Steps/Step2/Actions/Waarnemingen/EditPointDetails/Actions/ChangePoint/index.tsx#L15:38,TypeScript,19,3,1
19 lines of code for unit buildUpdatedPlanFromForm.ts.buildViewPlanUpdatePayload(BuildViewPlanUpdatePayloadInput),LOW,RAW,2026-07-04,0,buildUpdatedPlanFromForm.ts.buildViewPlanUpdatePayload(BuildViewPlanUpdatePayloadInput),src/Components/HomePage/Body/Left/Voorbereiding/ViewPlan/Steps/Step2/helpers/buildUpdatedPlanFromForm.ts#L66:85,TypeScript,19,1,1
19 lines of code for unit handlePrevious(),LOW,RAW,2026-06-04,30,handlePrevious(),src/Components/HomePage/Body/Left/Nabewerking/CreateReport/Steps/Step2/Buttons.tsx#L49:79,TypeScript,19,1,0
19 lines of code for unit useDeletePointState.ts,LOW,RAW,2026-06-10,24,useDeletePointState.ts,src/hooks/zustand/tools/useDeletePointState.ts#L1:150,TypeScript,19,1,0
19 lines of code for unit NextBtn.tsx.NextBtn(),LOW,RAW,2026-06-04,30,NextBtn.tsx.NextBtn(),src/Components/HomePage/Body/Left/Voorbereiding/EnrichedAddPoint/Steps/Step2/NextBtn.tsx#L12:31,TypeScript,19,2,0
"19 lines of code for unit getTimeRange.ts.getTimeRange(Request,Response)",LOW,RAW,2026-06-04,30,"getTimeRange.ts.getTimeRange(Request,Response)",backend/src/routes/timeslider/getTimeRange.ts#L6:27,TypeScript,19,3,2
19 lines of code for unit UpdateBtn.tsx.UpdateBtn(),LOW,RAW,2026-06-04,30,UpdateBtn.tsx.UpdateBtn(),src/Components/HomePage/Body/Left/Voorbereiding/EnrichedAddPoint/Steps/Step2/UpdateBtn.tsx#L8:27,TypeScript,19,1,0
"19 lines of code for unit selectedPlansPointsList.ts.buildListItems(PointWithPlan[],GeometryWithPlan[])",LOW,RAW,2026-06-04,30,"selectedPlansPointsList.ts.buildListItems(PointWithPlan[],GeometryWithPlan[])",src/helpers/timeslider/selectedPlansPointsList.ts#L85:106,TypeScript,19,1,2
19 lines of code for unit reportUpload.ts,LOW,RAW,2026-06-04,30,reportUpload.ts,backend/src/routes/reportUpload.ts#L1:15,TypeScript,19,3,0
19 lines of code for unit selectFromSourceGraphics.ts.createYellowPointGraphic(SelectFromSourceItemPoint),LOW,RAW,2026-07-04,0,selectFromSourceGraphics.ts.createYellowPointGraphic(SelectFromSourceItemPoint),src/Components/HomePage/Body/Left/Voorbereiding/ViewPlan/Steps/AddPointsFromPlan/SelectFromSource/helpers/selectFromSourceGraphics.ts#L95:115,TypeScript,19,2,1
19 lines of code for unit index.tsx.StepMultiplePoints(any),LOW,RAW,2026-06-04,30,index.tsx.StepMultiplePoints(any),src/Components/HomePage/Body/Left/Voorbereiding/SelectedPoint/AddToPlan/StepMultiplePoints/index.tsx#L7:69,TypeScript,19,2,1
"19 lines of code for unit deleteFlightPlan.ts.deleteFinishedFlightPlan(string,Response)",LOW,RAW,2026-07-04,0,"deleteFlightPlan.ts.deleteFinishedFlightPlan(string,Response)",backend/src/routes/flightPlans/deleteFlightPlan.ts#L23:44,TypeScript,19,3,2
19 lines of code for unit useCoordinateSystemSync.ts.useCoordinateSystemSync(any),LOW,RAW,2026-06-10,24,useCoordinateSystemSync.ts.useCoordinateSystemSync(any),src/hooks/editPoint/useCoordinateSystemSync.ts#L13:47,TypeScript,19,3,1
"19 lines of code for unit createPointGraphic.ts.getPointCoordinates(PointData,boolean)",LOW,RAW,2026-06-04,30,"createPointGraphic.ts.getPointCoordinates(PointData,boolean)",src/helpers/ArcGISHelpers/createPointGraphic.ts#L56:82,TypeScript,19,8,2
19 lines of code for unit handleUpdate(),LOW,RAW,2026-06-04,30,handleUpdate(),src/Components/HomePage/Body/Left/Tools/Emailijst/EditEmail/index.tsx#L28:47,TypeScript,19,2,0
19 lines of code for unit handleUpdate(),LOW,RAW,2026-06-04,30,handleUpdate(),src/Components/HomePage/Body/Left/Voorbereiding/ViewPlan/Steps/AddPointStep/Steps/Step2/index.tsx#L37:61,TypeScript,19,4,0
"19 lines of code for unit FinishedPlanWriter.insertOneAttachment(FinishedPlanPoint,FinishedPlanAttachment)",LOW,RAW,2026-07-01,3,"FinishedPlanWriter.insertOneAttachment(FinishedPlanPoint,FinishedPlanAttachment)",backend/src/helpers/finished-plans/createFinishedPlanDb.ts#L167:188,TypeScript,19,7,2
19 lines of code for unit handleCancelClick(),LOW,RAW,2026-06-04,30,handleCancelClick(),src/Components/HomePage/Body/Left/Nabewerking/CreateReport/Steps/Step2/Buttons.tsx#L94:122,TypeScript,19,1,0
19 lines of code for unit index.tsx,LOW,RAW,2026-06-04,30,index.tsx,src/Components/HomePage/Body/Bottom/PointsView/FlightPlansTable/index.tsx#L1:40,TypeScript,19,1,0
19 lines of code for unit PlansList.tsx.PlansList(any),LOW,RAW,2026-06-04,30,PlansList.tsx.PlansList(any),src/Components/HomePage/Body/Left/Voorbereiding/SelectedPoint/ViewPlans/PlansList.tsx#L7:71,TypeScript,19,1,1
19 lines of code for unit index.ts.useHandleStep2(UseHandleStep2Input),LOW,RAW,2026-07-04,0,index.ts.useHandleStep2(UseHandleStep2Input),src/Components/HomePage/Body/Left/Nabewerking/CreateReport/helpers/useHandleStep2/index.ts#L29:48,TypeScript,19,2,1
19 lines of code for unit db.ts.claimPendingCommand(string),LOW,RAW,2026-06-04,30,db.ts.claimPendingCommand(string),backend/src/routes/devices-updates/db.ts#L179:199,TypeScript,19,3,1
19 lines of code for unit index.ts,LOW,RAW,2026-06-04,30,index.ts,backend/src/routes/emails/index.ts#L1:36,TypeScript,19,1,0
"19 lines of code for unit formatPlanGeometries.ts.formatFinishedPlansWithGeometries(Record<string, unknown>,any)",LOW,RAW,2026-06-30,4,"formatPlanGeometries.ts.formatFinishedPlansWithGeometries(Record<string, unknown>,any)",backend/src/helpers/queries/geometries/formatPlanGeometries.ts#L152:165,TypeScript,19,7,2
"19 lines of code for unit CreateKeycloakUserInput.createKeycloakUserRecord(Request,CreateKeycloakUserInput)",LOW,RAW,2026-07-04,0,"CreateKeycloakUserInput.createKeycloakUserRecord(Request,CreateKeycloakUserInput)",backend/src/routes/keycloak/management/users/createKeycloakUser.ts#L33:56,TypeScript,19,3,2
19 lines of code for unit Buttons.tsx.Buttons(),LOW,RAW,2026-06-04,30,Buttons.tsx.Buttons(),src/Components/HomePage/Body/Left/Voorbereiding/AddPointsVluchtPlan/Step3/Buttons.tsx#L10:27,TypeScript,19,1,0
18 lines of code for unit invalidateAfterMutation.ts.refreshFeatureStores(string),LOW,RAW,2026-06-04,30,invalidateAfterMutation.ts.refreshFeatureStores(string),src/lib/invalidateAfterMutation.ts#L87:107,TypeScript,18,6,1
"18 lines of code for unit pointSqlBuilders.ts.buildPointUpdateParams(PointCoreSource,unknown)",LOW,RAW,2026-06-30,4,"pointSqlBuilders.ts.buildPointUpdateParams(PointCoreSource,unknown)",backend/src/helpers/queries/points/pointSqlBuilders.ts#L48:69,TypeScript,18,1,2
18 lines of code for unit useMapPointSelectionClick.ts.useMapPointSelectionClick(any),LOW,RAW,2026-06-10,24,useMapPointSelectionClick.ts.useMapPointSelectionClick(any),src/hooks/viewPlan/useMapPointSelectionClick.ts#L17:46,TypeScript,18,4,1
18 lines of code for unit db.ts.resetDeviceCommand(string),LOW,RAW,2026-06-05,29,db.ts.resetDeviceCommand(string),backend/src/routes/devices-updates/db.ts#L132:151,TypeScript,18,2,1
18 lines of code for unit PeriodFilterPanel.tsx.PeriodFilterPanel(any),LOW,RAW,2026-06-29,5,PeriodFilterPanel.tsx.PeriodFilterPanel(any),src/Components/HomePage/Body/Left/Common/PeriodFilterPanel.tsx#L17:114,TypeScript,18,1,1
18 lines of code for unit useRenderPlanPoints.ts.useRenderPlanPoints(),LOW,RAW,2026-06-04,30,useRenderPlanPoints.ts.useRenderPlanPoints(),src/Components/HomePage/Body/Left/Nabewerking/VluchtenZoeken/hooks/useRenderPlanPoints.ts#L13:33,TypeScript,18,3,0
18 lines of code for unit useAddPointStates.ts,LOW,RAW,2026-06-04,30,useAddPointStates.ts,src/hooks/zustand/useAddPointStates.ts#L1:44,TypeScript,18,1,0
18 lines of code for unit Geometries.tsx.Geometries(GeometriesProps),LOW,RAW,2026-06-04,30,Geometries.tsx.Geometries(GeometriesProps),src/Components/HomePage/Body/Left/Nabewerking/CreateReport/Steps/Step2/Geometries.tsx#L12:57,TypeScript,18,1,1
"18 lines of code for unit verifyRegioFlightPlanCases.ts.assertPlanRegiosWithDb(RegioTestReporter,any)",LOW,RAW,2026-07-04,0,"verifyRegioFlightPlanCases.ts.assertPlanRegiosWithDb(RegioTestReporter,any)",backend/scripts/verifyRegioFlightPlanCases.ts#L133:161,TypeScript,18,3,2
18 lines of code for unit db.ts,LOW,RAW,2026-06-04,30,db.ts,backend/src/db.ts#L1:24,TypeScript,18,2,0
18 lines of code for unit getAvailableRoles.ts.getAvailableRoles(Request),LOW,RAW,2026-06-04,30,getAvailableRoles.ts.getAvailableRoles(Request),backend/src/routes/keycloak/management/users/getAvailableRoles.ts#L9:35,TypeScript,18,3,1
18 lines of code for unit pointPlanImagesToAttachments.ts.pointPlanImagesToAttachments(PointPlanImageRow[]),LOW,RAW,2026-06-04,30,pointPlanImagesToAttachments.ts.pointPlanImagesToAttachments(PointPlanImageRow[]),src/Components/HomePage/Body/Right/SelectedPlansPointsList/Common/pointPlanImagesToAttachments.ts#L5:24,TypeScript,18,8,1
18 lines of code for unit Filter.tsx.Filter(any),LOW,RAW,2026-06-04,30,Filter.tsx.Filter(any),src/Components/HomePage/Body/Left/Voorbereiding/FlightPlan/Common/Filter.tsx#L13:117,TypeScript,18,2,1
18 lines of code for unit LayerItem.tsx.LayerItem(any),LOW,RAW,2026-06-04,30,LayerItem.tsx.LayerItem(any),src/Components/HomePage/Body/Left/Common/KaartLegend/LayersList/Common/LayerItem.tsx#L6:24,TypeScript,18,4,1
18 lines of code for unit SendErrorInput.mapMulterError(any),LOW,RAW,2026-07-01,3,SendErrorInput.mapMulterError(any),backend/src/routes/reportUpload.ts#L57:74,TypeScript,18,9,1
18 lines of code for unit useGeometryPlanImages.ts.useGeometryPlanImages(any),LOW,RAW,2026-06-04,30,useGeometryPlanImages.ts.useGeometryPlanImages(any),src/Components/HomePage/Body/Right/SelectedPlansPointsList/Common/useGeometryPlanImages.ts#L12:38,TypeScript,18,5,1
18 lines of code for unit PointJsonFieldKey.buildAttachmentsAggregationExpr(string),LOW,RAW,2026-06-30,4,PointJsonFieldKey.buildAttachmentsAggregationExpr(string),backend/src/helpers/queries/points/pointJson.ts#L140:159,TypeScript,18,1,1
18 lines of code for unit CurrentPointsList.tsx.CurrentPointsList(),LOW,RAW,2026-06-04,30,CurrentPointsList.tsx.CurrentPointsList(),src/Components/HomePage/Body/Left/Voorbereiding/ReuseFlightPlan/Steps/Step2/CurrentPointsList.tsx#L6:15,TypeScript,18,2,0
18 lines of code for unit index.tsx.Step1(),LOW,RAW,2026-07-04,0,index.tsx.Step1(),src/Components/HomePage/Body/Left/Voorbereiding/ReuseFlightPlan/Steps/Step1/index.tsx#L14:60,TypeScript,18,4,0
18 lines of code for unit geometryMapGraphics.ts.buildGeometryMapGraphics(Geometry[]),LOW,RAW,2026-07-04,0,geometryMapGraphics.ts.buildGeometryMapGraphics(Geometry[]),src/hooks/features/geometryMapGraphics.ts#L4:21,TypeScript,18,1,1
18 lines of code for unit handleHoveredGeometry(HoverableGeometry|null|undefined),LOW,RAW,2026-06-04,30,handleHoveredGeometry(HoverableGeometry|null|undefined),src/hooks/hover-click-handlers/useGeometryHover.ts#L57:77,TypeScript,18,8,1
18 lines of code for unit usePointPlanImages.ts.usePointPlanImages(any),LOW,RAW,2026-06-04,30,usePointPlanImages.ts.usePointPlanImages(any),src/Components/HomePage/Body/Right/SelectedPlansPointsList/Common/usePointPlanImages.ts#L21:47,TypeScript,18,5,1
18 lines of code for unit verify-regio-apis.ts.main(),LOW,RAW,2026-06-10,24,verify-regio-apis.ts.main(),backend/scripts/verify-regio-apis.ts#L146:167,TypeScript,18,2,0
18 lines of code for unit createPointFromImportDb.ts.buildBulkInsertQuery(NormalizedImportRow[]),LOW,RAW,2026-07-01,3,createPointFromImportDb.ts.buildBulkInsertQuery(NormalizedImportRow[]),backend/src/helpers/points/createPointFromImportDb.ts#L44:65,TypeScript,18,1,1
"18 lines of code for unit AssertPlanRegiosInput.assertPlanRegios(RegioTestReporter,AssertPlanRegiosInput)",LOW,RAW,2026-07-04,0,"AssertPlanRegiosInput.assertPlanRegios(RegioTestReporter,AssertPlanRegiosInput)",backend/scripts/verifyRegioFlightPlanCases.ts#L111:131,TypeScript,18,4,2
18 lines of code for unit index.tsx.TemplateFlight(),LOW,RAW,2026-06-04,30,index.tsx.TemplateFlight(),src/Components/HomePage/Body/Left/Voorbereiding/TemplateFlight/index.tsx#L11:63,TypeScript,18,4,0
"18 lines of code for unit createLogs.ts.createLogs(Request,Response)",LOW,RAW,2026-06-04,30,"createLogs.ts.createLogs(Request,Response)",backend/src/routes/logs/createLogs.ts#L9:29,TypeScript,18,4,2
18 lines of code for unit handleCancel(),LOW,RAW,2026-06-04,30,handleCancel(),src/Components/HomePage/Body/Left/Voorbereiding/ViewPlan/Steps/AddPointStep/index.tsx#L89:111,TypeScript,18,5,0
18 lines of code for unit useRenderLocalGeometries.ts.useRenderLocalGeometries(Geometry[]),LOW,RAW,2026-06-04,30,useRenderLocalGeometries.ts.useRenderLocalGeometries(Geometry[]),src/hooks/features/useRenderLocalGeometries.ts#L13:37,TypeScript,18,3,1
18 lines of code for unit handleLogout(),LOW,RAW,2026-06-04,30,handleLogout(),src/Components/DashboardPage/Navbar.tsx#L13:37,TypeScript,18,2,0
18 lines of code for unit handleSubmit(),LOW,RAW,2026-06-04,30,handleSubmit(),src/Components/HomePage/Body/Left/Voorbereiding/SelectedPoint/AddToPlan/StepMultiplePoints/Buttons.tsx#L24:46,TypeScript,18,3,0
18 lines of code for unit UserList.tsx.UserList(any),LOW,RAW,2026-06-04,30,UserList.tsx.UserList(any),src/Components/HomePage/Head/Users/UserList.tsx#L9:26,TypeScript,18,2,1
"18 lines of code for unit formatPlanGeometries.ts.formatPlansWithGeometries(Record<string, unknown>)",LOW,RAW,2026-06-30,4,"formatPlanGeometries.ts.formatPlansWithGeometries(Record<string, unknown>)",backend/src/helpers/queries/geometries/formatPlanGeometries.ts#L70:91,TypeScript,18,7,1
18 lines of code for unit FinishedPlanWriter.insertFinishedRow(FinishedPlanPoint),LOW,RAW,2026-07-01,3,FinishedPlanWriter.insertFinishedRow(FinishedPlanPoint),backend/src/helpers/finished-plans/createFinishedPlanDb.ts#L202:220,TypeScript,18,9,1
"18 lines of code for unit buildPointUpdatePayload.ts.buildPointUpdatePayload(PointUpdateFormFields,number,string)",LOW,RAW,2026-06-29,5,"buildPointUpdatePayload.ts.buildPointUpdatePayload(PointUpdateFormFields,number,string)",src/helpers/points/buildPointUpdatePayload.ts#L18:39,TypeScript,18,2,3
17 lines of code for unit ImportVluchtPlan.tsx.ImportVluchtPlan(),LOW,RAW,2026-06-04,30,ImportVluchtPlan.tsx.ImportVluchtPlan(),src/Components/HomePage/Body/Left/Voorbereiding/FlightPlan/Steps/Step1/ImportVluchtPlan.tsx#L29:44,TypeScript,17,1,0
17 lines of code for unit Buttons.tsx.Buttons(any),LOW,RAW,2026-06-04,30,Buttons.tsx.Buttons(any),src/Components/HomePage/Body/Left/Voorbereiding/ViewPlan/Steps/AddPointToPlan/Buttons.tsx#L19:44,TypeScript,17,1,1
"17 lines of code for unit pathPointGraphics.ts.addSelectedPathHighlight(__esri.GraphicsLayer,PathPoint)",LOW,RAW,2026-07-04,0,"pathPointGraphics.ts.addSelectedPathHighlight(__esri.GraphicsLayer,PathPoint)",src/hooks/hover-click-handlers/pathPointGraphics.ts#L14:33,TypeScript,17,1,2
17 lines of code for unit importPointRowNormalization.ts.normalizeImportRows(unknown[]),LOW,RAW,2026-07-01,3,importPointRowNormalization.ts.normalizeImportRows(unknown[]),backend/src/helpers/points/importPointRowNormalization.ts#L93:115,TypeScript,17,4,1
"17 lines of code for unit createPlanBoundingBoxGraphic.ts.createPlanBoundingBoxPolygon(PlanBoundingBoxPoint[],any,any)",LOW,RAW,2026-06-06,28,"createPlanBoundingBoxGraphic.ts.createPlanBoundingBoxPolygon(PlanBoundingBoxPoint[],any,any)",src/helpers/ArcGISHelpers/createPlanBoundingBoxGraphic.ts#L111:131,TypeScript,17,2,3
"17 lines of code for unit ImportPointsDbResult.bulkInsertRowParams(NormalizedImportRow,Date)",LOW,RAW,2026-07-01,3,"ImportPointsDbResult.bulkInsertRowParams(NormalizedImportRow,Date)",backend/src/helpers/points/createPointFromImportDb.ts#L26:42,TypeScript,17,1,2
17 lines of code for unit handleCreate(),LOW,RAW,2026-06-04,30,handleCreate(),src/Components/HomePage/Body/Left/Tools/Emailijst/AddEmail/index.tsx#L28:45,TypeScript,17,2,0
17 lines of code for unit handleSubmit(),LOW,RAW,2026-06-04,30,handleSubmit(),src/Components/HomePage/Body/Left/Tools/AandachtspuntenVerwijderen/Actions/DeletePoint/index.tsx#L20:38,TypeScript,17,3,0
"17 lines of code for unit finishedPlanMapGraphics.ts.addFinishedPlanGeometryCentroidMarkers(__esri.GraphicsLayer,FinishedFlightPlanType,SimpleMarkerSymbol)",LOW,RAW,2026-06-06,28,"finishedPlanMapGraphics.ts.addFinishedPlanGeometryCentroidMarkers(__esri.GraphicsLayer,FinishedFlightPlanType,SimpleMarkerSymbol)",src/helpers/ArcGISHelpers/finishedPlanMapGraphics.ts#L40:61,TypeScript,17,4,3
17 lines of code for unit EditPointTabs.tsx.EditPointTabs(),LOW,RAW,2026-06-04,30,EditPointTabs.tsx.EditPointTabs(),src/Components/HomePage/Body/Left/Common/BottomTabs/EditPointTabs.tsx#L10:96,TypeScript,17,11,0
17 lines of code for unit useCreateData.ts.useCreateData(string),LOW,RAW,2026-06-04,30,useCreateData.ts.useCreateData(string),src/utils/useCreateData.ts#L25:30,TypeScript,17,4,1
"17 lines of code for unit pdfReportAttachments.ts.addOtherAttachmentsTable(jsPDF,PdfAttachment[])",LOW,RAW,2026-07-04,0,"pdfReportAttachments.ts.addOtherAttachmentsTable(jsPDF,PdfAttachment[])",src/Components/HomePage/Body/Left/Nabewerking/CreateReport/helpers/pdfReportAttachments.ts#L81:98,TypeScript,17,2,2
17 lines of code for unit handleBack(),LOW,RAW,2026-06-04,30,handleBack(),src/Components/HomePage/Body/Left/Voorbereiding/ViewPlan/Steps/AddPointStep/Steps/Step3/Buttons.tsx#L99:119,TypeScript,17,5,0
"17 lines of code for unit reportUpload.ts.uploadErrorHandler(any,any,any,any)",LOW,RAW,2026-07-01,3,"reportUpload.ts.uploadErrorHandler(any,any,any,any)",backend/src/routes/reportUpload.ts#L121:137,TypeScript,17,4,4
"17 lines of code for unit filterFinishedPlansForItem.ts.getItemDisplayTitle(FinishedFlightPlanType[],any,number)",LOW,RAW,2026-06-04,30,"filterFinishedPlansForItem.ts.getItemDisplayTitle(FinishedFlightPlanType[],any,number)",src/helpers/timeslider/filterFinishedPlansForItem.ts#L17:37,TypeScript,17,9,3
"17 lines of code for unit createPlanBoundingBoxGraphic.ts.createPlanBoundingBoxGraphic(PlanBoundingBoxPoint[],any,any,CreatePlanBoundingBoxGraphicOptions)",LOW,RAW,2026-06-06,28,"createPlanBoundingBoxGraphic.ts.createPlanBoundingBoxGraphic(PlanBoundingBoxPoint[],any,any,CreatePlanBoundingBoxGraphicOptions)",src/helpers/ArcGISHelpers/createPlanBoundingBoxGraphic.ts#L136:158,TypeScript,17,8,4
"17 lines of code for unit logFields.ts.buildLogInsertValues(number,LogInsertInput)",LOW,RAW,2026-06-30,4,"logFields.ts.buildLogInsertValues(number,LogInsertInput)",backend/src/helpers/queries/logs/logFields.ts#L45:64,TypeScript,17,10,2
17 lines of code for unit featureLayerPopupMarker.ts.createFeatureLayerMarker(any),LOW,RAW,2026-07-04,0,featureLayerPopupMarker.ts.createFeatureLayerMarker(any),src/hooks/hover-click-handlers/featureLayerPopupMarker.ts#L4:26,TypeScript,17,2,1
"17 lines of code for unit getUserById.ts.getUserById(string,Request)",LOW,RAW,2026-06-04,30,"getUserById.ts.getUserById(string,Request)",backend/src/routes/keycloak/management/users/getUserById.ts#L10:32,TypeScript,17,2,2
"17 lines of code for unit getUsers.ts.getUsers(Request,Response)",LOW,RAW,2026-06-04,30,"getUsers.ts.getUsers(Request,Response)",backend/src/routes/users/getUsers.ts#L4:22,TypeScript,17,2,2
"17 lines of code for unit getPrePreparedPlanPoints.ts.getPrepreparedFlightPlanPoints(Request,Response)",LOW,RAW,2026-06-04,30,"getPrePreparedPlanPoints.ts.getPrepreparedFlightPlanPoints(Request,Response)",backend/src/routes/points/getPrePreparedPlanPoints.ts#L5:26,TypeScript,17,4,2
17 lines of code for unit pointFields.ts,LOW,RAW,2026-06-30,4,pointFields.ts,backend/src/helpers/queries/points/pointFields.ts#L1:19,TypeScript,17,1,0
17 lines of code for unit FilterTabs.tsx.FilterTabs(),LOW,RAW,2026-06-04,30,FilterTabs.tsx.FilterTabs(),src/Components/HomePage/Head/Common/FilterTabs.tsx#L11:25,TypeScript,17,3,0
17 lines of code for unit index.tsx.FlightPlansTable(any),LOW,RAW,2026-06-04,30,index.tsx.FlightPlansTable(any),src/Components/HomePage/Body/Bottom/PointsView/FlightPlansTable/index.tsx#L42:81,TypeScript,17,2,1
"17 lines of code for unit getSearchedFlightPlans.ts.getSearchedFlightPlans(Request,Response)",LOW,RAW,2026-07-01,3,"getSearchedFlightPlans.ts.getSearchedFlightPlans(Request,Response)",backend/src/routes/flightPlans/getSearchedFlightPlans.ts#L4:25,TypeScript,17,2,2
17 lines of code for unit useResultTabStarredPointActions.ts.useResultTabStarredPointActions(),LOW,RAW,2026-06-29,5,useResultTabStarredPointActions.ts.useResultTabStarredPointActions(),src/hooks/resultTab/useResultTabStarredPointActions.ts#L6:13,TypeScript,17,1,0
17 lines of code for unit postProxyHelpers.ts.postUrlencodedToArcgis(any),LOW,RAW,2026-07-04,0,postProxyHelpers.ts.postUrlencodedToArcgis(any),backend/src/routes/arcgis/postProxyHelpers.ts#L32:54,TypeScript,17,3,1
17 lines of code for unit drawingToolMapCleanup.ts.clearCurrentlyDrawingGraphics(MapView|null|undefined),LOW,RAW,2026-06-10,24,drawingToolMapCleanup.ts.clearCurrentlyDrawingGraphics(MapView|null|undefined),src/Components/HomePage/Body/Left/Voorbereiding/DrawingTool/helpers/drawingToolMapCleanup.ts#L6:27,TypeScript,17,6,1
"17 lines of code for unit CreateKeycloakUserInput.setKeycloakUserPassword(Request,string,string)",LOW,RAW,2026-07-04,0,"CreateKeycloakUserInput.setKeycloakUserPassword(Request,string,string)",backend/src/routes/keycloak/management/users/createKeycloakUser.ts#L58:82,TypeScript,17,3,3
17 lines of code for unit updateUser.ts.updateUser(UpdateUserInput),LOW,RAW,2026-07-01,3,updateUser.ts.updateUser(UpdateUserInput),backend/src/routes/keycloak/management/users/updateUser.ts#L15:33,TypeScript,17,2,1
17 lines of code for unit useUpdateData.ts.useUpdateData(string),LOW,RAW,2026-06-04,30,useUpdateData.ts.useUpdateData(string),src/utils/useUpdateData.ts#L18:21,TypeScript,17,4,1
17 lines of code for unit buildPointSearchQuery.ts.buildPointSearchQuery(PointSearchFilter),LOW,RAW,2026-06-30,4,buildPointSearchQuery.ts.buildPointSearchQuery(PointSearchFilter),backend/src/helpers/queries/points/buildPointSearchQuery.ts#L6:24,TypeScript,17,2,1
16 lines of code for unit verifyRegioPointsGeometries.ts.runGeometriesRegioCheck(any),LOW,RAW,2026-07-04,0,verifyRegioPointsGeometries.ts.runGeometriesRegioCheck(any),backend/scripts/verifyRegioPointsGeometries.ts#L76:95,TypeScript,16,4,1
16 lines of code for unit handlePrevious(),LOW,RAW,2026-06-04,30,handlePrevious(),src/Components/HomePage/Body/Left/Nabewerking/VluchtenZoeken/Steps/Step2/Buttons.tsx#L29:50,TypeScript,16,4,0
16 lines of code for unit Buttons.tsx.Buttons(any),LOW,RAW,2026-06-04,30,Buttons.tsx.Buttons(any),src/Components/HomePage/Body/Left/Nabewerking/VluchtenZoeken/Steps/Step2/Buttons.tsx#L9:28,TypeScript,16,1,1
16 lines of code for unit CreateImageBtn.tsx.CreateImageBtn(any),LOW,RAW,2026-06-06,28,CreateImageBtn.tsx.CreateImageBtn(any),src/Components/HomePage/Body/Left/Nabewerking/VluchtenZoeken/Steps/Step2/Actions/Waarnemingen/common/Foto/CreateImageBtn.tsx#L17:42,TypeScript,16,4,1
16 lines of code for unit pointMapGraphics.ts.updateSavedGraphics(any),LOW,RAW,2026-07-04,0,pointMapGraphics.ts.updateSavedGraphics(any),src/Components/HomePage/Body/Left/Nabewerking/VluchtenZoeken/Steps/Step2/Actions/Waarnemingen/EditPointDetails/Actions/EditPointCoordinates/pointMapGraphics.ts#L108:131,TypeScript,16,1,1
16 lines of code for unit goToPoint(),LOW,RAW,2026-06-04,30,goToPoint(),src/Components/HomePage/Body/Left/Common/SearchedResultsTab/FlightPlans/FlightPlansList/ClickedPlan.tsx#L39:55,TypeScript,16,4,0
16 lines of code for unit toggleStarPlan(FlightPlanType),LOW,RAW,2026-06-04,30,toggleStarPlan(FlightPlanType),src/Components/HomePage/Body/Bottom/PointsView/FlightPlansTable/index.tsx#L82:100,TypeScript,16,4,1
16 lines of code for unit regioFilter.ts.buildRegioWhereClause(BuildRegioWhereClauseInput),LOW,RAW,2026-07-01,3,regioFilter.ts.buildRegioWhereClause(BuildRegioWhereClauseInput),backend/src/helpers/queries/shared/regioFilter.ts#L95:114,TypeScript,16,3,1
"16 lines of code for unit getSingleFinishedFlightPlan.ts.getSingleFinishedFlightPlan(Request,Response)",LOW,RAW,2026-06-04,30,"getSingleFinishedFlightPlan.ts.getSingleFinishedFlightPlan(Request,Response)",backend/src/routes/finished_plans/getSingleFinishedFlightPlan.ts#L7:29,TypeScript,16,3,2
16 lines of code for unit zoomToPoint(),LOW,RAW,2026-06-04,30,zoomToPoint(),src/Components/HomePage/Body/Left/Common/SearchedResultsTab/FlightPlans/FlightPlansList/ClickedPlan.tsx#L21:37,TypeScript,16,4,0
16 lines of code for unit verifyRegioPointsGeometries.ts.runPointsQuery(string|undefined),LOW,RAW,2026-07-04,0,verifyRegioPointsGeometries.ts.runPointsQuery(string|undefined),backend/scripts/verifyRegioPointsGeometries.ts#L6:21,TypeScript,16,3,1
"16 lines of code for unit PointsFilters.loadPoints(PointsFilters,Partial<PointsState>,any)",LOW,RAW,2026-06-04,30,"PointsFilters.loadPoints(PointsFilters,Partial<PointsState>,any)",src/hooks/features/usePointsStore.ts#L39:66,TypeScript,16,7,3
16 lines of code for unit flightPlanFields.ts.normalizeFlightPlanUpdateFields(FlightPlanBodySource),LOW,RAW,2026-06-30,4,flightPlanFields.ts.normalizeFlightPlanUpdateFields(FlightPlanBodySource),backend/src/helpers/queries/flight-plans/flightPlanFields.ts#L20:37,TypeScript,16,1,1
16 lines of code for unit GeometriesList.tsx.GeometryItemCheckBox(any),LOW,RAW,2026-06-04,30,GeometriesList.tsx.GeometryItemCheckBox(any),src/Components/HomePage/Body/Left/Voorbereiding/FlightPlan/Common/GeometriesList.tsx#L19:101,TypeScript,16,2,1
16 lines of code for unit DeletePointFormFields.pickDeletePointFormFields(DeletePoint),LOW,RAW,2026-06-29,5,DeletePointFormFields.pickDeletePointFormFields(DeletePoint),src/hooks/zustand/tools/useDeletePointState.ts#L78:95,TypeScript,16,1,1
16 lines of code for unit parsePointImportFile.ts.createEmptyPointRow(string),LOW,RAW,2026-07-04,0,parsePointImportFile.ts.createEmptyPointRow(string),src/Components/HomePage/Body/Left/Voorbereiding/FlightPlan/helpers/parsePointImportFile.ts#L22:37,TypeScript,16,1,1
16 lines of code for unit showTable.ts,LOW,RAW,2026-06-04,30,showTable.ts,src/helpers/ZustandStates/showTable.ts#L1:42,TypeScript,16,1,0
"16 lines of code for unit getAllFlightPlans.ts.getAllFlightPlans(Request,Response)",LOW,RAW,2026-07-01,3,"getAllFlightPlans.ts.getAllFlightPlans(Request,Response)",backend/src/routes/flightPlans/getAllFlightPlans.ts#L5:23,TypeScript,16,1,2
16 lines of code for unit index.tsx.AddUser(),LOW,RAW,2026-06-04,30,index.tsx.AddUser(),src/Components/DashboardPage/AddUser/index.tsx#L16:29,TypeScript,16,2,0
16 lines of code for unit handleSubmit(),LOW,RAW,2026-06-04,30,handleSubmit(),src/Components/HomePage/Body/Left/Nabewerking/ChangeFlightPlanStatus/ConfirmModal.tsx#L24:40,TypeScript,16,1,0
16 lines of code for unit listView(),LOW,RAW,2026-06-04,30,listView(),src/Components/HomePage/Body/Bottom/ClickedTableFunctions/PointsList.tsx#L70:86,TypeScript,16,2,0
16 lines of code for unit index.tsx.InstallationsPage(),LOW,RAW,2026-06-04,30,index.tsx.InstallationsPage(),src/Components/InstallationsPage/index.tsx#L14:26,TypeScript,16,2,0
16 lines of code for unit resolveRegioFilter.ts.getSessionRealmRoles(Request),LOW,RAW,2026-07-01,3,resolveRegioFilter.ts.getSessionRealmRoles(Request),backend/src/helpers/queries/shared/resolveRegioFilter.ts#L17:35,TypeScript,16,9,1
16 lines of code for unit PlansFilterSection.tsx.PlansFilterSection(Props),LOW,RAW,2026-06-04,30,PlansFilterSection.tsx.PlansFilterSection(Props),src/Components/TimesliderItemDetailPage/sections/PlansFilterSection.tsx#L18:97,TypeScript,16,1,1
16 lines of code for unit index.tsx.VliegrouteExporteren(any),LOW,RAW,2026-06-04,30,index.tsx.VliegrouteExporteren(any),src/Components/HomePage/Body/Left/Nabewerking/VluchtenZoeken/Steps/Step2/Actions/VliegrouteExporteren/index.tsx#L13:36,TypeScript,16,2,1
16 lines of code for unit exportCsv(),LOW,RAW,2026-06-04,30,exportCsv(),src/Components/HomePage/Body/Left/Common/SearchedResultsTab/FlightPlans/FlightPlansList/DropDown.tsx#L81:99,TypeScript,16,1,0
16 lines of code for unit regioFilter.ts.appendRegioFilter(AppendRegioFilterInput),LOW,RAW,2026-07-01,3,regioFilter.ts.appendRegioFilter(AppendRegioFilterInput),backend/src/helpers/queries/shared/regioFilter.ts#L74:93,TypeScript,16,3,1
16 lines of code for unit ChevronButton.tsx.ChevronButton(any),LOW,RAW,2026-06-04,30,ChevronButton.tsx.ChevronButton(any),src/Components/HomePage/Body/Common/ChevronButton.tsx#L5:35,TypeScript,16,2,1
16 lines of code for unit Filter.tsx.Filter(any),LOW,RAW,2026-06-04,30,Filter.tsx.Filter(any),src/Components/HomePage/Body/Left/Voorbereiding/AddPointsVluchtPlan/Common/Filter.tsx#L10:95,TypeScript,16,1,1
16 lines of code for unit buildPointUpdatePayload.ts.pickPointCoreLogData(EnrichedPointType),LOW,RAW,2026-06-29,5,buildPointUpdatePayload.ts.pickPointCoreLogData(EnrichedPointType),src/helpers/points/buildPointUpdatePayload.ts#L41:56,TypeScript,16,1,1
16 lines of code for unit renderTabContent(),LOW,RAW,2026-06-04,30,renderTabContent(),src/Components/HomePage/Body/Bottom/PlansView/index.tsx#L19:34,TypeScript,16,6,0
16 lines of code for unit exportCsv(),LOW,RAW,2026-06-04,30,exportCsv(),src/Components/HomePage/Body/Left/Common/ResultTab/ListPointsFunctions/index.tsx#L97:114,TypeScript,16,1,0
16 lines of code for unit types.ts.geometryToDraft(Geometry),LOW,RAW,2026-06-04,30,types.ts.geometryToDraft(Geometry),src/Components/HomePage/Body/Left/Tools/EditGeometry/EditForm/helpers/types.ts#L12:28,TypeScript,16,11,1
16 lines of code for unit Step1.tsx.Step1(any),LOW,RAW,2026-07-04,0,Step1.tsx.Step1(any),src/Components/HomePage/Body/Left/Voorbereiding/PrepareFlightPlan/Steps/Step1.tsx#L8:29,TypeScript,16,2,1
16 lines of code for unit pointSqlBuilders.ts,LOW,RAW,2026-06-30,4,pointSqlBuilders.ts,backend/src/helpers/queries/points/pointSqlBuilders.ts#L1:6,TypeScript,16,1,0
16 lines of code for unit cleanupSketch(),LOW,RAW,2026-06-04,30,cleanupSketch(),src/Components/HomePage/Body/Left/Voorbereiding/SelectedPoint/AddToPlan/index.tsx#L44:61,TypeScript,16,4,0
"16 lines of code for unit parseAgentReport.ts.parseAgentReportBody(Record<string, unknown>)",LOW,RAW,2026-07-04,0,"parseAgentReport.ts.parseAgentReportBody(Record<string, unknown>)",backend/src/routes/devices-updates/agent/parseAgentReport.ts#L18:33,TypeScript,16,6,1
"16 lines of code for unit getAllEmails.ts.getAllEmails(Request,Response)",LOW,RAW,2026-06-04,30,"getAllEmails.ts.getAllEmails(Request,Response)",backend/src/routes/emails/getAllEmails.ts#L4:21,TypeScript,16,3,2
16 lines of code for unit Buttons.tsx.Buttons(),LOW,RAW,2026-06-04,30,Buttons.tsx.Buttons(),src/Components/HomePage/Body/Left/Nabewerking/VluchtenZoeken/Steps/Step1/Content/Buttons.tsx#L13:29,TypeScript,16,2,0
"16 lines of code for unit createPoint.ts.createPoint(number,number)",LOW,RAW,2026-06-04,30,"createPoint.ts.createPoint(number,number)",src/helpers/ArcGISHelpers/createPoint.ts#L5:23,TypeScript,16,1,2
16 lines of code for unit verifyRegioFlightPlanCases.ts.runSwaggerStyleRegioCheck(any),LOW,RAW,2026-07-04,0,verifyRegioFlightPlanCases.ts.runSwaggerStyleRegioCheck(any),backend/scripts/verifyRegioFlightPlanCases.ts#L243:271,TypeScript,16,2,1
16 lines of code for unit selectAll(),LOW,RAW,2026-06-04,30,selectAll(),src/Components/HomePage/Body/Left/Common/ResultTab/ListPointsFunctions/index.tsx#L78:95,TypeScript,16,2,0
16 lines of code for unit LoginRequiredModal.tsx.LoginRequiredModal(Props),LOW,RAW,2026-06-04,30,LoginRequiredModal.tsx.LoginRequiredModal(Props),src/Components/TimesliderItemDetailPage/sections/LoginRequiredModal.tsx#L11:22,TypeScript,16,2,1
16 lines of code for unit exportCsv(),LOW,RAW,2026-06-04,30,exportCsv(),src/Components/HomePage/Body/Left/Common/SearchedResultsTab/Points/DropDown.tsx#L72:90,TypeScript,16,1,0
16 lines of code for unit startDrawingSession(string),LOW,RAW,2026-07-04,0,startDrawingSession(string),src/Components/HomePage/Body/Left/Voorbereiding/DrawingTool/Step1/Options.tsx#L57:77,TypeScript,16,5,1
"16 lines of code for unit postProxyHandler.ts.arcgisPostProxyHandler(Request,Response)",LOW,RAW,2026-06-04,30,"postProxyHandler.ts.arcgisPostProxyHandler(Request,Response)",backend/src/routes/arcgis/postProxyHandler.ts#L4:24,TypeScript,16,5,2
"16 lines of code for unit handleClick(FinishedFlightPlanType,void)",LOW,RAW,2026-06-06,28,"handleClick(FinishedFlightPlanType,void)",src/hooks/hover-click-handlers/useFinishedPlanMapHighlight.ts#L32:54,TypeScript,16,3,2
16 lines of code for unit parsePointImportFile.ts.mapImportRowsToPoints(any),LOW,RAW,2026-07-04,0,parsePointImportFile.ts.mapImportRowsToPoints(any),src/Components/HomePage/Body/Left/Voorbereiding/FlightPlan/helpers/parsePointImportFile.ts#L77:100,TypeScript,16,2,1
"16 lines of code for unit getPlanPath.ts.getPlanPath(Request,Response)",LOW,RAW,2026-06-04,30,"getPlanPath.ts.getPlanPath(Request,Response)",backend/src/routes/finished_plans/getPlanPath.ts#L4:21,TypeScript,16,2,2
16 lines of code for unit index.tsx.Step2(any),LOW,RAW,2026-06-04,30,index.tsx.Step2(any),src/Components/HomePage/Body/Left/Voorbereiding/SelectedPoint/EditPointDetails/Steps/Step2/index.tsx#L13:34,TypeScript,16,1,1
16 lines of code for unit importPointRowNormalization.ts.to01(unknown),LOW,RAW,2026-07-01,3,importPointRowNormalization.ts.to01(unknown),backend/src/helpers/points/importPointRowNormalization.ts#L42:57,TypeScript,16,6,1
"16 lines of code for unit update(T,void,void)",LOW,RAW,2026-06-04,30,"update(T,void,void)",src/utils/useUpdateData.ts#L40:60,TypeScript,16,6,3
16 lines of code for unit PointsList.tsx.PointsList(any),LOW,RAW,2026-06-04,30,PointsList.tsx.PointsList(any),src/Components/HomePage/Body/Left/Voorbereiding/ViewPlan/Steps/AddPointsFromPlan/SelectFromSource/PointsList.tsx#L10:52,TypeScript,16,1,1
