Description,Severity,Status,First Seen,Issue age,Unit,File,Technology,Lines of code,McCabe complexity,Number of parameters
59 lines of code for unit dockerfile,MEDIUM,RAW,2026-06-04,61,dockerfile,backend/dockerfile#L1:86,Docker,59,-,-
47 lines of code for unit verifyRegioApisHelpers.ts,MEDIUM,RAW,2026-07-28,7,verifyRegioApisHelpers.ts,backend/scripts/verifyRegioApisHelpers.ts#L1:25,TypeScript,47,1,0
30 lines of code for unit runCreateImageUpload.ts.runCreateImageUpload(CreateImageUploadInput),LOW,RAW,2026-07-30,5,runCreateImageUpload.ts.runCreateImageUpload(CreateImageUploadInput),src/Components/Nabewerking/VluchtenZoeken/Steps/Step2/Actions/Waarnemingen/common/Foto/runCreateImageUpload.ts#L19:48,TypeScript,30,3,1
30 lines of code for unit LegendSectionCore.ts.useLegendSectionModel(LegendSectionProps),LOW,RAW,2026-07-18,17,LegendSectionCore.ts.useLegendSectionModel(LegendSectionProps),src/Components/HomePage/Body/Left/Common/KaartLegend/LayersList/Common/LegendSectionCore.ts#L159:188,TypeScript,30,1,1
"30 lines of code for unit getFinishedPlansTimeslider.ts.getFinishedPlansTimeslider(Request,Response)",LOW,RAW,2026-06-04,61,"getFinishedPlansTimeslider.ts.getFinishedPlansTimeslider(Request,Response)",backend/src/routes/timeslider/getFinishedPlansTimeslider.ts#L7:43,TypeScript,30,4,2
30 lines of code for unit geoJsonExportCore.ts.exportPointsPlansGeoJsonZip(any),LOW,RAW,2026-07-29,6,geoJsonExportCore.ts.exportPointsPlansGeoJsonZip(any),src/Components/HomePage/helpers/tableExports/geoJsonExportCore.ts#L6:38,TypeScript,30,1,1
"30 lines of code for unit TimesliderImageViewer.tsx.buildMainImageProps(TimesliderImageViewerProps,any)",LOW,RAW,2026-07-18,17,"TimesliderImageViewer.tsx.buildMainImageProps(TimesliderImageViewerProps,any)",src/Components/TimesliderItemDetailPage/sections/TimesliderImageViewer.tsx#L58:89,TypeScript,30,2,2
30 lines of code for unit index.tsx.FlightPlans(any),LOW,RAW,2026-06-04,61,index.tsx.FlightPlans(any),src/Components/HomePage/Body/Left/Common/SearchedResultsTab/FlightPlans/index.tsx#L9:46,TypeScript,30,4,1
30 lines of code for unit index.tsx.EditPointDetails(),LOW,RAW,2026-07-30,5,index.tsx.EditPointDetails(),src/Components/Voorbereiding/SelectedPoint/EditPointDetails/index.tsx#L14:84,TypeScript,30,2,0
30 lines of code for unit verifyRegioPointsGeometries.ts.runPointsRegioCheck(any),LOW,RAW,2026-07-04,31,verifyRegioPointsGeometries.ts.runPointsRegioCheck(any),backend/scripts/verifyRegioPointsGeometries.ts#L19:52,TypeScript,30,5,1
30 lines of code for unit oidcClientCache.ts.getOrCreateOidcClient(Profile),LOW,RAW,2026-07-17,18,oidcClientCache.ts.getOrCreateOidcClient(Profile),backend/src/routes/auth/oidcClientCache.ts#L65:97,TypeScript,30,4,1
30 lines of code for unit spoedReportHtml.ts,LOW,RAW,2026-06-29,36,spoedReportHtml.ts,backend/src/routes/emails/spoedReportHtml.ts#L1:81,TypeScript,30,1,0
30 lines of code for unit WizardPointsList.tsx.WizardPointsList(WizardPointsListProps),LOW,RAW,2026-07-04,31,WizardPointsList.tsx.WizardPointsList(WizardPointsListProps),src/Components/HomePage/Body/Left/Common/WizardPointsList.tsx#L38:51,TypeScript,30,3,1
30 lines of code for unit Buttons.tsx.Buttons(any),LOW,RAW,2026-07-30,5,Buttons.tsx.Buttons(any),src/Components/Voorbereiding/TemplateFlight/Steps/Step3/Buttons.tsx#L19:53,TypeScript,30,1,1
30 lines of code for unit renderDownloadPage.ts.renderDownloadPage(any),LOW,RAW,2026-07-01,34,renderDownloadPage.ts.renderDownloadPage(any),backend/src/helpers/html/renderDownloadPage.ts#L21:54,TypeScript,30,2,1
30 lines of code for unit useEditUserFormModel.ts.useEditUserFormModel(),LOW,RAW,2026-07-18,17,useEditUserFormModel.ts.useEditUserFormModel(),src/Components/DashboardPage/EditUser/useEditUserFormModel.ts#L8:37,TypeScript,30,1,0
30 lines of code for unit index.tsx.StepNo(any),LOW,RAW,2026-07-30,5,index.tsx.StepNo(any),src/Components/Voorbereiding/SelectedPoint/AddToPlan/StepNo/index.tsx#L9:86,TypeScript,30,2,1
30 lines of code for unit CoordinatesInput.tsx.CoordinatesInput(),LOW,RAW,2026-07-30,5,CoordinatesInput.tsx.CoordinatesInput(),src/Components/Voorbereiding/EnrichedAddPoint/Steps/Step2/CoordinatesInput.tsx#L6:36,TypeScript,30,1,0
30 lines of code for unit finishedPlansQuerySql.ts.buildSingleFinishedPlanCtes(),LOW,RAW,2026-07-28,7,finishedPlansQuerySql.ts.buildSingleFinishedPlanCtes(),backend/src/helpers/repositories/finishedPlansQuerySql.ts#L14:43,TypeScript,30,1,0
30 lines of code for unit index.tsx.Form(EditObservationFormProps),LOW,RAW,2026-07-30,5,index.tsx.Form(EditObservationFormProps),src/Components/Nabewerking/VluchtenZoeken/Steps/Step2/Actions/Waarnemingen/EditPointDetails/Actions/Form/index.tsx#L15:41,TypeScript,30,4,1
30 lines of code for unit handleConfirm(),LOW,RAW,2026-07-30,5,handleConfirm(),src/Components/Voorbereiding/DrawingTool/Step1/ConfirmButton.tsx#L20:55,TypeScript,30,5,0
30 lines of code for unit fileDownload.ts,LOW,RAW,2026-06-04,61,fileDownload.ts,backend/src/routes/fileDownload.ts#L1:26,TypeScript,30,2,0
30 lines of code for unit index.tsx.Points(any),LOW,RAW,2026-06-04,61,index.tsx.Points(any),src/Components/HomePage/Body/Left/Common/SearchedResultsTab/Points/index.tsx#L19:59,TypeScript,30,1,1
29 lines of code for unit Section1.tsx.Section1(any),LOW,RAW,2026-06-04,61,Section1.tsx.Section1(any),src/Components/HomePage/Body/Left/Common/KaartLegend/LayersList/Overig/Section1.tsx#L5:41,TypeScript,29,1,1
29 lines of code for unit index.tsx.Left(any),LOW,RAW,2026-06-04,61,index.tsx.Left(any),src/Components/HomePage/Body/Left/index.tsx#L32:120,TypeScript,29,1,1
"29 lines of code for unit coordinateFinalize.ts.finalizeCoordinateValues(string,any)",LOW,RAW,2026-07-30,5,"coordinateFinalize.ts.finalizeCoordinateValues(string,any)",src/Components/Nabewerking/VluchtenZoeken/Steps/Step2/Actions/Waarnemingen/EditPointDetails/Actions/EditPointCoordinates/coordinateFinalize.ts#L6:39,TypeScript,29,3,2
"29 lines of code for unit deletePoint.ts.deletePoint(Request,Response)",LOW,RAW,2026-06-04,61,"deletePoint.ts.deletePoint(Request,Response)",backend/src/routes/finished_plans/deletePoint.ts#L7:41,TypeScript,29,5,2
29 lines of code for unit NewPointsList.tsx.NewPointsList(),LOW,RAW,2026-07-30,5,NewPointsList.tsx.NewPointsList(),src/Components/Voorbereiding/ReuseFlightPlan/Steps/Step2/NewPointsList.tsx#L9:17,TypeScript,29,3,0
29 lines of code for unit removePoint(string),LOW,RAW,2026-07-30,5,removePoint(string),src/Components/Voorbereiding/ViewPlan/Steps/EditPoint/Buttons/RemovePoint.tsx#L23:53,TypeScript,29,3,1
29 lines of code for unit mapHoverHighlight.ts,LOW,RAW,2026-07-04,31,mapHoverHighlight.ts,src/Components/HomePage/Body/MapViewComp/mapHoverHighlight.ts#L1:24,TypeScript,29,3,0
29 lines of code for unit useChangePlanStatusState.ts,LOW,RAW,2026-07-29,6,useChangePlanStatusState.ts,src/Components/HomePage/hooks/zustand/nabewerking/useChangePlanStatusState.ts#L1:64,TypeScript,29,1,0
29 lines of code for unit Section2.tsx.Section2(any),LOW,RAW,2026-06-04,61,Section2.tsx.Section2(any),src/Components/HomePage/Body/Left/Common/KaartLegend/LayersList/Overig/Section2.tsx#L6:42,TypeScript,29,1,1
29 lines of code for unit EditPointTabs.tsx.resolveEditPointTabDefs(any),LOW,RAW,2026-07-18,17,EditPointTabs.tsx.resolveEditPointTabDefs(any),src/Components/HomePage/Body/Left/Common/BottomTabs/EditPointTabs.tsx#L52:88,TypeScript,29,3,1
29 lines of code for unit GetUserRolesInput.getUserRoles(GetUserRolesInput),LOW,RAW,2026-07-27,8,GetUserRolesInput.getUserRoles(GetUserRolesInput),backend/src/routes/keycloak/management/users/helpers.ts#L16:51,TypeScript,29,3,1
29 lines of code for unit useDrawPathCore.ts.useDrawPath(boolean),LOW,RAW,2026-07-29,6,useDrawPathCore.ts.useDrawPath(boolean),src/Components/HomePage/hooks/hover-click-handlers/useDrawPathCore.ts#L14:46,TypeScript,29,1,1
29 lines of code for unit Section3.tsx.Section3(any),LOW,RAW,2026-06-04,61,Section3.tsx.Section3(any),src/Components/HomePage/Body/Left/Common/KaartLegend/LayersList/Overig/Section3.tsx#L5:41,TypeScript,29,1,1
"29 lines of code for unit useRenderPoints.ts.useRenderPoints(FinishedFlightPlanType|null,number[])",LOW,RAW,2026-07-30,5,"useRenderPoints.ts.useRenderPoints(FinishedFlightPlanType|null,number[])",src/Components/Nabewerking/CreateReport/Steps/Step2/hooks/useRenderPoints.ts#L7:43,TypeScript,29,5,2
29 lines of code for unit usePopupOpenEffect.ts.usePopupOpenEffect(void),LOW,RAW,2026-07-29,6,usePopupOpenEffect.ts.usePopupOpenEffect(void),src/Components/HomePage/hooks/popUpModal/usePopupOpenEffect.ts#L12:44,TypeScript,29,5,1
29 lines of code for unit useTimesliderPlansFetch.ts.useTimesliderPlansFetch(any),LOW,RAW,2026-07-29,6,useTimesliderPlansFetch.ts.useTimesliderPlansFetch(any),src/Components/TimesliderItemDetailPage/hooks/useTimesliderPlansFetch.ts#L18:53,TypeScript,29,5,1
"29 lines of code for unit reportAgentStatus.ts.RequestHandler(any,any)",LOW,RAW,2026-06-04,61,"reportAgentStatus.ts.RequestHandler(any,any)",backend/src/routes/devices-updates/agent/reportAgentStatus.ts#L9:42,TypeScript,29,5,2
29 lines of code for unit deletePointStateCore.ts,LOW,RAW,2026-07-29,6,deletePointStateCore.ts,src/Components/HomePage/hooks/zustand/tools/deletePointStateCore.ts#L1:38,TypeScript,29,1,0
29 lines of code for unit useTimesliderDerivedPlans.ts.useTimesliderDerivedPlans(any),LOW,RAW,2026-07-29,6,useTimesliderDerivedPlans.ts.useTimesliderDerivedPlans(any),src/Components/TimesliderItemDetailPage/hooks/useTimesliderDerivedPlans.ts#L8:44,TypeScript,29,4,1
29 lines of code for unit mapImage.ts.getStaticMapImage(any),LOW,RAW,2026-07-30,5,mapImage.ts.getStaticMapImage(any),src/Components/Nabewerking/CreateReport/helpers/useHandleStep2/mapImage.ts#L37:75,TypeScript,29,2,1
29 lines of code for unit useDrawingToolSketchState.ts.useDrawingToolSketchState(),LOW,RAW,2026-07-30,5,useDrawingToolSketchState.ts.useDrawingToolSketchState(),src/Components/Voorbereiding/DrawingTool/Step1/useDrawingToolSketchState.ts#L9:37,TypeScript,29,1,0
28 lines of code for unit useTabHeaderModel.ts.useTabHeaderModel(),LOW,RAW,2026-07-18,17,useTabHeaderModel.ts.useTabHeaderModel(),src/Components/HomePage/Body/Left/Common/TabHeader/useTabHeaderModel.ts#L11:39,TypeScript,28,3,0
"28 lines of code for unit verifyCredentialsHandler.ts.RequestHandler(any,any)",LOW,RAW,2026-07-13,22,"verifyCredentialsHandler.ts.RequestHandler(any,any)",backend/src/routes/auth2/verifyCredentialsHandler.ts#L42:70,TypeScript,28,5,2
28 lines of code for unit index.tsx.DevicesUpdatesPage(),LOW,RAW,2026-06-04,61,index.tsx.DevicesUpdatesPage(),src/Components/DevicesUpdatesPage/index.tsx#L27:40,TypeScript,28,4,0
28 lines of code for unit index.tsx.Step2(),LOW,RAW,2026-07-30,5,index.tsx.Step2(),src/Components/Nabewerking/CreateReport/Steps/Step2/index.tsx#L14:52,TypeScript,28,5,0
28 lines of code for unit useWaarnemingenFilters.ts.useWaarnemingenFilters(),LOW,RAW,2026-07-30,5,useWaarnemingenFilters.ts.useWaarnemingenFilters(),src/Components/Nabewerking/VluchtenZoeken/Steps/Step2/Actions/Waarnemingen/useWaarnemingenFilters.ts#L5:34,TypeScript,28,1,0
28 lines of code for unit index.tsx.SearchedResultsTab(),LOW,RAW,2026-06-04,61,index.tsx.SearchedResultsTab(),src/Components/HomePage/Body/Left/Common/SearchedResultsTab/index.tsx#L15:97,TypeScript,28,5,0
28 lines of code for unit fotoPanelModelHelpers.ts.buildFotoPanelModelApi(any),LOW,RAW,2026-07-30,5,fotoPanelModelHelpers.ts.buildFotoPanelModelApi(any),src/Components/Nabewerking/VluchtenZoeken/Steps/Step2/Actions/Waarnemingen/common/Foto/fotoPanelModelHelpers.ts#L86:123,TypeScript,28,1,1
28 lines of code for unit verify-regio-apis.ts.testDatabaseQueries(),LOW,RAW,2026-06-10,55,verify-regio-apis.ts.testDatabaseQueries(),backend/scripts/verify-regio-apis.ts#L48:76,TypeScript,28,1,0
28 lines of code for unit useDrawingToolLifecycle.ts.useDrawingToolStep1Lifecycle(any),LOW,RAW,2026-07-30,5,useDrawingToolLifecycle.ts.useDrawingToolStep1Lifecycle(any),src/Components/Voorbereiding/DrawingTool/helpers/useDrawingToolLifecycle.ts#L36:70,TypeScript,28,2,1
28 lines of code for unit useTimesliderItemImages.ts.useTimesliderItemImages(any),LOW,RAW,2026-07-29,6,useTimesliderItemImages.ts.useTimesliderItemImages(any),src/Components/TimesliderItemDetailPage/hooks/useTimesliderItemImages.ts#L39:77,TypeScript,28,5,1
28 lines of code for unit index.tsx.StepNo(),LOW,RAW,2026-07-30,5,index.tsx.StepNo(),src/Components/HomePageTools/AandachtspuntenVerwijderen/Actions/AddToPlan/StepNo/index.tsx#L10:71,TypeScript,28,3,0
28 lines of code for unit SelectedTab.tsx.SelectedTab(),LOW,RAW,2026-06-04,61,SelectedTab.tsx.SelectedTab(),src/Components/HomePage/Body/Left/Common/BottomTabs/SelectedTab.tsx#L9:38,TypeScript,28,3,0
"28 lines of code for unit createPoint.ts.createPoint(Request,Response)",LOW,RAW,2026-06-04,61,"createPoint.ts.createPoint(Request,Response)",backend/src/routes/points/createPoint.ts#L11:41,TypeScript,28,3,2
28 lines of code for unit HeadButtonsTimeslider.tsx.HeadButtonsTimeslider(),LOW,RAW,2026-06-04,61,HeadButtonsTimeslider.tsx.HeadButtonsTimeslider(),src/Components/HomePage/Head/HeadButtonsTimeslider.tsx#L13:80,TypeScript,28,3,0
28 lines of code for unit useMapViewBottomPanel.ts.useMapViewBottomPanel(any),LOW,RAW,2026-07-18,17,useMapViewBottomPanel.ts.useMapViewBottomPanel(any),src/Components/HomePage/Body/MapViewComp/useMapViewBottomPanel.ts#L7:37,TypeScript,28,1,1
28 lines of code for unit handleSubmit(),LOW,RAW,2026-07-30,5,handleSubmit(),src/Components/Nabewerking/VluchtenZoeken/Steps/Step2/Actions/Waarnemingen/EditPointDetails/Actions/ChangePoint/index.tsx#L39:58,TypeScript,28,3,0
28 lines of code for unit prepareAddPointsToPlanPayload.ts.prepareAddPointsToPlanPayload(SubmitAddPointsToPlanInput),LOW,RAW,2026-07-30,5,prepareAddPointsToPlanPayload.ts.prepareAddPointsToPlanPayload(SubmitAddPointsToPlanInput),src/Components/Voorbereiding/ViewPlan/Steps/AddPointToPlan/helpers/prepareAddPointsToPlanPayload.ts#L9:38,TypeScript,28,2,1
"28 lines of code for unit useEditFormController.ts.useEditFormController(Geometry,void)",LOW,RAW,2026-07-30,5,"useEditFormController.ts.useEditFormController(Geometry,void)",src/Components/HomePageTools/EditGeometry/EditForm/useEditFormController.ts#L10:44,TypeScript,28,1,2
27 lines of code for unit Buttons.tsx.Buttons(any),LOW,RAW,2026-07-30,5,Buttons.tsx.Buttons(any),src/Components/Voorbereiding/FlightPlan/Steps/Step3/Buttons.tsx#L29:59,TypeScript,27,1,1
27 lines of code for unit finishedPlansQuerySql.ts.buildSingleFinishedFlightPlanSelect(string),LOW,RAW,2026-07-28,7,finishedPlansQuerySql.ts.buildSingleFinishedFlightPlanSelect(string),backend/src/helpers/repositories/finishedPlansQuerySql.ts#L103:129,TypeScript,27,1,1
27 lines of code for unit submitStep2(),LOW,RAW,2026-07-30,5,submitStep2(),src/Components/Voorbereiding/ViewPlan/Steps/Step2/Buttons.tsx#L87:143,TypeScript,27,2,0
27 lines of code for unit getAllUsers.ts.getAllUsers(Request),LOW,RAW,2026-06-04,61,getAllUsers.ts.getAllUsers(Request),backend/src/routes/keycloak/management/users/getAllUsers.ts#L10:42,TypeScript,27,3,1
27 lines of code for unit usePointsListActions.ts.usePointsListActions(),LOW,RAW,2026-07-18,17,usePointsListActions.ts.usePointsListActions(),src/Components/HomePage/Body/Bottom/ClickedTableFunctions/usePointsListActions.ts#L14:40,TypeScript,27,1,0
27 lines of code for unit useRemoveFlightPlanModel.ts.useRemoveFlightPlanModel(),LOW,RAW,2026-07-30,5,useRemoveFlightPlanModel.ts.useRemoveFlightPlanModel(),src/Components/Voorbereiding/RemoveFlightPlan/useRemoveFlightPlanModel.ts#L10:39,TypeScript,27,1,0
27 lines of code for unit buildTimesliderPageShell.ts.buildTimesliderPageShell(BuildTimesliderPageShellInput),LOW,RAW,2026-07-29,6,buildTimesliderPageShell.ts.buildTimesliderPageShell(BuildTimesliderPageShellInput),src/Components/TimesliderItemDetailPage/builders/buildTimesliderPageShell.ts#L13:39,TypeScript,27,1,1
27 lines of code for unit useAddPointToPlanSelections.ts.useAddPointToPlanSelections(),LOW,RAW,2026-07-30,5,useAddPointToPlanSelections.ts.useAddPointToPlanSelections(),src/Components/Voorbereiding/ViewPlan/Steps/AddPointToPlan/useAddPointToPlanSelections.ts#L10:36,TypeScript,27,1,0
"27 lines of code for unit FetchClientRoleNamesForUserInput.fetchClientRoleDefinitions(string,string)",LOW,RAW,2026-07-01,34,"FetchClientRoleNamesForUserInput.fetchClientRoleDefinitions(string,string)",backend/src/routes/keycloak/management/users/keycloakAdminClient.ts#L86:121,TypeScript,27,5,2
27 lines of code for unit connectRedisClient.ts.connectRedisClient(string|undefined),LOW,RAW,2026-07-17,18,connectRedisClient.ts.connectRedisClient(string|undefined),backend/src/helpers/redis/connectRedisClient.ts#L3:32,TypeScript,27,3,1
27 lines of code for unit useDebouncedRedPointFromInputs.ts.useDebouncedRedPointFromInputs(any),LOW,RAW,2026-07-30,5,useDebouncedRedPointFromInputs.ts.useDebouncedRedPointFromInputs(any),src/Components/HomePageTools/EditGeometry/EditForm/EditGeometryPointPanel/useDebouncedRedPointFromInputs.ts#L7:40,TypeScript,27,4,1
27 lines of code for unit Step1.tsx.Step1(Step1Props),LOW,RAW,2026-07-30,5,Step1.tsx.Step1(Step1Props),src/Components/Voorbereiding/SelectedPoint/AddToPlan/Step1.tsx#L13:40,TypeScript,27,1,1
27 lines of code for unit pdfReportTables.ts.addCoordinatesTable(any),LOW,RAW,2026-07-30,5,pdfReportTables.ts.addCoordinatesTable(any),src/Components/Nabewerking/CreateReport/helpers/pdfReportTables.ts#L77:106,TypeScript,27,2,1
27 lines of code for unit useGeometryGraphicsEffects.ts.useGeometryGraphicsRendering(any),LOW,RAW,2026-07-29,6,useGeometryGraphicsEffects.ts.useGeometryGraphicsRendering(any),src/Components/HomePage/hooks/features/useGeometryGraphicsEffects.ts#L62:98,TypeScript,27,3,1
27 lines of code for unit flightPlanFormDefaults.ts,LOW,RAW,2026-07-17,18,flightPlanFormDefaults.ts,src/hooks/zustand/shared/flightPlanFormDefaults.ts#L1:32,TypeScript,27,1,0
27 lines of code for unit submitStep1(),LOW,RAW,2026-07-30,5,submitStep1(),src/Components/Voorbereiding/ViewPlan/Steps/Step1/Buttons.tsx#L36:64,TypeScript,27,4,0
27 lines of code for unit LegendSectionLayoutCore.tsx.LegendSectionLayoutView(LegendSectionLayoutProps),LOW,RAW,2026-07-18,17,LegendSectionLayoutCore.tsx.LegendSectionLayoutView(LegendSectionLayoutProps),src/Components/HomePage/Body/Left/Common/KaartLegend/LayersList/Common/LegendSectionLayoutCore.tsx#L134:160,TypeScript,27,1,1
27 lines of code for unit useEditGeometryModel.ts.useEditGeometryModel(),LOW,RAW,2026-07-30,5,useEditGeometryModel.ts.useEditGeometryModel(),src/Components/HomePageTools/EditGeometry/useEditGeometryModel.ts#L13:39,TypeScript,27,3,0
"27 lines of code for unit createEmail.ts.createEmail(Request,Response)",LOW,RAW,2026-06-04,61,"createEmail.ts.createEmail(Request,Response)",backend/src/routes/emails/createEmail.ts#L6:35,TypeScript,27,3,2
26 lines of code for unit commandGuard.ts.queueDeviceCommandWhenIdle(QueueDeviceCommandInput),LOW,RAW,2026-07-01,34,commandGuard.ts.queueDeviceCommandWhenIdle(QueueDeviceCommandInput),backend/src/routes/devices-updates/commandGuard.ts#L17:48,TypeScript,26,5,1
26 lines of code for unit processImportedRows(string[]),LOW,RAW,2026-07-30,5,processImportedRows(string[]),src/Components/Voorbereiding/FlightPlan/Steps/Step1/ImportVluchtPlan.tsx#L75:102,TypeScript,26,4,1
26 lines of code for unit usePointsViewInteractions.ts.usePointsViewInteractions(any),LOW,RAW,2026-07-14,21,usePointsViewInteractions.ts.usePointsViewInteractions(any),src/Components/HomePage/Body/Bottom/PointsView/common/hooks/usePointsViewInteractions.ts#L8:39,TypeScript,26,1,1
26 lines of code for unit useEditFormState.ts.useEditFormDraftState(Geometry),LOW,RAW,2026-07-30,5,useEditFormState.ts.useEditFormDraftState(Geometry),src/Components/HomePageTools/EditGeometry/EditForm/useEditFormState.ts#L16:41,TypeScript,26,1,1
"26 lines of code for unit useEditPointCoordSyncEffects.ts.useSyncEditPointFromSelection(FinishedPointType|null,CoordState)",LOW,RAW,2026-07-30,5,"useEditPointCoordSyncEffects.ts.useSyncEditPointFromSelection(FinishedPointType|null,CoordState)",src/Components/Nabewerking/VluchtenZoeken/Steps/Step2/Actions/Waarnemingen/EditPointDetails/Actions/EditPointCoordinates/useEditPointCoordSyncEffects.ts#L11:39,TypeScript,26,2,2
26 lines of code for unit useResetPasswordModel.ts.useResetPasswordModel(),LOW,RAW,2026-07-18,17,useResetPasswordModel.ts.useResetPasswordModel(),src/Components/DashboardPage/ResetPassword/useResetPasswordModel.ts#L5:31,TypeScript,26,2,0
26 lines of code for unit useUploadZip.ts.useUploadZip(),LOW,RAW,2026-07-30,5,useUploadZip.ts.useUploadZip(),src/Components/Nabewerking/CreateReport/Steps/Step3/hooks/useUploadZip.ts#L19:25,TypeScript,26,4,0
26 lines of code for unit toolsTabsPart1.ts,LOW,RAW,2026-07-18,17,toolsTabsPart1.ts,src/Components/HomePage/Head/headTabDefinitions/toolsTabsPart1.ts#L1:33,TypeScript,26,1,0
26 lines of code for unit getRedisClient.ts.getRedisClient(),LOW,RAW,2026-07-13,22,getRedisClient.ts.getRedisClient(),backend/src/helpers/redis/getRedisClient.ts#L40:68,TypeScript,26,5,0
26 lines of code for unit nabewerkingTabs.ts,LOW,RAW,2026-07-04,31,nabewerkingTabs.ts,src/Components/HomePage/Head/headTabDefinitions/nabewerkingTabs.ts#L1:33,TypeScript,26,1,0
"26 lines of code for unit deleteGeometry.ts.deleteGeometry(Request,Response)",LOW,RAW,2026-06-04,61,"deleteGeometry.ts.deleteGeometry(Request,Response)",backend/src/routes/geometries/deleteGeometry.ts#L11:40,TypeScript,26,4,2
"26 lines of code for unit getFlightPlanById.ts.getFlightPlanById(Request,Response)",LOW,RAW,2026-06-04,61,"getFlightPlanById.ts.getFlightPlanById(Request,Response)",backend/src/routes/flightPlans/getFlightPlanById.ts#L5:36,TypeScript,26,3,2
"26 lines of code for unit getSingleGeometry.ts.getSingleGeometry(Request,Response)",LOW,RAW,2026-06-04,61,"getSingleGeometry.ts.getSingleGeometry(Request,Response)",backend/src/routes/geometries/getSingleGeometry.ts#L7:38,TypeScript,26,4,2
26 lines of code for unit editGeometryActionHandlers.ts.deleteSelectedGeometry(DeleteSelectedGeometryInput),LOW,RAW,2026-07-30,5,editGeometryActionHandlers.ts.deleteSelectedGeometry(DeleteSelectedGeometryInput),src/Components/HomePageTools/EditGeometry/editGeometryActionHandlers.ts#L130:157,TypeScript,26,3,1
26 lines of code for unit mapImage.ts,LOW,RAW,2026-07-30,5,mapImage.ts,src/Components/Nabewerking/CreateReport/helpers/useHandleStep2/mapImage.ts#L1:28,TypeScript,26,1,0
26 lines of code for unit Buttons.tsx.Buttons(any),LOW,RAW,2026-07-30,5,Buttons.tsx.Buttons(any),src/Components/Voorbereiding/ViewPlan/Steps/AddPointStep/Steps/Step3/Buttons.tsx#L15:47,TypeScript,26,4,1
26 lines of code for unit SinglePoint.tsx.SinglePoint(any),LOW,RAW,2026-07-30,5,SinglePoint.tsx.SinglePoint(any),src/Components/HomePageTools/AandachtspuntenVerwijderen/Actions/Main/SinglePoint.tsx#L10:14,TypeScript,26,1,1
26 lines of code for unit mapViewConfiguration.ts.createConfiguredMapView(any),LOW,RAW,2026-07-14,21,mapViewConfiguration.ts.createConfiguredMapView(any),src/helpers/ArcGISHelpers/mapViewConfiguration.ts#L6:38,TypeScript,26,3,1
26 lines of code for unit useTimesliderFlightPlans.ts.useTimesliderFlightPlans(),LOW,RAW,2026-07-15,20,useTimesliderFlightPlans.ts.useTimesliderFlightPlans(),src/Components/HomePage/Body/Left/TimeSlider/useTimesliderFlightPlans.ts#L10:38,TypeScript,26,2,0
26 lines of code for unit runFlightPlanRegioCases.ts.runFlightPlanRegioCases(any),LOW,RAW,2026-07-14,21,runFlightPlanRegioCases.ts.runFlightPlanRegioCases(any),backend/scripts/runFlightPlanRegioCases.ts#L7:37,TypeScript,26,5,1
26 lines of code for unit SinglePlan.tsx.SinglePlan(any),LOW,RAW,2026-07-30,5,SinglePlan.tsx.SinglePlan(any),src/Components/Voorbereiding/RemoveFlightPlan/SinglePlan.tsx#L12:56,TypeScript,26,5,1
26 lines of code for unit syncSelectedPlanPathLayer.ts,LOW,RAW,2026-07-29,6,syncSelectedPlanPathLayer.ts,src/Components/HomePage/hooks/hover-click-handlers/syncSelectedPlanPathLayer.ts#L1:17,TypeScript,26,5,0
25 lines of code for unit fetchClientRoleNamesHelpers.ts.fetchRoleNamesForOneClient(any),LOW,RAW,2026-07-18,17,fetchClientRoleNamesHelpers.ts.fetchRoleNamesForOneClient(any),backend/src/routes/keycloak/management/users/fetchClientRoleNamesHelpers.ts#L3:33,TypeScript,25,4,1
25 lines of code for unit enrichedPointStateActions.ts.createEnrichedPointActions(any),LOW,RAW,2026-07-14,21,enrichedPointStateActions.ts.createEnrichedPointActions(any),src/hooks/zustand/enrichedPointStateActions.ts#L7:32,TypeScript,25,1,1
25 lines of code for unit toggleStarPlan(FlightPlanType),LOW,RAW,2026-06-04,61,toggleStarPlan(FlightPlanType),src/Components/HomePage/Body/Left/Common/SearchedResultsTab/FlightPlans/FlightPlansList/List.tsx#L62:90,TypeScript,25,4,1
25 lines of code for unit useEditPointMapClick.ts.useEditPointMapClick(EditPointMapClickInput),LOW,RAW,2026-07-30,5,useEditPointMapClick.ts.useEditPointMapClick(EditPointMapClickInput),src/Components/Nabewerking/VluchtenZoeken/Steps/Step2/Actions/Waarnemingen/EditPointDetails/Actions/EditPointCoordinates/useEditPointMapClick.ts#L6:32,TypeScript,25,3,1
"25 lines of code for unit upsertRegisteredDevice.ts.updateExistingDevice(RegisterDeviceInput,string)",LOW,RAW,2026-07-04,31,"upsertRegisteredDevice.ts.updateExistingDevice(RegisterDeviceInput,string)",backend/src/routes/devices-updates/upsertRegisteredDevice.ts#L13:41,TypeScript,25,5,2
25 lines of code for unit handleSubmit(),LOW,RAW,2026-07-30,5,handleSubmit(),src/Components/Voorbereiding/DrawingTool/Step2/Buttons.tsx#L36:61,TypeScript,25,2,0
25 lines of code for unit logQueue.ts.initializeLogQueue(SendLogs),LOW,RAW,2026-07-14,21,logQueue.ts.initializeLogQueue(SendLogs),src/hooks/logging/logQueue.ts#L14:22,TypeScript,25,5,1
25 lines of code for unit useResultTabTableViewCore.ts.useResultTabTableView(),LOW,RAW,2026-07-29,6,useResultTabTableViewCore.ts.useResultTabTableView(),src/Components/HomePage/hooks/resultTab/useResultTabTableViewCore.ts#L8:34,TypeScript,25,1,0
25 lines of code for unit useDrawingStore.ts,LOW,RAW,2026-06-04,61,useDrawingStore.ts,src/hooks/zustand/useDrawingStore.ts#L1:46,TypeScript,25,1,0
25 lines of code for unit mapGraphicsLayers.ts.addAndOrderMapGraphicsLayers(any),LOW,RAW,2026-07-27,8,mapGraphicsLayers.ts.addAndOrderMapGraphicsLayers(any),src/helpers/ArcGISHelpers/mapGraphicsLayers.ts#L17:46,TypeScript,25,1,1
25 lines of code for unit SinglePoint.tsx.SinglePoint(any),LOW,RAW,2026-07-30,5,SinglePoint.tsx.SinglePoint(any),src/Components/Nabewerking/VluchtenZoeken/Steps/Step2/Actions/Waarnemingen/SinglePoint.tsx#L7:44,TypeScript,25,1,1
"25 lines of code for unit registerApplicationRoutes.ts.registerApplicationRoutes(Express,Router)",LOW,RAW,2026-07-17,18,"registerApplicationRoutes.ts.registerApplicationRoutes(Express,Router)",backend/src/configure/registerApplicationRoutes.ts#L26:50,TypeScript,25,1,2
25 lines of code for unit handleSubmit(),LOW,RAW,2026-07-30,5,handleSubmit(),src/Components/Voorbereiding/ReuseFlightPlan/Steps/Step2/Buttons.tsx#L37:58,TypeScript,25,3,0
25 lines of code for unit finishedPlansTimesliderQuery.ts.buildTimesliderPlanImagesQuery(BuildTimesliderPlanImagesQueryOptions),LOW,RAW,2026-07-28,7,finishedPlansTimesliderQuery.ts.buildTimesliderPlanImagesQuery(BuildTimesliderPlanImagesQueryOptions),backend/src/helpers/repositories/finishedPlansTimesliderQuery.ts#L21:47,TypeScript,25,1,1
25 lines of code for unit zoomMapToPointsTable.ts.zoomMapToPointsTable(any),LOW,RAW,2026-07-18,17,zoomMapToPointsTable.ts.zoomMapToPointsTable(any),src/Components/HomePage/Body/Bottom/ClickedTableFunctions/zoomMapToPointsTable.ts#L5:33,TypeScript,25,4,1
25 lines of code for unit notLoggedInBannerTheme.ts.resolveLoginBannerTheme(any),LOW,RAW,2026-07-04,31,notLoggedInBannerTheme.ts.resolveLoginBannerTheme(any),src/Components/HomePage/Body/Common/notLoggedInBannerTheme.ts#L4:34,TypeScript,25,2,1
25 lines of code for unit useFeatureLayerPopupCore.ts.useFeatureLayerPopup(),LOW,RAW,2026-07-29,6,useFeatureLayerPopupCore.ts.useFeatureLayerPopup(),src/Components/HomePage/hooks/hover-click-handlers/useFeatureLayerPopupCore.ts#L13:36,TypeScript,25,2,0
25 lines of code for unit shapefileExportCore.ts.exportFlightPlansShapefile(FlightPlanType[]),LOW,RAW,2026-07-29,6,shapefileExportCore.ts.exportFlightPlansShapefile(FlightPlanType[]),src/Components/HomePage/helpers/tableExports/shapefileExportCore.ts#L19:44,TypeScript,25,1,1
25 lines of code for unit processGeometry.ts.processGeometry(ProcessGeometryParams),LOW,RAW,2026-07-30,5,processGeometry.ts.processGeometry(ProcessGeometryParams),src/Components/Nabewerking/CreateReport/helpers/useHandleStep2/processGeometry.ts#L26:54,TypeScript,25,1,1
25 lines of code for unit useFinishedPlansState.ts,LOW,RAW,2026-07-29,6,useFinishedPlansState.ts,src/Components/HomePage/hooks/zustand/nabewerking/useFinishedPlansState.ts#L1:75,TypeScript,25,1,0
25 lines of code for unit BuildGeometryPointFieldsInput.buildGeometryPointFields(BuildGeometryPointFieldsInput),LOW,RAW,2026-07-30,5,BuildGeometryPointFieldsInput.buildGeometryPointFields(BuildGeometryPointFieldsInput),src/Components/Voorbereiding/DrawingTool/helpers/toGeometryPointPayload.ts#L23:49,TypeScript,25,3,1
25 lines of code for unit useSelectFromSourceGraphicsEffects.ts.useSelectFromSourceGraphicsLifecycle(any),LOW,RAW,2026-07-30,5,useSelectFromSourceGraphicsEffects.ts.useSelectFromSourceGraphicsLifecycle(any),src/Components/Voorbereiding/ViewPlan/Steps/AddPointsFromPlan/SelectFromSource/useSelectFromSourceGraphicsEffects.ts#L16:48,TypeScript,25,2,1
"25 lines of code for unit logoutHandler.ts.RequestHandler(any,any)",LOW,RAW,2026-07-13,22,"logoutHandler.ts.RequestHandler(any,any)",backend/src/routes/auth2/logoutHandler.ts#L5:32,TypeScript,25,5,2
25 lines of code for unit usePopupMapClickEffect.ts.usePopupMapClickEffect(),LOW,RAW,2026-07-29,6,usePopupMapClickEffect.ts.usePopupMapClickEffect(),src/Components/HomePage/hooks/popUpModal/usePopupMapClickEffect.ts#L9:38,TypeScript,25,4,0
25 lines of code for unit useViewPlanController.ts.useViewPlanController(),LOW,RAW,2026-07-30,5,useViewPlanController.ts.useViewPlanController(),src/Components/Voorbereiding/ViewPlan/useViewPlanController.ts#L8:32,TypeScript,25,3,0
"24 lines of code for unit useLegendLayers.ts.useLegendLayers(LegendLayerDefinition[],UseLegendLayersOptions)",LOW,RAW,2026-06-10,55,"useLegendLayers.ts.useLegendLayers(LegendLayerDefinition[],UseLegendLayersOptions)",src/Components/HomePage/Body/Left/Common/KaartLegend/LayersList/helpers/useLegendLayers.ts#L23:49,TypeScript,24,2,2
24 lines of code for unit SplitFlightPlanListInput.splitFlightPlanListInput(FlightPlanListRawInput),LOW,RAW,2026-07-18,17,SplitFlightPlanListInput.splitFlightPlanListInput(FlightPlanListRawInput),backend/src/helpers/queries/flight-plans/fetchFlightPlanListHelpers.ts#L44:69,TypeScript,24,1,1
"24 lines of code for unit loginUser.ts.loginUser(Request,Response)",LOW,RAW,2026-06-04,61,"loginUser.ts.loginUser(Request,Response)",backend/src/routes/auth/loginUser.ts#L4:30,TypeScript,24,5,2
"24 lines of code for unit DefaultPointItem.tsx.DefaultPointItem(PointItemViewProps,any)",LOW,RAW,2026-07-15,20,"DefaultPointItem.tsx.DefaultPointItem(PointItemViewProps,any)",src/Components/HomePage/Body/Left/Common/DefaultPointItem.tsx#L4:54,TypeScript,24,3,2
24 lines of code for unit overigLayerSpecsPartA.tsx,LOW,RAW,2026-07-18,17,overigLayerSpecsPartA.tsx,src/Components/HomePage/Body/Left/Common/KaartLegend/LayersList/Overig/overigLayerSpecsPartA.tsx#L1:29,TypeScript,24,1,0
24 lines of code for unit useViewPlanStepMap.ts.useViewPlanStepMap(any),LOW,RAW,2026-07-30,5,useViewPlanStepMap.ts.useViewPlanStepMap(any),src/Components/Voorbereiding/ViewPlan/Steps/Step2/useViewPlanStepMap.ts#L15:44,TypeScript,24,4,1
"24 lines of code for unit keycloakUserLookup.ts.userHasOtpCredential(Request,string)",LOW,RAW,2026-07-13,22,"keycloakUserLookup.ts.userHasOtpCredential(Request,string)",backend/src/routes/auth2/keycloakUserLookup.ts#L44:74,TypeScript,24,5,2
24 lines of code for unit useFeatureLayerLabels.ts.useFeatureLayerLabels(),LOW,RAW,2026-07-29,6,useFeatureLayerLabels.ts.useFeatureLayerLabels(),src/Components/HomePage/hooks/hover-click-handlers/useFeatureLayerLabels.ts#L6:33,TypeScript,24,5,0
24 lines of code for unit pdfReportMapPages.ts.imageDataToJpegDataUrl(any),LOW,RAW,2026-07-30,5,pdfReportMapPages.ts.imageDataToJpegDataUrl(any),src/Components/Nabewerking/CreateReport/helpers/pdfReportMapPages.ts#L13:42,TypeScript,24,3,1
24 lines of code for unit applyCoordsFromMapClick.ts.applyCoordsFromMapClick(ApplyEditPointMapClickInput),LOW,RAW,2026-07-30,5,applyCoordsFromMapClick.ts.applyCoordsFromMapClick(ApplyEditPointMapClickInput),src/Components/Nabewerking/VluchtenZoeken/Steps/Step2/Actions/Waarnemingen/EditPointDetails/Actions/EditPointCoordinates/applyCoordsFromMapClick.ts#L5:28,TypeScript,24,1,1
24 lines of code for unit placeBluePointGraphics.ts,LOW,RAW,2026-07-17,18,placeBluePointGraphics.ts,src/helpers/ArcGISHelpers/placeBluePointGraphics.ts#L1:13,TypeScript,24,5,0
24 lines of code for unit Step2Sub2.tsx.Step2Sub2(EditPointStep2Sub2Props),LOW,RAW,2026-07-30,5,Step2Sub2.tsx.Step2Sub2(EditPointStep2Sub2Props),src/Components/HomePageTools/AandachtspuntenVerwijderen/Actions/EditPointDetails/Steps/Step2/Step2Sub2.tsx#L14:39,TypeScript,24,1,1
24 lines of code for unit parseTimesliderImageQuery.ts.parseTimesliderImageQuery(URLSearchParams),LOW,RAW,2026-07-29,6,parseTimesliderImageQuery.ts.parseTimesliderImageQuery(URLSearchParams),src/Components/TimesliderItemDetailPage/query/parseTimesliderImageQuery.ts#L53:82,TypeScript,24,5,1
24 lines of code for unit ArcGISAuthProvider.tsx.ArcGISAuthProvider(Props),LOW,RAW,2026-06-04,61,ArcGISAuthProvider.tsx.ArcGISAuthProvider(Props),src/Components/Common/ArcGISAuthProvider.tsx#L8:36,TypeScript,24,4,1
24 lines of code for unit index.tsx.Form(EditObservationFormProps),LOW,RAW,2026-07-30,5,index.tsx.Form(EditObservationFormProps),src/Components/Nabewerking/VluchtenZoeken/Steps/Step2/Actions/Waarnemingen/EditGeometryDetails/Actions/Form/index.tsx#L15:40,TypeScript,24,5,1
24 lines of code for unit useGeometryGraphicsEffects.ts,LOW,RAW,2026-07-29,6,useGeometryGraphicsEffects.ts,src/Components/HomePage/hooks/features/useGeometryGraphicsEffects.ts#L1:7,TypeScript,24,3,0
"24 lines of code for unit classifyStep2OtpLoginFailure.ts.classifyStep2OtpLoginFailure(unknown,ClassifyStep2DebugContext)",LOW,RAW,2026-07-22,13,"classifyStep2OtpLoginFailure.ts.classifyStep2OtpLoginFailure(unknown,ClassifyStep2DebugContext)",backend/src/routes/auth2/classifyStep2OtpLoginFailure.ts#L47:76,TypeScript,24,1,2
24 lines of code for unit submitCollectedFlightPlanCreate.ts.submitCollectedFlightPlanCreate(SubmitCollectedFlightPlanCreateInput),LOW,RAW,2026-07-29,6,submitCollectedFlightPlanCreate.ts.submitCollectedFlightPlanCreate(SubmitCollectedFlightPlanCreateInput),src/Components/HomePage/hooks/flightPlan/submitCollectedFlightPlanCreate.ts#L31:60,TypeScript,24,1,1
24 lines of code for unit useEditPointFormMapClick.ts.useEditPointFormMapClick(any),LOW,RAW,2026-07-30,5,useEditPointFormMapClick.ts.useEditPointFormMapClick(any),src/Components/Voorbereiding/SelectedPoint/EditPointDetails/Steps/Step2/useEditPointFormMapClick.ts#L7:38,TypeScript,24,3,1
"24 lines of code for unit loginHandler.ts.RequestHandler(any,any)",LOW,RAW,2026-06-04,61,"loginHandler.ts.RequestHandler(any,any)",backend/src/routes/auth/authKeycloak/loginHandler.ts#L11:35,TypeScript,24,3,2
24 lines of code for unit useTimesliderState.ts,LOW,RAW,2026-07-29,6,useTimesliderState.ts,src/hooks/zustand/ui/useTimesliderState.ts#L1:37,TypeScript,24,2,0
24 lines of code for unit fetchConstLookup.ts.fetchConstLookup(FetchConstLookupInput),LOW,RAW,2026-07-01,34,fetchConstLookup.ts.fetchConstLookup(FetchConstLookupInput),backend/src/helpers/queries/consts/fetchConstLookup.ts#L14:42,TypeScript,24,5,1
24 lines of code for unit ImageGallery.tsx.ImageGallery(any),LOW,RAW,2026-06-04,61,ImageGallery.tsx.ImageGallery(any),src/Components/HomePage/Body/Common/ImageGallery.tsx#L20:47,TypeScript,24,3,1
24 lines of code for unit index.tsx.Step2(),LOW,RAW,2026-07-30,5,index.tsx.Step2(),src/Components/Voorbereiding/FlightPlan/Steps/Step2/index.tsx#L22:98,TypeScript,24,1,0
24 lines of code for unit index.tsx.SelectFromSource(any),LOW,RAW,2026-07-30,5,index.tsx.SelectFromSource(any),src/Components/Voorbereiding/ViewPlan/Steps/AddPointsFromPlan/SelectFromSource/index.tsx#L16:77,TypeScript,24,3,1
24 lines of code for unit handleBuffer(),LOW,RAW,2026-06-04,61,handleBuffer(),src/Components/HomePage/Body/Left/Common/SearchedResultsTab/Functions/PointsBuffer.tsx#L21:49,TypeScript,24,5,0
24 lines of code for unit popupSelection.ts.openPopupForClickedPoint(any),LOW,RAW,2026-07-29,6,popupSelection.ts.openPopupForClickedPoint(any),src/Components/HomePage/hooks/popUpModal/popupSelection.ts#L16:55,TypeScript,24,5,1
24 lines of code for unit index.tsx.EditPoint(),LOW,RAW,2026-07-30,5,index.tsx.EditPoint(),src/Components/Voorbereiding/ViewPlan/Steps/EditPoint/index.tsx#L7:61,TypeScript,24,2,0
24 lines of code for unit useEditFormState.ts.useEditFormState(Geometry),LOW,RAW,2026-07-30,5,useEditFormState.ts.useEditFormState(Geometry),src/Components/HomePageTools/EditGeometry/EditForm/useEditFormState.ts#L43:66,TypeScript,24,2,1
"24 lines of code for unit createPointFromImport.ts.createPointFromImport(Request,Response)",LOW,RAW,2026-06-04,61,"createPointFromImport.ts.createPointFromImport(Request,Response)",backend/src/routes/points/createPointFromImport.ts#L11:39,TypeScript,24,5,2
24 lines of code for unit index.ts,LOW,RAW,2026-07-30,5,index.ts,src/hooks/zustand/ui/index.ts#L5:28,TypeScript,24,1,0
24 lines of code for unit submitViewPlanStep2.ts.buildViewPlanStep2SubmitContext(any),LOW,RAW,2026-07-30,5,submitViewPlanStep2.ts.buildViewPlanStep2SubmitContext(any),src/Components/Voorbereiding/ViewPlan/Steps/Step2/submitViewPlanStep2.ts#L19:52,TypeScript,24,3,1
24 lines of code for unit index.tsx.Step3(any),LOW,RAW,2026-07-30,5,index.tsx.Step3(any),src/Components/Voorbereiding/FlightPlan/Steps/Step3/index.tsx#L20:102,TypeScript,24,1,1
24 lines of code for unit loadUsers(),LOW,RAW,2026-06-04,61,loadUsers(),src/Components/DashboardPage/AllUsersTable/index.tsx#L45:72,TypeScript,24,5,0
"24 lines of code for unit getAttachmentsPlanSinglePoint.ts.getAttachmentsPlanSinglePoint(Request,Response)",LOW,RAW,2026-06-04,61,"getAttachmentsPlanSinglePoint.ts.getAttachmentsPlanSinglePoint(Request,Response)",backend/src/routes/finished_plans/getAttachmentsPlanSinglePoint.ts#L4:32,TypeScript,24,5,2
24 lines of code for unit subscribeMapHoverHighlight.ts.subscribeMapHoverHighlight(MapHoverLayers),LOW,RAW,2026-07-18,17,subscribeMapHoverHighlight.ts.subscribeMapHoverHighlight(MapHoverLayers),src/Components/HomePage/Body/MapViewComp/subscribeMapHoverHighlight.ts#L5:28,TypeScript,24,2,1
24 lines of code for unit deletePointStateCore.ts.createDeletePointSetters(any),LOW,RAW,2026-07-29,6,deletePointStateCore.ts.createDeletePointSetters(any),src/Components/HomePage/hooks/zustand/tools/deletePointStateCore.ts#L45:68,TypeScript,24,1,1
23 lines of code for unit spoedReportSendHelpers.ts.renderSpoedPdfBuffer(ValidatedSpoed),LOW,RAW,2026-07-18,17,spoedReportSendHelpers.ts.renderSpoedPdfBuffer(ValidatedSpoed),backend/src/routes/emails/spoedReportSendHelpers.ts#L23:47,TypeScript,23,2,1
23 lines of code for unit Buttons.tsx.Buttons(),LOW,RAW,2026-07-30,5,Buttons.tsx.Buttons(),src/Components/Voorbereiding/ReuseFlightPlan/Steps/Step2/Buttons.tsx#L16:36,TypeScript,23,2,0
23 lines of code for unit SaveEditGeometryInput.saveEditGeometry(SaveEditGeometryInput),LOW,RAW,2026-07-30,5,SaveEditGeometryInput.saveEditGeometry(SaveEditGeometryInput),src/Components/HomePageTools/EditGeometry/editGeometryActionHandlers.ts#L62:84,TypeScript,23,2,1
23 lines of code for unit nnederlandLayerSpecsPart3a.ts,LOW,RAW,2026-07-18,17,nnederlandLayerSpecsPart3a.ts,src/Components/HomePage/Body/Left/Common/KaartLegend/LayersList/NNederland/nnederlandLayerSpecsPart3a.ts#L1:28,TypeScript,23,1,0
23 lines of code for unit staleCommandSql.ts.buildStaleCommandUpdateSql(any),LOW,RAW,2026-07-13,22,staleCommandSql.ts.buildStaleCommandUpdateSql(any),backend/src/routes/devices-updates/staleCommandSql.ts#L9:35,TypeScript,23,2,1
23 lines of code for unit nnederlandLayerSpecsPart1c.ts,LOW,RAW,2026-07-18,17,nnederlandLayerSpecsPart1c.ts,src/Components/HomePage/Body/Left/Common/KaartLegend/LayersList/NNederland/nnederlandLayerSpecsPart1c.ts#L1:28,TypeScript,23,1,0
23 lines of code for unit selectedPointDetailsData.ts.buildSelectedPointDetails(BuildSelectedPointDetailsInput),LOW,RAW,2026-07-30,5,selectedPointDetailsData.ts.buildSelectedPointDetails(BuildSelectedPointDetailsInput),src/Components/Voorbereiding/SelectedPoint/SelectedPointDetails/selectedPointDetailsData.ts#L19:45,TypeScript,23,1,1
23 lines of code for unit nnederlandLayerSpecsPart2c.ts,LOW,RAW,2026-07-18,17,nnederlandLayerSpecsPart2c.ts,src/Components/HomePage/Body/Left/Common/KaartLegend/LayersList/NNederland/nnederlandLayerSpecsPart2c.ts#L1:28,TypeScript,23,1,0
23 lines of code for unit handleSubmit(),LOW,RAW,2026-07-30,5,handleSubmit(),src/Components/Voorbereiding/ViewPlan/Steps/EditPoint/Buttons/Submit.tsx#L20:42,TypeScript,23,2,0
23 lines of code for unit useViewPlanFilteredPlans.ts.useViewPlanFilteredPlans(any),LOW,RAW,2026-07-30,5,useViewPlanFilteredPlans.ts.useViewPlanFilteredPlans(any),src/Components/Voorbereiding/ViewPlan/useViewPlanFilteredPlans.ts#L5:36,TypeScript,23,3,1
23 lines of code for unit nnederlandLayerSpecsPart2a.ts,LOW,RAW,2026-07-18,17,nnederlandLayerSpecsPart2a.ts,src/Components/HomePage/Body/Left/Common/KaartLegend/LayersList/NNederland/nnederlandLayerSpecsPart2a.ts#L1:28,TypeScript,23,1,0
23 lines of code for unit handleToggle(React.ChangeEvent<HTMLInputElement>),LOW,RAW,2026-06-04,61,handleToggle(React.ChangeEvent<HTMLInputElement>),src/Components/HomePage/Body/Left/Common/KaartLegend/LayersList/Common/LayerItem.tsx#L42:71,TypeScript,23,5,1
23 lines of code for unit nnederlandLayerSpecsPart2b.ts,LOW,RAW,2026-07-18,17,nnederlandLayerSpecsPart2b.ts,src/Components/HomePage/Body/Left/Common/KaartLegend/LayersList/NNederland/nnederlandLayerSpecsPart2b.ts#L1:28,TypeScript,23,1,0
23 lines of code for unit runReturningUpdate.ts.executeReturningUpdate(any),LOW,RAW,2026-07-14,21,runReturningUpdate.ts.executeReturningUpdate(any),backend/src/helpers/http/runReturningUpdate.ts#L35:64,TypeScript,23,3,1
23 lines of code for unit featureLayerLabelsSync.ts.attachFeatureLayerLabelSync(any),LOW,RAW,2026-07-29,6,featureLayerLabelsSync.ts.attachFeatureLayerLabelSync(any),src/Components/HomePage/hooks/hover-click-handlers/featureLayerLabelsSync.ts#L6:10,TypeScript,23,3,1
23 lines of code for unit useStepContentHooks.ts.useStepContentHooks(any),LOW,RAW,2026-07-30,5,useStepContentHooks.ts.useStepContentHooks(any),src/Components/Voorbereiding/AddPointsVluchtPlan/Common/useStepContentHooks.ts#L11:38,TypeScript,23,3,1
23 lines of code for unit BottomTabButton.tsx.BottomTabButton(any),LOW,RAW,2026-07-18,17,BottomTabButton.tsx.BottomTabButton(any),src/Components/HomePage/Body/Left/Common/BottomTabs/BottomTabButton.tsx#L7:40,TypeScript,23,3,1
23 lines of code for unit nnederlandLayerSpecsPart3b.ts,LOW,RAW,2026-07-18,17,nnederlandLayerSpecsPart3b.ts,src/Components/HomePage/Body/Left/Common/KaartLegend/LayersList/NNederland/nnederlandLayerSpecsPart3b.ts#L1:28,TypeScript,23,1,0
23 lines of code for unit timesliderPlanImagesParse.ts.parseTimesliderPlanImagesRequest(any),LOW,RAW,2026-07-18,17,timesliderPlanImagesParse.ts.parseTimesliderPlanImagesRequest(any),backend/src/helpers/queries/timeslider/timesliderPlanImagesParse.ts#L15:41,TypeScript,23,3,1
23 lines of code for unit bufferPointsOnLayerCore.ts.bufferPointsOnLayer(BufferPointsOnLayerInput),LOW,RAW,2026-07-30,5,bufferPointsOnLayerCore.ts.bufferPointsOnLayer(BufferPointsOnLayerInput),src/helpers/ArcGISHelpers/bufferPointsOnLayerCore.ts#L46:70,TypeScript,23,1,1
23 lines of code for unit usePathLoadingReady.ts.usePathLoadingReady(any),LOW,RAW,2026-07-29,6,usePathLoadingReady.ts.usePathLoadingReady(any),src/Components/HomePage/hooks/hover-click-handlers/usePathLoadingReady.ts#L3:22,TypeScript,23,5,1
23 lines of code for unit buildTabHeaderLabelMap.ts.buildTabHeaderLabelMap(TabHeaderContent),LOW,RAW,2026-07-18,17,buildTabHeaderLabelMap.ts.buildTabHeaderLabelMap(TabHeaderContent),src/Components/HomePage/Body/Left/Common/TabHeader/buildTabHeaderLabelMap.ts#L10:34,TypeScript,23,1,1
23 lines of code for unit flightPlanFormFields.ts,LOW,RAW,2026-07-17,18,flightPlanFormFields.ts,src/hooks/zustand/shared/flightPlanFormFields.ts#L1:23,TypeScript,23,1,0
23 lines of code for unit exportFlightPathZip.ts.buildFlightPathGeoJson(FinishedFlightPlanType),LOW,RAW,2026-07-30,5,exportFlightPathZip.ts.buildFlightPathGeoJson(FinishedFlightPlanType),src/Components/Nabewerking/VluchtenZoeken/Steps/Step2/Actions/VliegrouteExporteren/exportFlightPathZip.ts#L7:32,TypeScript,23,1,1
"23 lines of code for unit fetchAndRegisterArcGisToken.ts.fetchAndRegisterArcGisToken(string,string[])",LOW,RAW,2026-07-18,17,"fetchAndRegisterArcGisToken.ts.fetchAndRegisterArcGisToken(string,string[])",src/helpers/tokens/fetchAndRegisterArcGisToken.ts#L12:42,TypeScript,23,5,2
23 lines of code for unit buildFlightPlanQuery.ts.buildFlightPlanQuery(BuildFlightPlanQueryOptions),LOW,RAW,2026-06-30,35,buildFlightPlanQuery.ts.buildFlightPlanQuery(BuildFlightPlanQueryOptions),backend/src/helpers/queries/flight-plans/buildFlightPlanQuery.ts#L10:38,TypeScript,23,1,1
23 lines of code for unit handleDelete(),LOW,RAW,2026-07-30,5,handleDelete(),src/Components/HomePageTools/AandachtspuntenVerwijderen/Actions/Main/Buttons.tsx#L24:46,TypeScript,23,3,0
23 lines of code for unit FetchFlightPlanListInput.fetchFlightPlanList(FetchFlightPlanListInput),LOW,RAW,2026-07-14,21,FetchFlightPlanListInput.fetchFlightPlanList(FetchFlightPlanListInput),backend/src/helpers/queries/flight-plans/fetchFlightPlanList.ts#L28:52,TypeScript,23,3,1
23 lines of code for unit index.tsx.EditPointCoordinates(any),LOW,RAW,2026-07-30,5,index.tsx.EditPointCoordinates(any),src/Components/Nabewerking/VluchtenZoeken/Steps/Step2/Actions/Waarnemingen/EditPointDetails/Actions/EditPointCoordinates/index.tsx#L8:63,TypeScript,23,2,1
23 lines of code for unit buildFlightPlanCreateAttributesCore.ts.buildFlightPlanCreateAttributes(BuildFlightPlanCreateAttributesInput),LOW,RAW,2026-07-29,6,buildFlightPlanCreateAttributesCore.ts.buildFlightPlanCreateAttributes(BuildFlightPlanCreateAttributesInput),src/Components/HomePage/hooks/flightPlan/buildFlightPlanCreateAttributesCore.ts#L18:43,TypeScript,23,2,1
"23 lines of code for unit updateGeometry.ts.updateGeometry(Request,Response)",LOW,RAW,2026-06-04,61,"updateGeometry.ts.updateGeometry(Request,Response)",backend/src/routes/geometries/updateGeometry.ts#L8:33,TypeScript,23,4,2
23 lines of code for unit pages.ts,LOW,RAW,2026-07-04,31,pages.ts,src/Components/HomePage/Head/headTabDefinitions/pages.ts#L1:26,TypeScript,23,1,0
"23 lines of code for unit drawYellowPlanGraphics.ts.drawYellowGeometries(Geometry[],__esri.GraphicsLayer|null)",LOW,RAW,2026-07-30,5,"drawYellowPlanGraphics.ts.drawYellowGeometries(Geometry[],__esri.GraphicsLayer|null)",src/Components/Voorbereiding/ViewPlan/Steps/AddPointToPlan/helpers/drawYellowPlanGraphics.ts#L31:60,TypeScript,23,5,2
23 lines of code for unit nnederlandLayerSpecsPart1b.ts,LOW,RAW,2026-07-18,17,nnederlandLayerSpecsPart1b.ts,src/Components/HomePage/Body/Left/Common/KaartLegend/LayersList/NNederland/nnederlandLayerSpecsPart1b.ts#L1:28,TypeScript,23,1,0
23 lines of code for unit index.tsx.ListPointFunctions(any),LOW,RAW,2026-07-15,20,index.tsx.ListPointFunctions(any),src/Components/HomePage/Body/Left/Common/SearchedResultsTab/Functions/ListPointsFunctions/index.tsx#L24:40,TypeScript,23,1,1
23 lines of code for unit useEntityPlanImages.ts.useEntityPlanImages(EntityPlanImagesInput),LOW,RAW,2026-07-17,18,useEntityPlanImages.ts.useEntityPlanImages(EntityPlanImagesInput),src/api-hooks/planImages/useEntityPlanImages.ts#L35:48,TypeScript,23,5,1
23 lines of code for unit promptPasswordAndCopyDownloadLink.ts.promptPasswordAndCopyDownloadLink(any),LOW,RAW,2026-07-30,5,promptPasswordAndCopyDownloadLink.ts.promptPasswordAndCopyDownloadLink(any),src/Components/Nabewerking/CreateReport/Steps/Step3/hooks/promptPasswordAndCopyDownloadLink.ts#L4:41,TypeScript,23,5,1
23 lines of code for unit index.ts,LOW,RAW,2026-06-04,61,index.ts,backend/src/routes/emails/index.ts#L1:41,TypeScript,23,1,0
23 lines of code for unit generatePdfReport.ts.generatePdfReport(GeneratePdfReportInput),LOW,RAW,2026-07-30,5,generatePdfReport.ts.generatePdfReport(GeneratePdfReportInput),src/Components/Nabewerking/CreateReport/helpers/generatePdfReport.ts#L29:57,TypeScript,23,3,1
23 lines of code for unit nnederlandLayerSpecsPart3d.ts,LOW,RAW,2026-07-18,17,nnederlandLayerSpecsPart3d.ts,src/Components/HomePage/Body/Left/Common/KaartLegend/LayersList/NNederland/nnederlandLayerSpecsPart3d.ts#L1:28,TypeScript,23,1,0
22 lines of code for unit usePointsViewLayoutController.ts.usePointsViewLayoutController(any),LOW,RAW,2026-07-14,21,usePointsViewLayoutController.ts.usePointsViewLayoutController(any),src/Components/HomePage/Body/Bottom/PointsView/common/hooks/usePointsViewLayoutController.ts#L5:39,TypeScript,22,1,1
22 lines of code for unit keycloakUserApi.ts.createKeycloakUser(any),LOW,RAW,2026-07-04,31,keycloakUserApi.ts.createKeycloakUser(any),src/Components/DashboardPage/shared/keycloakUserApi.ts#L69:96,TypeScript,22,1,1
22 lines of code for unit mapPointerHoverHandler.ts.createMapPointerHoverHandler(MapPointerHoverHandlerInput),LOW,RAW,2026-07-27,8,mapPointerHoverHandler.ts.createMapPointerHoverHandler(MapPointerHoverHandlerInput),src/Components/HomePage/Body/MapViewComp/mapPointerHoverHandler.ts#L41:41,TypeScript,22,4,1
22 lines of code for unit useViewPlanState.ts,LOW,RAW,2026-07-29,6,useViewPlanState.ts,src/Components/HomePage/hooks/zustand/voorbereiding/useViewPlanState.ts#L1:76,TypeScript,22,1,0
22 lines of code for unit useEditPointCoordState.ts.useEditPointCoordState(),LOW,RAW,2026-07-30,5,useEditPointCoordState.ts.useEditPointCoordState(),src/Components/Nabewerking/VluchtenZoeken/Steps/Step2/Actions/Waarnemingen/EditPointDetails/Actions/EditPointCoordinates/useEditPointCoordState.ts#L4:26,TypeScript,22,1,0
22 lines of code for unit useMapClickToUpdateCoordinates.ts.useMapClickToUpdateCoordinates(any),LOW,RAW,2026-07-30,5,useMapClickToUpdateCoordinates.ts.useMapClickToUpdateCoordinates(any),src/Components/HomePageTools/EditGeometry/EditForm/EditGeometryPointPanel/useMapClickToUpdateCoordinates.ts#L10:39,TypeScript,22,3,1
22 lines of code for unit upsertRegisteredDevice.ts.insertNewDevice(RegisterDeviceInput),LOW,RAW,2026-07-04,31,upsertRegisteredDevice.ts.insertNewDevice(RegisterDeviceInput),backend/src/routes/devices-updates/upsertRegisteredDevice.ts#L43:67,TypeScript,22,5,1
22 lines of code for unit resolveUploadedAttachment.ts.queryLatestAttachmentResult(any),LOW,RAW,2026-07-30,5,resolveUploadedAttachment.ts.queryLatestAttachmentResult(any),src/Components/Nabewerking/VluchtenZoeken/Steps/Step2/Actions/Waarnemingen/common/Foto/resolveUploadedAttachment.ts#L8:34,TypeScript,22,2,1
22 lines of code for unit pdfReportTables.ts.addGeneralInfoTable(any),LOW,RAW,2026-07-30,5,pdfReportTables.ts.addGeneralInfoTable(any),src/Components/Nabewerking/CreateReport/helpers/pdfReportTables.ts#L50:75,TypeScript,22,3,1
22 lines of code for unit timesliderPageStatus.ts,LOW,RAW,2026-07-29,6,timesliderPageStatus.ts,src/Components/TimesliderItemDetailPage/builders/timesliderPageStatus.ts#L46:51,TypeScript,22,2,0
22 lines of code for unit arcgisOAuthTokenPost.ts.postArcgisOAuthToken(ResolvedArcgisTokenConfig),LOW,RAW,2026-07-18,17,arcgisOAuthTokenPost.ts.postArcgisOAuthToken(ResolvedArcgisTokenConfig),backend/src/services/arcgisOAuthTokenPost.ts#L4:28,TypeScript,22,3,1
22 lines of code for unit useNotLoggedInBanner.ts.useNotLoggedInBanner(),LOW,RAW,2026-07-18,17,useNotLoggedInBanner.ts.useNotLoggedInBanner(),src/Components/HomePage/Body/Common/useNotLoggedInBanner.ts#L15:39,TypeScript,22,2,0
"22 lines of code for unit createKeycloakUser.ts.clearKeycloakRequiredActions(Request,string)",LOW,RAW,2026-07-22,13,"createKeycloakUser.ts.clearKeycloakRequiredActions(Request,string)",backend/src/routes/keycloak/management/users/createKeycloakUser.ts#L89:112,TypeScript,22,4,2
22 lines of code for unit Buttons.tsx.Buttons(any),LOW,RAW,2026-07-30,5,Buttons.tsx.Buttons(any),src/Components/Voorbereiding/ViewPlan/Steps/Step2/Buttons.tsx#L31:86,TypeScript,22,1,1
22 lines of code for unit SinglePoints.tsx.SinglePoint(any),LOW,RAW,2026-07-30,5,SinglePoints.tsx.SinglePoint(any),src/Components/Nabewerking/VluchtenZoeken/Steps/Step2/Actions/Waarnemingen/EditPointDetails/Actions/ChangePoint/SinglePoints.tsx#L7:39,TypeScript,22,1,1
22 lines of code for unit FlightPlanStandardFields.tsx.pickFlightPlanFormFields(FlightPlanFormFieldValues&FlightPlanFormFieldSetters),LOW,RAW,2026-07-22,13,FlightPlanStandardFields.tsx.pickFlightPlanFormFields(FlightPlanFormFieldValues&FlightPlanFormFieldSetters),src/Components/HomePage/Body/Left/Common/FlightPlanForm/FlightPlanStandardFields.tsx#L11:34,TypeScript,22,1,1
22 lines of code for unit useReuseFlightPlan.ts,LOW,RAW,2026-06-04,61,useReuseFlightPlan.ts,src/hooks/zustand/useReuseFlightPlan.ts#L1:67,TypeScript,22,1,0
22 lines of code for unit useEditPointCoordinateStores.ts.useEditPointCoordinateStores(),LOW,RAW,2026-07-30,5,useEditPointCoordinateStores.ts.useEditPointCoordinateStores(),src/Components/Nabewerking/VluchtenZoeken/Steps/Step2/Actions/Waarnemingen/EditPointDetails/Actions/EditPointCoordinates/useEditPointCoordinateStores.ts#L5:26,TypeScript,22,1,0
22 lines of code for unit respondToVerifyGrantFailure.ts.respondToVerifyGrantFailure(any),LOW,RAW,2026-07-22,13,respondToVerifyGrantFailure.ts.respondToVerifyGrantFailure(any),backend/src/routes/auth2/respondToVerifyGrantFailure.ts#L55:85,TypeScript,22,3,1
"22 lines of code for unit pointGraphicFactoryCore.ts.createPointGraphic(PointData,CreatePointGraphicOptions)",LOW,RAW,2026-07-18,17,"pointGraphicFactoryCore.ts.createPointGraphic(PointData,CreatePointGraphicOptions)",src/helpers/ArcGISHelpers/pointGraphicFactoryCore.ts#L10:36,TypeScript,22,2,2
22 lines of code for unit usePathPointHandlerClick.ts.usePathPointHandlerClick(),LOW,RAW,2026-07-29,6,usePathPointHandlerClick.ts.usePathPointHandlerClick(),src/Components/HomePage/hooks/hover-click-handlers/usePathPointHandlerClick.ts#L43:68,TypeScript,22,4,0
22 lines of code for unit syncAttachmentsInPlan.ts.syncGeometryAttachmentsInPlan(any),LOW,RAW,2026-07-30,5,syncAttachmentsInPlan.ts.syncGeometryAttachmentsInPlan(any),src/Components/Nabewerking/VluchtenZoeken/Steps/Step2/Actions/Waarnemingen/common/Foto/syncAttachmentsInPlan.ts#L59:89,TypeScript,22,4,1
"22 lines of code for unit mapGetacDeviceRow.ts.mapGetacDeviceRow(Record<string, unknown>)",LOW,RAW,2026-07-04,31,"mapGetacDeviceRow.ts.mapGetacDeviceRow(Record<string, unknown>)",backend/src/routes/devices-updates/mapGetacDeviceRow.ts#L11:32,TypeScript,22,5,1
22 lines of code for unit runFotoAttachmentDelete.ts.runFotoAttachmentDelete(FotoAttachmentDeleteInput),LOW,RAW,2026-07-30,5,runFotoAttachmentDelete.ts.runFotoAttachmentDelete(FotoAttachmentDeleteInput),src/Components/Nabewerking/VluchtenZoeken/Steps/Step2/Actions/Waarnemingen/common/Foto/runFotoAttachmentDelete.ts#L8:34,TypeScript,22,4,1
22 lines of code for unit removePointSuccess.ts.applyRemovePointSuccessState(any),LOW,RAW,2026-07-30,5,removePointSuccess.ts.applyRemovePointSuccessState(any),src/Components/Voorbereiding/ViewPlan/Steps/EditPoint/Buttons/removePointSuccess.ts#L54:92,TypeScript,22,1,1
"22 lines of code for unit buildHtml.ts.htmlDiv(string,string)",LOW,RAW,2026-06-29,36,"buildHtml.ts.htmlDiv(string,string)",backend/src/helpers/html/buildHtml.ts#L15:40,TypeScript,22,1,2
22 lines of code for unit buildAndSendSpoedReport.ts.buildAndSendSpoedReport(any),LOW,RAW,2026-07-17,18,buildAndSendSpoedReport.ts.buildAndSendSpoedReport(any),backend/src/routes/emails/buildAndSendSpoedReport.ts#L13:40,TypeScript,22,4,1
"22 lines of code for unit deletePoint.ts.deletePoint(Request,Response)",LOW,RAW,2026-06-04,61,"deletePoint.ts.deletePoint(Request,Response)",backend/src/routes/points/deletePoint.ts#L10:35,TypeScript,22,4,2
22 lines of code for unit applyUploadedAttachmentSuccess.ts.buildAttachmentsAfterUpload(any),LOW,RAW,2026-07-30,5,applyUploadedAttachmentSuccess.ts.buildAttachmentsAfterUpload(any),src/Components/Nabewerking/VluchtenZoeken/Steps/Step2/Actions/Waarnemingen/common/Foto/applyUploadedAttachmentSuccess.ts#L7:32,TypeScript,22,4,1
22 lines of code for unit SelectedPlanImagesPanel.tsx.SelectedPlanImagesPanel(any),LOW,RAW,2026-07-27,8,SelectedPlanImagesPanel.tsx.SelectedPlanImagesPanel(any),src/Components/HomePage/Body/Right/SelectedPlansPointsList/Images/SelectedPlanImagesPanel.tsx#L44:76,TypeScript,22,3,1
22 lines of code for unit useSelectFromSourceQuery.ts.useSelectFromSourceQuery(Source),LOW,RAW,2026-07-30,5,useSelectFromSourceQuery.ts.useSelectFromSourceQuery(Source),src/Components/Voorbereiding/ViewPlan/Steps/AddPointsFromPlan/SelectFromSource/useSelectFromSourceQuery.ts#L8:30,TypeScript,22,5,1
22 lines of code for unit buildPathPointGraphics.ts.buildPathPointGraphics(any),LOW,RAW,2026-07-29,6,buildPathPointGraphics.ts.buildPathPointGraphics(any),src/Components/HomePage/hooks/hover-click-handlers/buildPathPointGraphics.ts#L7:31,TypeScript,22,1,1
"22 lines of code for unit removePointSuccess.ts.buildRemainingPlanPointGraphics(FlightPlanType[""points""])",LOW,RAW,2026-07-30,5,"removePointSuccess.ts.buildRemainingPlanPointGraphics(FlightPlanType[""points""])",src/Components/Voorbereiding/ViewPlan/Steps/EditPoint/Buttons/removePointSuccess.ts#L10:35,TypeScript,22,1,1
22 lines of code for unit timesliderGeometryHighlightFactory.ts.createPlanGeometryHighlightGraphic(any),LOW,RAW,2026-07-22,13,timesliderGeometryHighlightFactory.ts.createPlanGeometryHighlightGraphic(any),src/helpers/timeslider/timesliderGeometryHighlightFactory.ts#L41:67,TypeScript,22,5,1
22 lines of code for unit EditFormBody.tsx,LOW,RAW,2026-07-30,5,EditFormBody.tsx,src/Components/HomePageTools/EditGeometry/EditForm/EditFormBody.tsx#L1:9,TypeScript,22,1,0
"22 lines of code for unit getPoints.ts.getPoints(Request,Response)",LOW,RAW,2026-06-04,61,"getPoints.ts.getPoints(Request,Response)",backend/src/routes/points/getPoints.ts#L6:28,TypeScript,22,3,2
22 lines of code for unit flightPlansRepo.ts.buildFlightPlanInsertParams(FlightPlanBodySource),LOW,RAW,2026-07-28,7,flightPlansRepo.ts.buildFlightPlanInsertParams(FlightPlanBodySource),backend/src/helpers/repositories/flightPlansRepo.ts#L53:77,TypeScript,22,5,1
22 lines of code for unit buildFinishedPlanQuery.ts.buildFinishedPlansWithPointsQuery(BuildFinishedPlansQueryOptions),LOW,RAW,2026-06-30,35,buildFinishedPlanQuery.ts.buildFinishedPlansWithPointsQuery(BuildFinishedPlansQueryOptions),backend/src/helpers/queries/finished-plans/buildFinishedPlanQuery.ts#L18:43,TypeScript,22,1,1
22 lines of code for unit syncBluePointGraphicsCore.ts,LOW,RAW,2026-07-18,17,syncBluePointGraphicsCore.ts,src/helpers/ArcGISHelpers/syncBluePointGraphicsCore.ts#L1:3,TypeScript,22,5,0
22 lines of code for unit nnederlandLayerSpecsPart1a.ts,LOW,RAW,2026-07-18,17,nnederlandLayerSpecsPart1a.ts,src/Components/HomePage/Body/Left/Common/KaartLegend/LayersList/NNederland/nnederlandLayerSpecsPart1a.ts#L1:27,TypeScript,22,1,0
22 lines of code for unit useTimesliderQueryContext.ts.buildQueryFields(ParsedTimesliderQuery),LOW,RAW,2026-07-29,6,useTimesliderQueryContext.ts.buildQueryFields(ParsedTimesliderQuery),src/Components/TimesliderItemDetailPage/hooks/useTimesliderQueryContext.ts#L9:31,TypeScript,22,2,1
22 lines of code for unit useTemplateSelectionFilters.ts.useTemplateSelectionFilters(any),LOW,RAW,2026-07-30,5,useTemplateSelectionFilters.ts.useTemplateSelectionFilters(any),src/Components/Voorbereiding/TemplateFlight/Steps/useTemplateSelectionFilters.ts#L6:33,TypeScript,22,3,1
22 lines of code for unit Buttons.tsx.Buttons(any),LOW,RAW,2026-07-30,5,Buttons.tsx.Buttons(any),src/Components/Voorbereiding/ViewPlan/Steps/Step1/Buttons.tsx#L10:35,TypeScript,22,4,1
22 lines of code for unit planBoundingBoxSymbolsStar.ts,LOW,RAW,2026-07-30,5,planBoundingBoxSymbolsStar.ts,src/helpers/ArcGISHelpers/planBoundingBoxSymbolsStar.ts#L1:22,TypeScript,22,1,0
22 lines of code for unit usePointGraphicsEffects.ts.usePointGraphicsRendering(any),LOW,RAW,2026-07-29,6,usePointGraphicsEffects.ts.usePointGraphicsRendering(any),src/Components/HomePage/hooks/features/usePointGraphicsEffects.ts#L48:77,TypeScript,22,4,1
22 lines of code for unit assembleTimesliderPageView.ts.assembleTimesliderPageView(BuildTimesliderPageViewInput),LOW,RAW,2026-07-29,6,assembleTimesliderPageView.ts.assembleTimesliderPageView(BuildTimesliderPageViewInput),src/Components/TimesliderItemDetailPage/builders/assembleTimesliderPageView.ts#L9:32,TypeScript,22,1,1
22 lines of code for unit useStepContentMapSync.ts.useStepContentMapSync(PointData[]),LOW,RAW,2026-07-30,5,useStepContentMapSync.ts.useStepContentMapSync(PointData[]),src/Components/Voorbereiding/AddPointsVluchtPlan/Common/useStepContentMapSync.ts#L11:34,TypeScript,22,1,1
"22 lines of code for unit timesliderHighlightGraphics.ts.addPlanPointHighlights(__esri.GraphicsLayer,FinishedFlightPlanType)",LOW,RAW,2026-07-13,22,"timesliderHighlightGraphics.ts.addPlanPointHighlights(__esri.GraphicsLayer,FinishedFlightPlanType)",src/helpers/timeslider/timesliderHighlightGraphics.ts#L18:42,TypeScript,22,4,2
22 lines of code for unit useWizardFilterStep2Buttons.ts.useWizardFilterStep2Buttons(any),LOW,RAW,2026-07-30,5,useWizardFilterStep2Buttons.ts.useWizardFilterStep2Buttons(any),src/Components/Voorbereiding/common/useWizardFilterStep2Buttons.ts#L17:47,TypeScript,22,1,1
22 lines of code for unit flightPlansRepo.ts.buildFlightPlanInsertSql(),LOW,RAW,2026-07-28,7,flightPlansRepo.ts.buildFlightPlanInsertSql(),backend/src/helpers/repositories/flightPlansRepo.ts#L22:44,TypeScript,22,1,0
22 lines of code for unit applyGeometrySaveSuccess.ts.applyGeometrySaveSuccess(any),LOW,RAW,2026-07-30,5,applyGeometrySaveSuccess.ts.applyGeometrySaveSuccess(any),src/Components/HomePageTools/EditGeometry/applyGeometrySaveSuccess.ts#L7:42,TypeScript,22,1,1
22 lines of code for unit timesliderFlightPlanEffects.ts.useLoadTimesliderPlans(any),LOW,RAW,2026-07-18,17,timesliderFlightPlanEffects.ts.useLoadTimesliderPlans(any),src/Components/HomePage/Body/Left/TimeSlider/timesliderFlightPlanEffects.ts#L27:55,TypeScript,22,4,1
22 lines of code for unit flightPlansByPointQuery.ts,LOW,RAW,2026-07-28,7,flightPlansByPointQuery.ts,backend/src/helpers/repositories/flightPlansByPointQuery.ts#L1:24,TypeScript,22,1,0
22 lines of code for unit ensureFreshSessionHelpers.ts.refreshSessionTokens(Request),LOW,RAW,2026-07-18,17,ensureFreshSessionHelpers.ts.refreshSessionTokens(Request),backend/src/helpers/auth/ensureFreshSessionHelpers.ts#L17:42,TypeScript,22,5,1
22 lines of code for unit buildAddPointResetForm.ts.buildAddPointResetForm(Stores),LOW,RAW,2026-07-30,5,buildAddPointResetForm.ts.buildAddPointResetForm(Stores),src/Components/Voorbereiding/ViewPlan/Steps/AddPointStep/buildAddPointResetForm.ts#L6:27,TypeScript,22,1,1
21 lines of code for unit verifyRegioPointsGeometries.ts.runGeometriesRegioCheck(any),LOW,RAW,2026-07-04,31,verifyRegioPointsGeometries.ts.runGeometriesRegioCheck(any),backend/scripts/verifyRegioPointsGeometries.ts#L54:78,TypeScript,21,4,1
"21 lines of code for unit applyGeometryCommentUpdate.ts.applyGeometryCommentSuccess(ApplyGeometryCommentUpdateInput,FinishedPointType[])",LOW,RAW,2026-07-30,5,"applyGeometryCommentUpdate.ts.applyGeometryCommentSuccess(ApplyGeometryCommentUpdateInput,FinishedPointType[])",src/Components/Nabewerking/VluchtenZoeken/Steps/Step2/Actions/Waarnemingen/EditGeometryDetails/Actions/Form/applyGeometryCommentUpdate.ts#L50:75,TypeScript,21,2,2
21 lines of code for unit handleCopyLink(),LOW,RAW,2026-07-30,5,handleCopyLink(),src/Components/Nabewerking/CreateReport/Steps/Step3/hooks/useCopyLink.ts#L18:39,TypeScript,21,3,0
21 lines of code for unit Images.tsx.Images(any),LOW,RAW,2026-07-30,5,Images.tsx.Images(any),src/Components/Voorbereiding/SelectedPoint/ViewPlans/Images.tsx#L9:29,TypeScript,21,5,1
21 lines of code for unit useStepContentDataInit.ts.useStepContentDataInit(any),LOW,RAW,2026-07-30,5,useStepContentDataInit.ts.useStepContentDataInit(any),src/Components/Voorbereiding/AddPointsVluchtPlan/Common/useStepContentDataInit.ts#L10:37,TypeScript,21,1,1
21 lines of code for unit Sidebar.tsx.Sidebar(),LOW,RAW,2026-06-04,61,Sidebar.tsx.Sidebar(),src/Components/DashboardPage/Sidebar.tsx#L3:37,TypeScript,21,1,0
21 lines of code for unit FinishedPlanWriter.markFlightPlanFinished(),LOW,RAW,2026-07-01,34,FinishedPlanWriter.markFlightPlanFinished(),backend/src/helpers/finished-plans/createFinishedPlanDb.ts#L149:170,TypeScript,21,3,0
21 lines of code for unit geometryNamedSymbolsB.ts,LOW,RAW,2026-07-30,5,geometryNamedSymbolsB.ts,src/helpers/ArcGISHelpers/geometryNamedSymbolsB.ts#L1:25,TypeScript,21,1,0
21 lines of code for unit syncTableTabGraphics.ts.syncFlightPlansTabGraphics(any),LOW,RAW,2026-07-04,31,syncTableTabGraphics.ts.syncFlightPlansTabGraphics(any),src/Components/HomePage/Body/Bottom/PointsView/common/hooks/syncTableTabGraphics.ts#L47:73,TypeScript,21,5,1
21 lines of code for unit useStep2ButtonsModel.ts.useStep2ButtonsModel(),LOW,RAW,2026-07-30,5,useStep2ButtonsModel.ts.useStep2ButtonsModel(),src/Components/Nabewerking/CreateReport/Steps/Step2/useStep2ButtonsModel.ts#L8:29,TypeScript,21,1,0
21 lines of code for unit syncTableTabGraphics.ts,LOW,RAW,2026-07-04,31,syncTableTabGraphics.ts,src/Components/HomePage/Body/Bottom/PointsView/common/hooks/syncTableTabGraphics.ts#L1:18,TypeScript,21,1,0
"21 lines of code for unit createFinishedPlan.ts.createFinishedPlan(Request,Response)",LOW,RAW,2026-06-04,61,"createFinishedPlan.ts.createFinishedPlan(Request,Response)",backend/src/routes/finished_plans/createFinishedPlan.ts#L11:36,TypeScript,21,3,2
21 lines of code for unit DropDown.tsx.DropDown(any),LOW,RAW,2026-07-15,20,DropDown.tsx.DropDown(any),src/Components/HomePage/Body/Left/Common/SearchedResultsTab/Points/DropDown.tsx#L24:40,TypeScript,21,1,1
21 lines of code for unit handleSubmit(),LOW,RAW,2026-07-30,5,handleSubmit(),src/Components/Voorbereiding/ViewPlan/Steps/AddPointToPlan/Buttons.tsx#L28:49,TypeScript,21,2,0
21 lines of code for unit updateFinishedPointAttachmentsHelpers.ts.commitAttachmentUpdate(any),LOW,RAW,2026-07-18,17,updateFinishedPointAttachmentsHelpers.ts.commitAttachmentUpdate(any),backend/src/routes/finished_plans/updateFinishedPointAttachmentsHelpers.ts#L36:65,TypeScript,21,2,1
21 lines of code for unit deletePointStep1FieldProps.ts.deletePointStep1FieldProps(Model),LOW,RAW,2026-07-30,5,deletePointStep1FieldProps.ts.deletePointStep1FieldProps(Model),src/Components/HomePageTools/AandachtspuntenVerwijderen/Actions/EditPointDetails/Steps/Step1/deletePointStep1FieldProps.ts#L5:9,TypeScript,21,1,1
21 lines of code for unit MapComp.tsx.MapComp(any),LOW,RAW,2026-06-04,61,MapComp.tsx.MapComp(any),src/Components/HomePage/Body/MapViewComp/MapComp.tsx#L12:45,TypeScript,21,4,1
21 lines of code for unit CommonTabBtn.tsx.CommonTabBtn(any),LOW,RAW,2026-06-04,61,CommonTabBtn.tsx.CommonTabBtn(any),src/Components/HomePage/Head/Common/CommonTabBtn.tsx#L6:52,TypeScript,21,2,1
"21 lines of code for unit createUser.ts.createUser(Request,Response)",LOW,RAW,2026-06-04,61,"createUser.ts.createUser(Request,Response)",backend/src/routes/users/createUser.ts#L17:39,TypeScript,21,3,2
21 lines of code for unit DropDown.tsx.DropDown(any),LOW,RAW,2026-07-15,20,DropDown.tsx.DropDown(any),src/Components/HomePage/Body/Left/Common/SearchedResultsTab/FlightPlans/FlightPlansList/DropDown.tsx#L24:38,TypeScript,21,1,1
21 lines of code for unit templateFlightWizardCleanup.ts.runTemplateFlightCancelCleanup(any),LOW,RAW,2026-07-30,5,templateFlightWizardCleanup.ts.runTemplateFlightCancelCleanup(any),src/Components/Voorbereiding/TemplateFlight/helpers/templateFlightWizardCleanup.ts#L58:90,TypeScript,21,3,1
21 lines of code for unit usePointsViewLayoutAndGraphics.ts.usePointsViewLayoutAndGraphics(any),LOW,RAW,2026-07-18,17,usePointsViewLayoutAndGraphics.ts.usePointsViewLayoutAndGraphics(any),src/Components/HomePage/Body/Bottom/PointsView/common/hooks/usePointsViewLayoutAndGraphics.ts#L7:31,TypeScript,21,1,1
"21 lines of code for unit createGeometryGraphicInternal.ts.createGeometryGraphic(BaseGeometryData,CreateGeometryGraphicOptions)",LOW,RAW,2026-07-30,5,"createGeometryGraphicInternal.ts.createGeometryGraphic(BaseGeometryData,CreateGeometryGraphicOptions)",src/helpers/ArcGISHelpers/createGeometryGraphicInternal.ts#L14:41,TypeScript,21,3,2
21 lines of code for unit buildCoordinateSyncPatchCore.ts.buildCoordinateSyncPatch(any),LOW,RAW,2026-07-18,17,buildCoordinateSyncPatchCore.ts.buildCoordinateSyncPatch(any),src/helpers/geo/buildCoordinateSyncPatchCore.ts#L11:39,TypeScript,21,3,1
21 lines of code for unit processPoint.ts.processPoint(ProcessPointParams),LOW,RAW,2026-07-30,5,processPoint.ts.processPoint(ProcessPointParams),src/Components/Nabewerking/CreateReport/helpers/useHandleStep2/processPoint.ts#L9:32,TypeScript,21,1,1
21 lines of code for unit handleUpdate(),LOW,RAW,2026-07-30,5,handleUpdate(),src/Components/Nabewerking/VluchtenZoeken/Steps/Step2/Actions/Waarnemingen/EditGeometryDetails/Actions/Form/index.tsx#L41:55,TypeScript,21,4,0
21 lines of code for unit handlePathPointMapClick.ts.handlePathPointMapClick(any),LOW,RAW,2026-07-29,6,handlePathPointMapClick.ts.handlePathPointMapClick(any),src/Components/HomePage/hooks/hover-click-handlers/handlePathPointMapClick.ts#L10:42,TypeScript,21,2,1
"21 lines of code for unit callbackHandler.ts.RequestHandler(any,any)",LOW,RAW,2026-06-04,61,"callbackHandler.ts.RequestHandler(any,any)",backend/src/routes/auth/authKeycloak/callbackHandler.ts#L7:28,TypeScript,21,2,2
21 lines of code for unit useBasemapsListModel.ts.useBasemapsListModel(UsedPlace),LOW,RAW,2026-07-18,17,useBasemapsListModel.ts.useBasemapsListModel(UsedPlace),src/Components/HomePage/Body/Left/Common/KaartLegend/useBasemapsListModel.ts#L18:22,TypeScript,21,2,1
21 lines of code for unit ArcGISUserToken.ts,LOW,RAW,2026-06-04,61,ArcGISUserToken.ts,src/helpers/tokens/ArcGISUserToken.ts#L1:31,TypeScript,21,3,0
21 lines of code for unit fotoPanelModelHelpers.ts.useAssembledFotoPanelModel(any),LOW,RAW,2026-07-30,5,fotoPanelModelHelpers.ts.useAssembledFotoPanelModel(any),src/Components/Nabewerking/VluchtenZoeken/Steps/Step2/Actions/Waarnemingen/common/Foto/fotoPanelModelHelpers.ts#L126:158,TypeScript,21,1,1
21 lines of code for unit useRenderGeometries.ts.useRenderGeometries(),LOW,RAW,2026-07-29,6,useRenderGeometries.ts.useRenderGeometries(),src/Components/HomePage/hooks/features/useRenderGeometries.ts#L12:32,TypeScript,21,4,0
21 lines of code for unit pointFields.ts,LOW,RAW,2026-06-30,35,pointFields.ts,backend/src/helpers/queries/points/pointFields.ts#L1:24,TypeScript,21,1,0
21 lines of code for unit arcgisAdminTokenPost.ts.postArcgisAdminToken(ResolvedArcgisTokenConfig),LOW,RAW,2026-07-18,17,arcgisAdminTokenPost.ts.postArcgisAdminToken(ResolvedArcgisTokenConfig),backend/src/services/arcgisAdminTokenPost.ts#L9:31,TypeScript,21,3,1
21 lines of code for unit featureLayerPopupClickHandler.ts.handleFeatureLayerMapClick(any),LOW,RAW,2026-07-29,6,featureLayerPopupClickHandler.ts.handleFeatureLayerMapClick(any),src/Components/HomePage/hooks/hover-click-handlers/featureLayerPopupClickHandler.ts#L7:36,TypeScript,21,5,1
21 lines of code for unit PointDetails.tsx.PointDetails(any),LOW,RAW,2026-06-04,61,PointDetails.tsx.PointDetails(any),src/Components/HomePage/Body/Left/Common/ResultTab/PointDetails.tsx#L5:32,TypeScript,21,1,1
21 lines of code for unit index.tsx.AllUsersTable(),LOW,RAW,2026-06-04,61,index.tsx.AllUsersTable(),src/Components/DashboardPage/AllUsersTable/index.tsx#L29:44,TypeScript,21,3,0
21 lines of code for unit usePopupBlockedGuard.ts.usePopupBlockedGuard(),LOW,RAW,2026-07-29,6,usePopupBlockedGuard.ts.usePopupBlockedGuard(),src/Components/HomePage/hooks/popUpModal/usePopupBlockedGuard.ts#L7:28,TypeScript,21,1,0
21 lines of code for unit toolsTabsPart2.ts,LOW,RAW,2026-07-18,17,toolsTabsPart2.ts,src/Components/HomePage/Head/headTabDefinitions/toolsTabsPart2.ts#L1:27,TypeScript,21,1,0
"21 lines of code for unit createUser.ts.handleCreateUser(Request,Response)",LOW,RAW,2026-06-04,61,"createUser.ts.handleCreateUser(Request,Response)",backend/src/routes/keycloak/management/users/createUser.ts#L8:33,TypeScript,21,5,2
21 lines of code for unit useSelectFromSourceSelection.ts.useSelectFromSourceSelection(Set<number>),LOW,RAW,2026-07-30,5,useSelectFromSourceSelection.ts.useSelectFromSourceSelection(Set<number>),src/Components/Voorbereiding/ViewPlan/Steps/AddPointsFromPlan/SelectFromSource/useSelectFromSourceSelection.ts#L7:29,TypeScript,21,2,1
21 lines of code for unit addPointToPlanPinHelpers.ts.syncAddPointToPlanPins(any),LOW,RAW,2026-07-30,5,addPointToPlanPinHelpers.ts.syncAddPointToPlanPins(any),src/Components/Voorbereiding/ViewPlan/Steps/AddPointToPlan/addPointToPlanPinHelpers.ts#L10:37,TypeScript,21,5,1
21 lines of code for unit SingleGeometry.tsx.SingleGeometry(Props),LOW,RAW,2026-07-30,5,SingleGeometry.tsx.SingleGeometry(Props),src/Components/Nabewerking/VluchtenZoeken/Steps/Step2/Actions/Waarnemingen/SingleGeometry.tsx#L13:40,TypeScript,21,1,1
21 lines of code for unit index.tsx.Step1(any),LOW,RAW,2026-07-30,5,index.tsx.Step1(any),src/Components/Voorbereiding/ViewPlan/Steps/Step1/index.tsx#L68:110,TypeScript,21,1,1
21 lines of code for unit Section2.tsx.Section2(),LOW,RAW,2026-06-04,61,Section2.tsx.Section2(),src/Components/HomePage/Body/Left/Common/KaartLegend/LayersList/Block1/Section2.tsx#L4:28,TypeScript,21,1,0
21 lines of code for unit geometryNamedSymbolsA.ts,LOW,RAW,2026-07-30,5,geometryNamedSymbolsA.ts,src/helpers/ArcGISHelpers/geometryNamedSymbolsA.ts#L1:25,TypeScript,21,1,0
21 lines of code for unit editPointMapClickHelpers.ts.createEditPointClickHandler(any),LOW,RAW,2026-07-30,5,editPointMapClickHelpers.ts.createEditPointClickHandler(any),src/Components/Voorbereiding/SelectedPoint/EditPointDetails/Steps/Step2/editPointMapClickHelpers.ts#L41:71,TypeScript,21,3,1
"21 lines of code for unit fileDownload.ts.setPasswordHandler(any,any)",LOW,RAW,2026-06-04,61,"fileDownload.ts.setPasswordHandler(any,any)",backend/src/routes/fileDownload.ts#L27:34,TypeScript,21,5,2
21 lines of code for unit resolveUploadedAttachment.ts.resolveUploadedAttachment(any),LOW,RAW,2026-07-30,5,resolveUploadedAttachment.ts.resolveUploadedAttachment(any),src/Components/Nabewerking/VluchtenZoeken/Steps/Step2/Actions/Waarnemingen/common/Foto/resolveUploadedAttachment.ts#L36:61,TypeScript,21,2,1
21 lines of code for unit useGeometryListMapClick.ts.useGeometryListMapClick(any),LOW,RAW,2026-07-30,5,useGeometryListMapClick.ts.useGeometryListMapClick(any),src/Components/Voorbereiding/FlightPlan/Common/useGeometryListMapClick.ts#L7:35,TypeScript,21,3,1
21 lines of code for unit createYellowBorder.ts.createYellowBorder(EnrichedPointType),LOW,RAW,2026-07-30,5,createYellowBorder.ts.createYellowBorder(EnrichedPointType),src/helpers/ArcGISHelpers/createYellowBorder.ts#L6:29,TypeScript,21,1,1
21 lines of code for unit useBottomPanelState.ts.useBottomPanelState(boolean),LOW,RAW,2026-07-18,17,useBottomPanelState.ts.useBottomPanelState(boolean),src/Components/HomePage/Body/MapViewComp/useBottomPanelState.ts#L4:24,TypeScript,21,2,1
"21 lines of code for unit updateFinishedPointAttachments.ts.updateFinishedPointAttachments(Request,Response)",LOW,RAW,2026-06-04,61,"updateFinishedPointAttachments.ts.updateFinishedPointAttachments(Request,Response)",backend/src/routes/finished_plans/updateFinishedPointAttachments.ts#L10:34,TypeScript,21,3,2
20 lines of code for unit useImageMarkersOnMap.ts.useImageMarkersOnMap(UseImageMarkersOnMapInput),LOW,RAW,2026-07-30,5,useImageMarkersOnMap.ts.useImageMarkersOnMap(UseImageMarkersOnMapInput),src/Components/Nabewerking/VluchtenZoeken/Steps/Step2/Actions/Waarnemingen/common/Foto/useImageMarkersOnMap.ts#L14:36,TypeScript,20,4,1
20 lines of code for unit keycloakUserApi.ts.updateKeycloakUserProfile(any),LOW,RAW,2026-07-04,31,keycloakUserApi.ts.updateKeycloakUserProfile(any),src/Components/DashboardPage/shared/keycloakUserApi.ts#L21:45,TypeScript,20,1,1
20 lines of code for unit BasemapWidget.tsx.BasemapWidget(),LOW,RAW,2026-06-04,61,BasemapWidget.tsx.BasemapWidget(),src/Components/HomePage/Body/MapViewComp/BasemapWidget.tsx#L16:51,TypeScript,20,5,0
20 lines of code for unit createQuadrantGraphic.ts.createQuadrantGraphic(EnrichedPointType[]),LOW,RAW,2026-07-30,5,createQuadrantGraphic.ts.createQuadrantGraphic(EnrichedPointType[]),src/helpers/ArcGISHelpers/createQuadrantGraphic.ts#L22:42,TypeScript,20,1,1
"20 lines of code for unit buildGeometryPointsFromDrawn.ts.buildGeometryPointsFromDrawn(GeometryPointContext,any)",LOW,RAW,2026-07-30,5,"buildGeometryPointsFromDrawn.ts.buildGeometryPointsFromDrawn(GeometryPointContext,any)",src/Components/Voorbereiding/DrawingTool/helpers/buildGeometryPointsFromDrawn.ts#L28:51,TypeScript,20,2,2
20 lines of code for unit featureLayerPopupFormatting.ts,LOW,RAW,2026-07-27,8,featureLayerPopupFormatting.ts,src/Components/HomePage/Body/Common/FeatureLayerPopup/featureLayerPopupFormatting.ts#L1:16,TypeScript,20,1,0
20 lines of code for unit updateUserRoles.ts.updateUserRoles(UpdateUserRolesInput),LOW,RAW,2026-07-01,34,updateUserRoles.ts.updateUserRoles(UpdateUserRolesInput),backend/src/routes/keycloak/management/users/updateUserRoles.ts#L14:36,TypeScript,20,1,1
20 lines of code for unit polygonDrawer.ts.startPolygonDrawer(any),LOW,RAW,2026-07-30,5,polygonDrawer.ts.startPolygonDrawer(any),src/Components/Voorbereiding/SelectedPoint/AddToPlan/polygonDrawer.ts#L72:101,TypeScript,20,3,1
20 lines of code for unit reportPdfCommon.ts.fetchOverviewDetailImages(any),LOW,RAW,2026-07-30,5,reportPdfCommon.ts.fetchOverviewDetailImages(any),src/Components/Nabewerking/CreateReport/helpers/useHandleStep2/reportPdfCommon.ts#L39:62,TypeScript,20,1,1
20 lines of code for unit Pages.tsx.Pages(),LOW,RAW,2026-06-04,61,Pages.tsx.Pages(),src/Components/HomePage/Head/Common/Pages.tsx#L8:45,TypeScript,20,4,0
20 lines of code for unit pdfReportMapPages.ts.addMapPages(any),LOW,RAW,2026-07-30,5,pdfReportMapPages.ts.addMapPages(any),src/Components/Nabewerking/CreateReport/helpers/pdfReportMapPages.ts#L44:68,TypeScript,20,1,1
20 lines of code for unit useAddToPlanStepButtons.ts.useAddToPlanStepButtons(AddToPlanStepButtonsProps),LOW,RAW,2026-07-30,5,useAddToPlanStepButtons.ts.useAddToPlanStepButtons(AddToPlanStepButtonsProps),src/Components/Voorbereiding/SelectedPoint/AddToPlan/useAddToPlanStepButtons.ts#L13:33,TypeScript,20,3,1
20 lines of code for unit buildStep2WizardButtons.ts.buildStep2WizardButtons(Model),LOW,RAW,2026-07-30,5,buildStep2WizardButtons.ts.buildStep2WizardButtons(Model),src/Components/Nabewerking/CreateReport/Steps/Step2/buildStep2WizardButtons.ts#L9:28,TypeScript,20,1,1
"20 lines of code for unit webMercatorToWgs84.ts.webMercatorToWgs84(number,number)",LOW,RAW,2026-07-30,5,"webMercatorToWgs84.ts.webMercatorToWgs84(number,number)",src/Components/Voorbereiding/DrawingTool/helpers/webMercatorToWgs84.ts#L4:26,TypeScript,20,5,2
20 lines of code for unit generateReportZip.ts.generateReportZip(GenerateReportZipInput),LOW,RAW,2026-07-30,5,generateReportZip.ts.generateReportZip(GenerateReportZipInput),src/Components/Nabewerking/CreateReport/helpers/useHandleStep2/generateReportZip.ts#L13:34,TypeScript,20,2,1
20 lines of code for unit buildPointCoordinatePayload.ts.buildPointCoordinatePayload(any),LOW,RAW,2026-07-30,5,buildPointCoordinatePayload.ts.buildPointCoordinatePayload(any),src/Components/Nabewerking/VluchtenZoeken/Steps/Step2/Actions/Waarnemingen/EditPointDetails/Actions/EditPointCoordinates/buildPointCoordinatePayload.ts#L4:32,TypeScript,20,1,1
20 lines of code for unit submitAddToPlanSelection.ts.submitAddToPlanSelection(SubmitAddToPlanSelectionInput),LOW,RAW,2026-07-30,5,submitAddToPlanSelection.ts.submitAddToPlanSelection(SubmitAddToPlanSelectionInput),src/Components/Voorbereiding/SelectedPoint/AddToPlan/submitAddToPlanSelection.ts#L16:40,TypeScript,20,2,1
"20 lines of code for unit createAttachment.ts.createAttachment(Request,Response)",LOW,RAW,2026-06-04,61,"createAttachment.ts.createAttachment(Request,Response)",backend/src/routes/finished_plans/createAttachment.ts#L8:32,TypeScript,20,2,2
20 lines of code for unit useDrawingToolLifecycle.ts.useDrawingToolStep2Lifecycle(any),LOW,RAW,2026-07-30,5,useDrawingToolLifecycle.ts.useDrawingToolStep2Lifecycle(any),src/Components/Voorbereiding/DrawingTool/helpers/useDrawingToolLifecycle.ts#L97:123,TypeScript,20,3,1
20 lines of code for unit updateGeometryHelpers.ts.commitGeometryUpdate(any),LOW,RAW,2026-07-18,17,updateGeometryHelpers.ts.commitGeometryUpdate(any),backend/src/routes/geometries/updateGeometryHelpers.ts#L5:33,TypeScript,20,2,1
20 lines of code for unit nnederlandLayerSpecsPart3c.ts,LOW,RAW,2026-07-18,17,nnederlandLayerSpecsPart3c.ts,src/Components/HomePage/Body/Left/Common/KaartLegend/LayersList/NNederland/nnederlandLayerSpecsPart3c.ts#L1:25,TypeScript,20,1,0
"20 lines of code for unit deletePointHelpers.ts.deletePointInTransaction(PoolClient,number)",LOW,RAW,2026-07-18,17,"deletePointHelpers.ts.deletePointInTransaction(PoolClient,number)",backend/src/routes/points/deletePointHelpers.ts#L7:33,TypeScript,20,3,2
20 lines of code for unit pointHitSelection.ts.applyPointHitSelection(any),LOW,RAW,2026-07-29,6,pointHitSelection.ts.applyPointHitSelection(any),src/Components/HomePage/hooks/popUpModal/pointHitSelection.ts#L10:39,TypeScript,20,4,1
"20 lines of code for unit loginDirectHelpers.ts.performDirectLogin(Request,any)",LOW,RAW,2026-07-18,17,"loginDirectHelpers.ts.performDirectLogin(Request,any)",backend/src/routes/auth/authKeycloak/loginDirectHelpers.ts#L21:45,TypeScript,20,2,2
20 lines of code for unit geometriesRepo.ts,LOW,RAW,2026-07-28,7,geometriesRepo.ts,backend/src/helpers/repositories/geometriesRepo.ts#L1:29,TypeScript,20,1,0
"20 lines of code for unit sessionStoreSetup.ts.attachRedisSessionStore(session.SessionOptions,number)",LOW,RAW,2026-07-18,17,"sessionStoreSetup.ts.attachRedisSessionStore(session.SessionOptions,number)",backend/src/helpers/session/sessionStoreSetup.ts#L27:50,TypeScript,20,2,2
20 lines of code for unit useDeletePointMapSelection.ts.useDeletePointMapSelection(),LOW,RAW,2026-07-30,5,useDeletePointMapSelection.ts.useDeletePointMapSelection(),src/Components/HomePageTools/AandachtspuntenVerwijderen/Actions/Main/useDeletePointMapSelection.ts#L7:26,TypeScript,20,3,0
"20 lines of code for unit db.ts.queueDeviceCommand(string,DeviceCommand)",LOW,RAW,2026-06-04,61,"db.ts.queueDeviceCommand(string,DeviceCommand)",backend/src/routes/devices-updates/db.ts#L105:129,TypeScript,20,2,2
20 lines of code for unit useGeometriesListBase.ts.useGeometriesListBase(any),LOW,RAW,2026-07-30,5,useGeometriesListBase.ts.useGeometriesListBase(any),src/Components/Voorbereiding/FlightPlan/Common/useGeometriesListBase.ts#L7:30,TypeScript,20,1,1
20 lines of code for unit loadRoles(),LOW,RAW,2026-06-29,36,loadRoles(),src/Components/DashboardPage/shared/useKeycloakRoles.ts#L17:36,TypeScript,20,5,0
20 lines of code for unit resolveRegioFilter.ts,LOW,RAW,2026-07-28,7,resolveRegioFilter.ts,backend/src/helpers/queries/shared/resolveRegioFilter.ts#L1:3,TypeScript,20,5,0
"20 lines of code for unit loginHandler.ts.RequestHandler(any,any)",LOW,RAW,2026-07-13,22,"loginHandler.ts.RequestHandler(any,any)",backend/src/routes/auth2/loginHandler.ts#L6:26,TypeScript,20,3,2
"20 lines of code for unit attachmentFetch.ts.fetchAttachmentsForPoint(string,number)",LOW,RAW,2026-07-30,5,"attachmentFetch.ts.fetchAttachmentsForPoint(string,number)",src/Components/Nabewerking/CreateReport/helpers/useHandleStep2/attachmentFetch.ts#L47:70,TypeScript,20,2,2
20 lines of code for unit reportUpload.ts,LOW,RAW,2026-06-04,61,reportUpload.ts,backend/src/routes/reportUpload.ts#L1:18,TypeScript,20,3,0
20 lines of code for unit createFinishedPlanHelpers.ts.saveFinishedPlanWithClient(any),LOW,RAW,2026-07-18,17,createFinishedPlanHelpers.ts.saveFinishedPlanWithClient(any),backend/src/routes/finished_plans/createFinishedPlanHelpers.ts#L41:64,TypeScript,20,2,1
"20 lines of code for unit serverListen.ts.attachListenErrorHandler(Server,number)",LOW,RAW,2026-07-18,17,"serverListen.ts.attachListenErrorHandler(Server,number)",backend/src/serverListen.ts#L3:27,TypeScript,20,5,2
20 lines of code for unit NewGeometriesList.tsx.NewGeometriesList(),LOW,RAW,2026-07-30,5,NewGeometriesList.tsx.NewGeometriesList(),src/Components/Voorbereiding/ReuseFlightPlan/Steps/Step2/NewGeometriesList.tsx#L10:49,TypeScript,20,5,0
20 lines of code for unit buildReusePlanPointIds.ts.buildReuseFlightPlanPointIds(BuildReuseFlightPlanPointIdsInput),LOW,RAW,2026-07-30,5,buildReusePlanPointIds.ts.buildReuseFlightPlanPointIds(BuildReuseFlightPlanPointIdsInput),src/Components/Voorbereiding/ReuseFlightPlan/Steps/Step2/helpers/buildReusePlanPointIds.ts#L13:31,TypeScript,20,1,1
20 lines of code for unit index.tsx.Step3(),LOW,RAW,2026-07-30,5,index.tsx.Step3(),src/Components/Nabewerking/CreateReport/Steps/Step3/index.tsx#L10:56,TypeScript,20,4,0
20 lines of code for unit useTableLayout.ts.useTableLayout(UseTableLayoutInput),LOW,RAW,2026-07-04,31,useTableLayout.ts.useTableLayout(UseTableLayoutInput),src/Components/HomePage/Body/Bottom/PointsView/common/hooks/useTableLayout.ts#L35:55,TypeScript,20,2,1
20 lines of code for unit SubmitPointCoordinatesInput.submitPointCoordinateUpdate(SubmitPointCoordinatesInput),LOW,RAW,2026-07-30,5,SubmitPointCoordinatesInput.submitPointCoordinateUpdate(SubmitPointCoordinatesInput),src/Components/Nabewerking/VluchtenZoeken/Steps/Step2/Actions/Waarnemingen/EditPointDetails/Actions/EditPointCoordinates/submitPointCoordinates.ts#L31:44,TypeScript,20,1,1
"20 lines of code for unit createKeycloakUser.ts.createKeycloakUserRecord(Request,CreateKeycloakUserInput)",LOW,RAW,2026-07-22,13,"createKeycloakUser.ts.createKeycloakUserRecord(Request,CreateKeycloakUserInput)",backend/src/routes/keycloak/management/users/createKeycloakUser.ts#L35:59,TypeScript,20,3,2
20 lines of code for unit filterState.ts,LOW,RAW,2026-07-29,6,filterState.ts,src/hooks/zustand/ui/filterState.ts#L1:52,TypeScript,20,1,0
20 lines of code for unit createAttachmentHelpers.ts.insertAttachmentRow(InsertAttachmentInput),LOW,RAW,2026-07-18,17,createAttachmentHelpers.ts.insertAttachmentRow(InsertAttachmentInput),backend/src/routes/finished_plans/createAttachmentHelpers.ts#L36:57,TypeScript,20,2,1
20 lines of code for unit getacDevicesSchemaSql.ts,LOW,RAW,2026-07-18,17,getacDevicesSchemaSql.ts,backend/src/routes/devices-updates/getacDevicesSchemaSql.ts#L1:20,TypeScript,20,1,0
20 lines of code for unit useTableScrollWidth.ts.useTableScrollWidth(UseTableScrollWidthParams),LOW,RAW,2026-06-04,61,useTableScrollWidth.ts.useTableScrollWidth(UseTableScrollWidthParams),src/Components/HomePage/Body/Bottom/PointsView/common/hooks/useTableScrollWidth.ts#L27:43,TypeScript,20,3,1
"20 lines of code for unit useResizableSidebarCore.ts.useResizableSidebar(number,ResizeHandleSide)",LOW,RAW,2026-07-29,6,"useResizableSidebarCore.ts.useResizableSidebar(number,ResizeHandleSide)",src/Components/HomePage/hooks/layout/useResizableSidebarCore.ts#L14:37,TypeScript,20,1,2
20 lines of code for unit useBottomCompactListStores.ts.useBottomCompactListStores(),LOW,RAW,2026-07-29,6,useBottomCompactListStores.ts.useBottomCompactListStores(),src/Components/HomePage/hooks/bottom/useBottomCompactListStores.ts#L10:30,TypeScript,20,1,0
20 lines of code for unit pointCoreColumns.ts,LOW,RAW,2026-07-18,17,pointCoreColumns.ts,backend/src/helpers/queries/points/pointCoreColumns.ts#L3:29,TypeScript,20,1,0
20 lines of code for unit persistLoginSession.ts.persistLoginSession(any),LOW,RAW,2026-07-13,22,persistLoginSession.ts.persistLoginSession(any),backend/src/routes/auth2/persistLoginSession.ts#L9:36,TypeScript,20,3,1
20 lines of code for unit ResultTab.tsx.ResultTab(),LOW,RAW,2026-06-04,61,ResultTab.tsx.ResultTab(),src/Components/HomePage/Body/Left/Common/BottomTabs/ResultTab.tsx#L6:33,TypeScript,20,2,0
20 lines of code for unit pointJson.ts,LOW,RAW,2026-06-30,35,pointJson.ts,backend/src/helpers/queries/points/pointJson.ts#L1:20,TypeScript,20,1,0
20 lines of code for unit pdfReportTables.ts.addWrappedTable(any),LOW,RAW,2026-07-30,5,pdfReportTables.ts.addWrappedTable(any),src/Components/Nabewerking/CreateReport/helpers/pdfReportTables.ts#L6:30,TypeScript,20,2,1
20 lines of code for unit index.tsx.Step2(any),LOW,RAW,2026-07-30,5,index.tsx.Step2(any),src/Components/HomePageTools/AandachtspuntenVerwijderen/Actions/EditPointDetails/Steps/Step2/index.tsx#L9:51,TypeScript,20,2,1
20 lines of code for unit featureLayerPopupClick.ts.attachFeatureLayerPopupClick(any),LOW,RAW,2026-07-29,6,featureLayerPopupClick.ts.attachFeatureLayerPopupClick(any),src/Components/HomePage/hooks/hover-click-handlers/featureLayerPopupClick.ts#L7:34,TypeScript,20,3,1
20 lines of code for unit resetAddPointStepState.ts.removeAddPointMapGraphics(any),LOW,RAW,2026-07-30,5,resetAddPointStepState.ts.removeAddPointMapGraphics(any),src/Components/Voorbereiding/ViewPlan/Steps/AddPointStep/resetAddPointStepState.ts#L4:29,TypeScript,20,5,1
20 lines of code for unit useEnrichedAddPointMapWiring.ts.useEnrichedAddPointMapWiring(),LOW,RAW,2026-07-30,5,useEnrichedAddPointMapWiring.ts.useEnrichedAddPointMapWiring(),src/Components/Voorbereiding/EnrichedAddPoint/useEnrichedAddPointMapWiring.ts#L6:25,TypeScript,20,1,0
"20 lines of code for unit mapViewBaseLayersSlice.ts.createMapViewBaseLayersSlice(Partial<MapViewState>,any)",LOW,RAW,2026-07-29,6,"mapViewBaseLayersSlice.ts.createMapViewBaseLayersSlice(Partial<MapViewState>,any)",src/hooks/zustand/ui/mapViewBaseLayersSlice.ts#L3:24,TypeScript,20,1,2
"20 lines of code for unit useRenderGeometries.ts.useRenderGeometries(FinishedFlightPlanType|null,number[])",LOW,RAW,2026-07-30,5,"useRenderGeometries.ts.useRenderGeometries(FinishedFlightPlanType|null,number[])",src/Components/Nabewerking/CreateReport/Steps/Step2/hooks/useRenderGeometries.ts#L9:34,TypeScript,20,3,2
20 lines of code for unit fetchTimeRange(),LOW,RAW,2026-07-29,6,fetchTimeRange(),src/hooks/time/useTimeRangeCore.ts#L25:44,TypeScript,20,3,0
"20 lines of code for unit buildTimesliderImageViewerProps.ts.buildTimesliderImageViewerProps(BuildTimesliderPageShellInput,ImageViewerExtras)",LOW,RAW,2026-07-29,6,"buildTimesliderImageViewerProps.ts.buildTimesliderImageViewerProps(BuildTimesliderPageShellInput,ImageViewerExtras)",src/Components/TimesliderItemDetailPage/builders/buildTimesliderImageViewerProps.ts#L18:38,TypeScript,20,5,2
20 lines of code for unit ParentItemCheckbox.tsx.ParentItemCheckbox(any),LOW,RAW,2026-07-18,17,ParentItemCheckbox.tsx.ParentItemCheckbox(any),src/Components/HomePage/Body/Left/Common/KaartLegend/LayersList/Common/ParentItemCheckbox.tsx#L3:38,TypeScript,20,1,1
20 lines of code for unit mergeSelectedPointsIntoPlan.ts.mergeSelectedPointsIntoPlan(any),LOW,RAW,2026-07-30,5,mergeSelectedPointsIntoPlan.ts.mergeSelectedPointsIntoPlan(any),src/Components/Voorbereiding/ViewPlan/Steps/AddPointsFromPlan/SelectFromSource/helpers/mergeSelectedPointsIntoPlan.ts#L6:30,TypeScript,20,2,1
20 lines of code for unit updateFinishedPointAttachmentsTx.ts,LOW,RAW,2026-07-04,31,updateFinishedPointAttachmentsTx.ts,backend/src/helpers/queries/finished-plans/updateFinishedPointAttachmentsTx.ts#L1:55,TypeScript,20,2,0
20 lines of code for unit flightPlanColumnHelpers.ts,LOW,RAW,2026-07-18,17,flightPlanColumnHelpers.ts,src/Components/HomePage/Body/Bottom/PointsView/FlightPlansTable/flightPlanColumnHelpers.ts#L1:24,TypeScript,20,1,0
20 lines of code for unit toTimesliderPageViewInput.ts.toTimesliderPageViewInput(Core),LOW,RAW,2026-07-29,6,toTimesliderPageViewInput.ts.toTimesliderPageViewInput(Core),src/Components/TimesliderItemDetailPage/builders/toTimesliderPageViewInput.ts#L5:24,TypeScript,20,1,1
20 lines of code for unit startDrawingSession(string),LOW,RAW,2026-07-30,5,startDrawingSession(string),src/Components/Voorbereiding/DrawingTool/Step1/Options.tsx#L64:88,TypeScript,20,5,1
"20 lines of code for unit bboxPolygon.ts.getBboxPolygon(any,any)",LOW,RAW,2026-07-13,22,"bboxPolygon.ts.getBboxPolygon(any,any)",src/helpers/geo/bboxPolygon.ts#L3:24,TypeScript,20,1,2
20 lines of code for unit useMapViewCompModel.ts.useMapViewCompModel(MapViewCompProps),LOW,RAW,2026-07-18,17,useMapViewCompModel.ts.useMapViewCompModel(MapViewCompProps),src/Components/HomePage/Body/MapViewComp/useMapViewCompModel.ts#L15:34,TypeScript,20,1,1
19 lines of code for unit index.tsx.ChangePoint(any),LOW,RAW,2026-07-30,5,index.tsx.ChangePoint(any),src/Components/Nabewerking/VluchtenZoeken/Steps/Step2/Actions/Waarnemingen/EditPointDetails/Actions/ChangePoint/index.tsx#L15:38,TypeScript,19,3,1
19 lines of code for unit timesliderPlanImages.ts.fetchTimesliderPlanImages(FetchTimesliderPlanImagesInput),LOW,RAW,2026-07-01,34,timesliderPlanImages.ts.fetchTimesliderPlanImages(FetchTimesliderPlanImagesInput),backend/src/helpers/queries/timeslider/timesliderPlanImages.ts#L27:47,TypeScript,19,3,1
19 lines of code for unit spoedReportMail.ts.sendSpoedReportMail(SpoedMailPayload),LOW,RAW,2026-06-29,36,spoedReportMail.ts.sendSpoedReportMail(SpoedMailPayload),backend/src/routes/emails/spoedReportMail.ts#L29:49,TypeScript,19,1,1
"19 lines of code for unit getSearchedPoints.ts.getSearchedPoints(Request,Response)",LOW,RAW,2026-06-04,61,"getSearchedPoints.ts.getSearchedPoints(Request,Response)",backend/src/routes/points/getSearchedPoints.ts#L5:29,TypeScript,19,4,2
19 lines of code for unit exportExcel(FlightPlanType),LOW,RAW,2026-07-30,5,exportExcel(FlightPlanType),src/Components/Voorbereiding/ViewPlan/Steps/Step1/SinglePlan.tsx#L31:50,TypeScript,19,1,1
"19 lines of code for unit arcgisAdminTokenParse.ts.parseAdminTokenJson(AdminTokenJson,number)",LOW,RAW,2026-07-18,17,"arcgisAdminTokenParse.ts.parseAdminTokenJson(AdminTokenJson,number)",backend/src/services/arcgisAdminTokenParse.ts#L4:25,TypeScript,19,4,2
19 lines of code for unit createPointFromImportHelpers.ts.runImportPointsTransaction(any),LOW,RAW,2026-07-17,18,createPointFromImportHelpers.ts.runImportPointsTransaction(any),backend/src/routes/points/createPointFromImportHelpers.ts#L23:47,TypeScript,19,2,1
19 lines of code for unit viewPlanSession.ts.useViewPlanCancel(void),LOW,RAW,2026-07-30,5,viewPlanSession.ts.useViewPlanCancel(void),src/Components/Voorbereiding/ViewPlan/viewPlanSession.ts#L43:62,TypeScript,19,1,1
"19 lines of code for unit useWaarnemingenFilteredCollections.ts.useWaarnemingenFilteredCollections(FinishedFlightPlanType|null|undefined,string)",LOW,RAW,2026-07-30,5,"useWaarnemingenFilteredCollections.ts.useWaarnemingenFilteredCollections(FinishedFlightPlanType|null|undefined,string)",src/Components/Nabewerking/VluchtenZoeken/Steps/Step2/Actions/Waarnemingen/useWaarnemingenFilteredCollections.ts#L8:29,TypeScript,19,1,2
19 lines of code for unit NextBtn.tsx.NextBtn(),LOW,RAW,2026-07-30,5,NextBtn.tsx.NextBtn(),src/Components/Voorbereiding/EnrichedAddPoint/Steps/Step2/NextBtn.tsx#L9:25,TypeScript,19,2,0
"19 lines of code for unit deleteFlightPlanHelpers.ts.deleteFinishedFlightPlan(string,Response)",LOW,RAW,2026-07-18,17,"deleteFlightPlanHelpers.ts.deleteFinishedFlightPlan(string,Response)",backend/src/routes/flightPlans/deleteFlightPlanHelpers.ts#L24:43,TypeScript,19,3,2
19 lines of code for unit useRenderPoints.ts.useRenderPoints(),LOW,RAW,2026-07-29,6,useRenderPoints.ts.useRenderPoints(),src/Components/HomePage/hooks/features/useRenderPoints.ts#L11:21,TypeScript,19,2,0
19 lines of code for unit reportZipHelpers.ts.preloadReportAttachments(any),LOW,RAW,2026-07-30,5,reportZipHelpers.ts.preloadReportAttachments(any),src/Components/Nabewerking/CreateReport/helpers/useHandleStep2/reportZipHelpers.ts#L11:32,TypeScript,19,1,1
19 lines of code for unit handlePointClick(EnrichedPointType),LOW,RAW,2026-07-27,8,handlePointClick(EnrichedPointType),src/Components/HomePage/Body/Left/Common/WizardPointsList.tsx#L52:71,TypeScript,19,5,1
"19 lines of code for unit resolveSelectedTabItem.ts.resolveSelectedTabItem(string,Content)",LOW,RAW,2026-07-18,17,"resolveSelectedTabItem.ts.resolveSelectedTabItem(string,Content)",src/Components/HomePage/Body/Left/Common/BottomTabs/resolveSelectedTabItem.ts#L10:31,TypeScript,19,1,2
19 lines of code for unit buildEditPointDetailsPayload.ts.buildEditPointDetailsPayload(any),LOW,RAW,2026-07-30,5,buildEditPointDetailsPayload.ts.buildEditPointDetailsPayload(any),src/Components/Nabewerking/VluchtenZoeken/Steps/Step2/Actions/Waarnemingen/EditPointDetails/Actions/Form/buildEditPointDetailsPayload.ts#L4:26,TypeScript,19,1,1
19 lines of code for unit handleUpload(React.FormEvent<HTMLFormElement>),LOW,RAW,2026-06-04,61,handleUpload(React.FormEvent<HTMLFormElement>),src/Components/InstallationsPage/index.tsx#L48:67,TypeScript,19,4,1
19 lines of code for unit computeRealmRoleDiff.ts.computeRealmRoleDiff(any),LOW,RAW,2026-07-27,8,computeRealmRoleDiff.ts.computeRealmRoleDiff(any),backend/src/routes/keycloak/management/users/computeRealmRoleDiff.ts#L24:49,TypeScript,19,2,1
19 lines of code for unit syncAttachmentsInPlan.ts.buildUpdatedGeometryPoint(any),LOW,RAW,2026-07-30,5,syncAttachmentsInPlan.ts.buildUpdatedGeometryPoint(any),src/Components/Nabewerking/VluchtenZoeken/Steps/Step2/Actions/Waarnemingen/common/Foto/syncAttachmentsInPlan.ts#L31:57,TypeScript,19,3,1
19 lines of code for unit buildFinishedPlanRegioWhereClause.ts.buildFinishedPlanRegioWhereClause(FinishedPlanRegioWhereInput),LOW,RAW,2026-07-22,13,buildFinishedPlanRegioWhereClause.ts.buildFinishedPlanRegioWhereClause(FinishedPlanRegioWhereInput),backend/src/helpers/queries/finished-plans/buildFinishedPlanRegioWhereClause.ts#L13:34,TypeScript,19,1,1
19 lines of code for unit syncLocalGeometryGraphics.ts.syncLocalGeometryGraphics(any),LOW,RAW,2026-07-29,6,syncLocalGeometryGraphics.ts.syncLocalGeometryGraphics(any),src/Components/HomePage/hooks/features/syncLocalGeometryGraphics.ts#L7:32,TypeScript,19,4,1
19 lines of code for unit addPointBufferGraphic.ts.addPointBufferGraphic(any),LOW,RAW,2026-07-18,17,addPointBufferGraphic.ts.addPointBufferGraphic(any),src/Components/HomePage/Body/Left/Common/ResultTab/addPointBufferGraphic.ts#L12:36,TypeScript,19,1,1
19 lines of code for unit createKeycloakUser.ts.setKeycloakUserPassword(any),LOW,RAW,2026-07-22,13,createKeycloakUser.ts.setKeycloakUserPassword(any),backend/src/routes/keycloak/management/users/createKeycloakUser.ts#L61:87,TypeScript,19,3,1
19 lines of code for unit sortPointsWithSelectionOrderCore.ts.comparePointsWithSelectionOrder(CompareSelectionOrderInput),LOW,RAW,2026-07-29,6,sortPointsWithSelectionOrderCore.ts.comparePointsWithSelectionOrder(CompareSelectionOrderInput),src/Components/HomePage/hooks/points/sortPointsWithSelectionOrderCore.ts#L37:59,TypeScript,19,4,1
19 lines of code for unit flightPlanSelectSql.ts.buildFlightPlanSelectBody(any),LOW,RAW,2026-07-28,7,flightPlanSelectSql.ts.buildFlightPlanSelectBody(any),backend/src/helpers/repositories/flightPlanSelectSql.ts#L13:38,TypeScript,19,1,1
19 lines of code for unit resolveFlightPlanColumnPreset.ts,LOW,RAW,2026-07-18,17,resolveFlightPlanColumnPreset.ts,backend/src/helpers/queries/flight-plans/resolveFlightPlanColumnPreset.ts#L1:23,TypeScript,19,1,0
19 lines of code for unit handleDeletePointEmptyMapClick.ts.handleDeletePointEmptyMapClick(any),LOW,RAW,2026-07-30,5,handleDeletePointEmptyMapClick.ts.handleDeletePointEmptyMapClick(any),src/Components/HomePageTools/AandachtspuntenVerwijderen/Actions/EditPointDetails/Steps/Step2/handleDeletePointEmptyMapClick.ts#L47:77,TypeScript,19,3,1
19 lines of code for unit buildFinishedPlansWithPointsHelpers.ts.appendFinishedRegioAndOrder(any),LOW,RAW,2026-07-18,17,buildFinishedPlansWithPointsHelpers.ts.appendFinishedRegioAndOrder(any),backend/src/helpers/queries/finished-plans/buildFinishedPlansWithPointsHelpers.ts#L43:67,TypeScript,19,3,1
19 lines of code for unit pathFeatureLayerConfig.ts,LOW,RAW,2026-07-29,6,pathFeatureLayerConfig.ts,src/Components/HomePage/hooks/hover-click-handlers/pathFeatureLayerConfig.ts#L1:20,TypeScript,19,1,0
19 lines of code for unit handleUpdate(),LOW,RAW,2026-07-30,5,handleUpdate(),src/Components/Voorbereiding/EnrichedAddPoint/Steps/Step2/UpdateBtn.tsx#L17:39,TypeScript,19,2,0
"19 lines of code for unit getTimeRange.ts.getTimeRange(Request,Response)",LOW,RAW,2026-06-04,61,"getTimeRange.ts.getTimeRange(Request,Response)",backend/src/routes/timeslider/getTimeRange.ts#L6:27,TypeScript,19,3,2
19 lines of code for unit Points.tsx.Points(PointsProps),LOW,RAW,2026-07-30,5,Points.tsx.Points(PointsProps),src/Components/Nabewerking/CreateReport/Steps/Step2/Points.tsx#L14:54,TypeScript,19,1,1
19 lines of code for unit assembleReportZipContents.ts.assembleReportZipContents(AssembleReportZipInput),LOW,RAW,2026-07-30,5,assembleReportZipContents.ts.assembleReportZipContents(AssembleReportZipInput),src/Components/Nabewerking/CreateReport/helpers/useHandleStep2/assembleReportZipContents.ts#L25:45,TypeScript,19,1,1
"19 lines of code for unit selectedPlansPointsList.ts.buildListItems(PointWithPlan[],GeometryWithPlan[])",LOW,RAW,2026-06-04,61,"selectedPlansPointsList.ts.buildListItems(PointWithPlan[],GeometryWithPlan[])",src/helpers/timeslider/selectedPlansPointsList.ts#L96:117,TypeScript,19,1,2
19 lines of code for unit useEditGeometryUiState.ts.useEditGeometryUiState(),LOW,RAW,2026-07-30,5,useEditGeometryUiState.ts.useEditGeometryUiState(),src/Components/HomePageTools/EditGeometry/useEditGeometryUiState.ts#L4:22,TypeScript,19,1,0
19 lines of code for unit useCreateImageBtnModel.ts.useCreateImageBtnModel(Props),LOW,RAW,2026-07-30,5,useCreateImageBtnModel.ts.useCreateImageBtnModel(Props),src/Components/Nabewerking/VluchtenZoeken/Steps/Step2/Actions/Waarnemingen/common/Foto/useCreateImageBtnModel.ts#L20:38,TypeScript,19,1,1
19 lines of code for unit reportPdfCommon.ts.buildPdfPointData(ReportPdfPointContext),LOW,RAW,2026-07-30,5,reportPdfCommon.ts.buildPdfPointData(ReportPdfPointContext),src/Components/Nabewerking/CreateReport/helpers/useHandleStep2/reportPdfCommon.ts#L15:33,TypeScript,19,1,1
"19 lines of code for unit polygonDrawer.ts.selectPointsInPolygonRing(EnrichedPointType[],number[])",LOW,RAW,2026-07-30,5,"polygonDrawer.ts.selectPointsInPolygonRing(EnrichedPointType[],number[])",src/Components/Voorbereiding/SelectedPoint/AddToPlan/polygonDrawer.ts#L12:37,TypeScript,19,4,2
19 lines of code for unit PlansList.tsx.PlansList(any),LOW,RAW,2026-07-30,5,PlansList.tsx.PlansList(any),src/Components/Voorbereiding/SelectedPoint/ViewPlans/PlansList.tsx#L7:71,TypeScript,19,1,1
19 lines of code for unit centerAndZoomMathCore.ts.goToLonLatZoom(any),LOW,RAW,2026-07-30,5,centerAndZoomMathCore.ts.goToLonLatZoom(any),src/helpers/ArcGISHelpers/centerAndZoomMathCore.ts#L108:130,TypeScript,19,3,1
19 lines of code for unit LegendSectionCore.ts.useLegendSectionLayers(any),LOW,RAW,2026-07-18,17,LegendSectionCore.ts.useLegendSectionLayers(any),src/Components/HomePage/Body/Left/Common/KaartLegend/LayersList/Common/LegendSectionCore.ts#L126:150,TypeScript,19,1,1
19 lines of code for unit postProxyHelpers.ts.forwardArcgisPostRequest(Request),LOW,RAW,2026-07-27,8,postProxyHelpers.ts.forwardArcgisPostRequest(Request),backend/src/routes/arcgis/postProxyHelpers.ts#L85:104,TypeScript,19,2,1
19 lines of code for unit buildTemplateFlightSubmitIds.ts.collectTemplateFlightPointIds(any),LOW,RAW,2026-07-30,5,buildTemplateFlightSubmitIds.ts.collectTemplateFlightPointIds(any),src/Components/Voorbereiding/TemplateFlight/Steps/Step3/buildTemplateFlightSubmitIds.ts#L7:31,TypeScript,19,1,1
19 lines of code for unit applyGraphicPositionNext.ts.commitGraphicPosition(ApplyGraphicPositionInput),LOW,RAW,2026-07-30,5,applyGraphicPositionNext.ts.commitGraphicPosition(ApplyGraphicPositionInput),src/Components/Voorbereiding/EnrichedAddPoint/Steps/Step2/applyGraphicPositionNext.ts#L25:43,TypeScript,19,1,1
19 lines of code for unit useAddPointStepMapClick.ts.useAddPointStepMapClick(AddPointStepMapClickState),LOW,RAW,2026-07-30,5,useAddPointStepMapClick.ts.useAddPointStepMapClick(AddPointStepMapClickState),src/Components/Voorbereiding/ViewPlan/Steps/AddPointStep/useAddPointStepMapClick.ts#L7:29,TypeScript,19,5,1
19 lines of code for unit resetAddPointStepState.ts.resetAddPointFormState(any),LOW,RAW,2026-07-30,5,resetAddPointStepState.ts.resetAddPointFormState(any),src/Components/Voorbereiding/ViewPlan/Steps/AddPointStep/resetAddPointStepState.ts#L31:67,TypeScript,19,1,1
19 lines of code for unit buildStep2LoginFailureBody.ts.buildStep2LoginFailureBody(Step2FailureKind),LOW,RAW,2026-07-22,13,buildStep2LoginFailureBody.ts.buildStep2LoginFailureBody(Step2FailureKind),backend/src/routes/auth2/buildStep2LoginFailureBody.ts#L12:34,TypeScript,19,3,1
19 lines of code for unit verify-regio-apis.ts.main(),LOW,RAW,2026-06-10,55,verify-regio-apis.ts.main(),backend/scripts/verify-regio-apis.ts#L78:100,TypeScript,19,2,0
"19 lines of code for unit startPolling(string,any)",LOW,RAW,2026-07-04,31,"startPolling(string,any)",src/Components/DevicesUpdatesPage/useDeviceActionPolling.ts#L23:45,TypeScript,19,5,2
19 lines of code for unit index.tsx,LOW,RAW,2026-06-04,61,index.tsx,src/Components/HomePage/Body/Bottom/PointsView/FlightPlansTable/index.tsx#L1:35,TypeScript,19,1,0
19 lines of code for unit createPointMapGraphics.ts,LOW,RAW,2026-07-30,5,createPointMapGraphics.ts,src/helpers/ArcGISHelpers/createPointMapGraphics.ts#L1:19,TypeScript,19,1,0
"19 lines of code for unit applyPointCoordinateUpdateSuccess.ts.applyPointCoordinateUpdateSuccess(PointCoordinateUpdateContext,any)",LOW,RAW,2026-07-30,5,"applyPointCoordinateUpdateSuccess.ts.applyPointCoordinateUpdateSuccess(PointCoordinateUpdateContext,any)",src/Components/Nabewerking/VluchtenZoeken/Steps/Step2/Actions/Waarnemingen/EditPointDetails/Actions/EditPointCoordinates/applyPointCoordinateUpdateSuccess.ts#L11:38,TypeScript,19,1,2
19 lines of code for unit removeFlightPlanFilterEffects.ts.useRemoveFlightPlanFilterEffects(any),LOW,RAW,2026-07-30,5,removeFlightPlanFilterEffects.ts.useRemoveFlightPlanFilterEffects(any),src/Components/Voorbereiding/RemoveFlightPlan/removeFlightPlanFilterEffects.ts#L5:36,TypeScript,19,3,1
19 lines of code for unit index.tsx.StepMultiplePoints(any),LOW,RAW,2026-07-30,5,index.tsx.StepMultiplePoints(any),src/Components/Voorbereiding/SelectedPoint/AddToPlan/StepMultiplePoints/index.tsx#L7:69,TypeScript,19,2,1
19 lines of code for unit deleteAttachmentsRequest.ts.postDeleteAttachmentsRequest(any),LOW,RAW,2026-07-17,18,deleteAttachmentsRequest.ts.postDeleteAttachmentsRequest(any),src/helpers/arcgis/deleteAttachmentsRequest.ts#L17:40,TypeScript,19,2,1
19 lines of code for unit drawingToolSketch.ts.symbolForTool(string),LOW,RAW,2026-07-30,5,drawingToolSketch.ts.symbolForTool(string),src/Components/Voorbereiding/DrawingTool/helpers/drawingToolSketch.ts#L7:27,TypeScript,19,4,1
19 lines of code for unit fileDownloadHelpers.ts.sendPasswordGateFailure(any),LOW,RAW,2026-07-22,13,fileDownloadHelpers.ts.sendPasswordGateFailure(any),backend/src/routes/fileDownloadHelpers.ts#L31:56,TypeScript,19,3,1
19 lines of code for unit SelectButtons.tsx.SelectButtons(any),LOW,RAW,2026-07-30,5,SelectButtons.tsx.SelectButtons(any),src/Components/Voorbereiding/FlightPlan/Common/SelectButtons.tsx#L5:29,TypeScript,19,1,1
19 lines of code for unit index.ts.createAuth2Router(),LOW,RAW,2026-07-13,22,index.ts.createAuth2Router(),backend/src/routes/auth2/index.ts#L9:29,TypeScript,19,1,0
19 lines of code for unit loginErrorDecision.ts.resolveLoginErrorDecision(any),LOW,RAW,2026-07-17,18,loginErrorDecision.ts.resolveLoginErrorDecision(any),backend/src/routes/auth2/loginErrorDecision.ts#L17:42,TypeScript,19,3,1
19 lines of code for unit db.ts.claimPendingCommand(string),LOW,RAW,2026-06-04,61,db.ts.claimPendingCommand(string),backend/src/routes/devices-updates/db.ts#L131:151,TypeScript,19,3,1
19 lines of code for unit readOnlyVanTotParts.tsx.ReadOnlyRangeTrack(),LOW,RAW,2026-07-18,17,readOnlyVanTotParts.tsx.ReadOnlyRangeTrack(),src/Components/TimesliderItemDetailPage/sections/readOnlyVanTotParts.tsx#L13:35,TypeScript,19,1,0
19 lines of code for unit applyEditPointDetailsSuccess.ts.applyEditPointDetailsSuccess(any),LOW,RAW,2026-07-30,5,applyEditPointDetailsSuccess.ts.applyEditPointDetailsSuccess(any),src/Components/Nabewerking/VluchtenZoeken/Steps/Step2/Actions/Waarnemingen/EditPointDetails/Actions/Form/applyEditPointDetailsSuccess.ts#L7:35,TypeScript,19,1,1
19 lines of code for unit index.tsx.Step1(),LOW,RAW,2026-07-30,5,index.tsx.Step1(),src/Components/Voorbereiding/AddPointsVluchtPlan/Step1/index.tsx#L10:30,TypeScript,19,3,0
19 lines of code for unit useGeometryListGraphics.ts.useGeometryListGraphics(any),LOW,RAW,2026-07-30,5,useGeometryListGraphics.ts.useGeometryListGraphics(any),src/Components/Voorbereiding/FlightPlan/Common/useGeometryListGraphics.ts#L8:34,TypeScript,19,3,1
19 lines of code for unit Buttons.tsx.Buttons(),LOW,RAW,2026-07-30,5,Buttons.tsx.Buttons(),src/Components/Voorbereiding/AddPointsVluchtPlan/Step3/Buttons.tsx#L10:27,TypeScript,19,1,0
19 lines of code for unit updateFinishedPointAttachmentsHelpers.ts,LOW,RAW,2026-07-22,13,updateFinishedPointAttachmentsHelpers.ts,backend/src/routes/finished_plans/updateFinishedPointAttachmentsHelpers.ts#L1:12,TypeScript,19,4,0
19 lines of code for unit nnederlandLayerIconMap.tsx,LOW,RAW,2026-07-17,18,nnederlandLayerIconMap.tsx,src/Components/HomePage/Body/Left/Common/KaartLegend/LayersList/NNederland/nnederlandLayerIconMap.tsx#L1:46,TypeScript,19,1,0
19 lines of code for unit useFotoPanelModel.ts.useFotoPanelModel(any),LOW,RAW,2026-07-30,5,useFotoPanelModel.ts.useFotoPanelModel(any),src/Components/Nabewerking/VluchtenZoeken/Steps/Step2/Actions/Waarnemingen/common/Foto/useFotoPanelModel.ts#L15:37,TypeScript,19,1,1
19 lines of code for unit attachSelectedPlanPathLayer.ts,LOW,RAW,2026-07-29,6,attachSelectedPlanPathLayer.ts,src/Components/HomePage/hooks/hover-click-handlers/attachSelectedPlanPathLayer.ts#L1:7,TypeScript,19,2,0
"19 lines of code for unit meHandler.ts.RequestHandler(any,any)",LOW,RAW,2026-07-13,22,"meHandler.ts.RequestHandler(any,any)",backend/src/routes/auth2/meHandler.ts#L13:34,TypeScript,19,4,2
"19 lines of code for unit middleware.ts.attachDeviceFromToken(Request,Response,string,NextFunction)",LOW,RAW,2026-07-27,8,"middleware.ts.attachDeviceFromToken(Request,Response,string,NextFunction)",backend/src/routes/devices-updates/middleware.ts#L12:36,TypeScript,19,3,4
19 lines of code for unit useSelectFromSourceGraphicsEffects.ts.useBluePointRendering(any),LOW,RAW,2026-07-30,5,useSelectFromSourceGraphicsEffects.ts.useBluePointRendering(any),src/Components/Voorbereiding/ViewPlan/Steps/AddPointsFromPlan/SelectFromSource/useSelectFromSourceGraphicsEffects.ts#L50:74,TypeScript,19,2,1
19 lines of code for unit shapefileExportCore.ts.exportPointsShapefile(EnrichedPointType[]),LOW,RAW,2026-07-29,6,shapefileExportCore.ts.exportPointsShapefile(EnrichedPointType[]),src/Components/HomePage/helpers/tableExports/shapefileExportCore.ts#L46:65,TypeScript,19,2,1
18 lines of code for unit Buttons.tsx.Step1Buttons(),LOW,RAW,2026-07-30,5,Buttons.tsx.Step1Buttons(),src/Components/Nabewerking/CreateReport/Steps/Step1/Buttons.tsx#L9:24,TypeScript,18,1,0
18 lines of code for unit useSelectFromSourceGraphicsEffects.ts.useSourcePointHover(any),LOW,RAW,2026-07-30,5,useSelectFromSourceGraphicsEffects.ts.useSourcePointHover(any),src/Components/Voorbereiding/ViewPlan/Steps/AddPointsFromPlan/SelectFromSource/useSelectFromSourceGraphicsEffects.ts#L109:131,TypeScript,18,3,1
"18 lines of code for unit arcgisTokenStringFieldSpecs.ts.buildAdminUserAndPassSpecs(ArcgisTokenConfig|undefined,NodeJS.ProcessEnv)",LOW,RAW,2026-07-18,17,"arcgisTokenStringFieldSpecs.ts.buildAdminUserAndPassSpecs(ArcgisTokenConfig|undefined,NodeJS.ProcessEnv)",backend/src/services/arcgisTokenStringFieldSpecs.ts#L38:58,TypeScript,18,1,2
18 lines of code for unit openBottomCompactListView.ts.openBottomCompactListView(BottomCompactListSetters),LOW,RAW,2026-07-29,6,openBottomCompactListView.ts.openBottomCompactListView(BottomCompactListSetters),src/Components/HomePage/hooks/bottom/openBottomCompactListView.ts#L14:32,TypeScript,18,4,1
18 lines of code for unit useEditPointStep2Sub1.ts.useEditPointStep2Sub1(EditPointMapStepProps),LOW,RAW,2026-07-30,5,useEditPointStep2Sub1.ts.useEditPointStep2Sub1(EditPointMapStepProps),src/Components/Voorbereiding/SelectedPoint/EditPointDetails/Steps/Step2/useEditPointStep2Sub1.ts#L10:29,TypeScript,18,1,1
"18 lines of code for unit createReportSetters.ts.createReportSetters(Partial<CreateReportState>,any)",LOW,RAW,2026-07-29,6,"createReportSetters.ts.createReportSetters(Partial<CreateReportState>,any)",src/Components/HomePage/hooks/zustand/nabewerking/createReportSetters.ts#L7:26,TypeScript,18,1,2
"18 lines of code for unit deleteFinishedFlightPlan.ts.deleteFinishedFlightPlanCascade(PoolClient,string)",LOW,RAW,2026-07-04,31,"deleteFinishedFlightPlan.ts.deleteFinishedFlightPlanCascade(PoolClient,string)",backend/src/helpers/queries/flight-plans/deleteFinishedFlightPlan.ts#L31:57,TypeScript,18,4,2
18 lines of code for unit geometryMapGraphics.ts.buildGeometryMapGraphics(Geometry[]),LOW,RAW,2026-07-29,6,geometryMapGraphics.ts.buildGeometryMapGraphics(Geometry[]),src/Components/HomePage/hooks/features/geometryMapGraphics.ts#L4:21,TypeScript,18,1,1
18 lines of code for unit db.ts.resetDeviceCommand(string),LOW,RAW,2026-06-05,60,db.ts.resetDeviceCommand(string),backend/src/routes/devices-updates/db.ts#L84:103,TypeScript,18,2,1
18 lines of code for unit PeriodFilterPanel.tsx.PeriodFilterPanel(any),LOW,RAW,2026-06-29,36,PeriodFilterPanel.tsx.PeriodFilterPanel(any),src/Components/HomePage/Body/Left/Common/PeriodFilterPanel.tsx#L16:115,TypeScript,18,1,1
18 lines of code for unit index.tsx.Step1(),LOW,RAW,2026-07-30,5,index.tsx.Step1(),src/Components/Voorbereiding/ReuseFlightPlan/Steps/Step1/index.tsx#L14:60,TypeScript,18,4,0
18 lines of code for unit useAddPointStates.ts,LOW,RAW,2026-06-04,61,useAddPointStates.ts,src/hooks/zustand/useAddPointStates.ts#L1:44,TypeScript,18,1,0
18 lines of code for unit Auth2RateLimiters.createRateLimitHandler(any),LOW,RAW,2026-07-18,17,Auth2RateLimiters.createRateLimitHandler(any),backend/src/routes/auth2/authRateLimitHelpers.ts#L39:58,TypeScript,18,1,1
18 lines of code for unit Profile.configureOidcHttpOptions(),LOW,RAW,2026-07-17,18,Profile.configureOidcHttpOptions(),backend/src/routes/auth/oidcClientCache.ts#L12:33,TypeScript,18,4,0
18 lines of code for unit db.ts,LOW,RAW,2026-06-04,61,db.ts,backend/src/db.ts#L1:24,TypeScript,18,2,0
"18 lines of code for unit buildPlanBoundingBoxGraphicCore.ts.buildBoundingBoxFillSymbol(NonNullable<CreatePlanBoundingBoxGraphicOptions[""symbolOptions""]>)",LOW,RAW,2026-07-30,5,"buildPlanBoundingBoxGraphicCore.ts.buildBoundingBoxFillSymbol(NonNullable<CreatePlanBoundingBoxGraphicOptions[""symbolOptions""]>)",src/helpers/ArcGISHelpers/buildPlanBoundingBoxGraphicCore.ts#L14:33,TypeScript,18,1,1
18 lines of code for unit getAvailableRoles.ts.getAvailableRoles(Request),LOW,RAW,2026-06-04,61,getAvailableRoles.ts.getAvailableRoles(Request),backend/src/routes/keycloak/management/users/getAvailableRoles.ts#L9:35,TypeScript,18,3,1
18 lines of code for unit useRenderPlanPoints.ts.useRenderPlanPoints(),LOW,RAW,2026-07-30,5,useRenderPlanPoints.ts.useRenderPlanPoints(),src/Components/Nabewerking/VluchtenZoeken/hooks/useRenderPlanPoints.ts#L13:33,TypeScript,18,3,0
18 lines of code for unit useSelectFromSourceGraphicsEffects.ts.useSelectionPins(any),LOW,RAW,2026-07-30,5,useSelectFromSourceGraphicsEffects.ts.useSelectionPins(any),src/Components/Voorbereiding/ViewPlan/Steps/AddPointsFromPlan/SelectFromSource/useSelectFromSourceGraphicsEffects.ts#L76:99,TypeScript,18,3,1
18 lines of code for unit handleSubmit(),LOW,RAW,2026-07-30,5,handleSubmit(),src/Components/Voorbereiding/TemplateFlight/Steps/Step3/Buttons.tsx#L54:71,TypeScript,18,1,0
18 lines of code for unit useEditPointCleanup.ts.runEditPointCleanup(EditPointCleanupInput),LOW,RAW,2026-07-30,5,useEditPointCleanup.ts.runEditPointCleanup(EditPointCleanupInput),src/Components/Nabewerking/VluchtenZoeken/Steps/Step2/Actions/Waarnemingen/EditPointDetails/Actions/EditPointCoordinates/useEditPointCleanup.ts#L19:36,TypeScript,18,5,1
18 lines of code for unit grantError.ts.extractGrantError(unknown),LOW,RAW,2026-07-27,8,grantError.ts.extractGrantError(unknown),backend/src/routes/auth2/grantError.ts#L82:100,TypeScript,18,1,1
18 lines of code for unit authRateLimit.ts.createAuth2RateLimiters(),LOW,RAW,2026-07-13,22,authRateLimit.ts.createAuth2RateLimiters(),backend/src/routes/auth2/authRateLimit.ts#L51:69,TypeScript,18,1,0
"18 lines of code for unit drawGeometryHoverSkyBlue.ts.createSkyBluePolygonGraphic(number[],number)",LOW,RAW,2026-07-18,17,"drawGeometryHoverSkyBlue.ts.createSkyBluePolygonGraphic(number[],number)",src/helpers/timeslider/drawGeometryHoverSkyBlue.ts#L12:32,TypeScript,18,1,2
18 lines of code for unit Geometries.tsx.Geometries(GeometriesProps),LOW,RAW,2026-07-30,5,Geometries.tsx.Geometries(GeometriesProps),src/Components/Nabewerking/CreateReport/Steps/Step2/Geometries.tsx#L12:57,TypeScript,18,1,1
"18 lines of code for unit keycloakUserResolve.ts.fetchExactUsernameUsers(Request,string)",LOW,RAW,2026-07-18,17,"keycloakUserResolve.ts.fetchExactUsernameUsers(Request,string)",backend/src/routes/auth2/keycloakUserResolve.ts#L39:56,TypeScript,18,2,2
18 lines of code for unit index.tsx.Main(),LOW,RAW,2026-07-30,5,index.tsx.Main(),src/Components/HomePageTools/AandachtspuntenVerwijderen/Actions/Main/index.tsx#L11:38,TypeScript,18,3,0
18 lines of code for unit selectFromSourceGraphics.ts.addPinForSelectedPoint(any),LOW,RAW,2026-07-30,5,selectFromSourceGraphics.ts.addPinForSelectedPoint(any),src/Components/Voorbereiding/ViewPlan/Steps/AddPointsFromPlan/SelectFromSource/helpers/selectFromSourceGraphics.ts#L47:73,TypeScript,18,5,1
18 lines of code for unit PointJsonFieldKey.buildAttachmentsAggregationExpr(string),LOW,RAW,2026-06-30,35,PointJsonFieldKey.buildAttachmentsAggregationExpr(string),backend/src/helpers/queries/points/pointJson.ts#L140:159,TypeScript,18,1,1
18 lines of code for unit computeFlightPlanCentroid.ts.computeFlightPlanCentroid(any),LOW,RAW,2026-07-30,5,computeFlightPlanCentroid.ts.computeFlightPlanCentroid(any),src/helpers/ArcGISHelpers/computeFlightPlanCentroid.ts#L21:43,TypeScript,18,3,1
18 lines of code for unit installers.ts,LOW,RAW,2026-06-04,61,installers.ts,backend/src/routes/installers.ts#L1:37,TypeScript,18,1,0
18 lines of code for unit pdfReportAttachments.ts.addImageAttachmentPage(any),LOW,RAW,2026-07-30,5,pdfReportAttachments.ts.addImageAttachmentPage(any),src/Components/Nabewerking/CreateReport/helpers/pdfReportAttachments.ts#L12:33,TypeScript,18,3,1
18 lines of code for unit bufferFlightPlansOnLayerCore.ts.bufferSingleFlightPlan(any),LOW,RAW,2026-07-30,5,bufferFlightPlansOnLayerCore.ts.bufferSingleFlightPlan(any),src/helpers/ArcGISHelpers/bufferFlightPlansOnLayerCore.ts#L32:57,TypeScript,18,4,1
18 lines of code for unit handleDelete(),LOW,RAW,2026-07-30,5,handleDelete(),src/Components/Nabewerking/VluchtenZoeken/Steps/Step2/Actions/Waarnemingen/EditPointDetails/Actions/DeletePoint/index.tsx#L22:34,TypeScript,18,1,0
18 lines of code for unit parseCsvImportRows.ts,LOW,RAW,2026-07-30,5,parseCsvImportRows.ts,src/Components/Voorbereiding/FlightPlan/helpers/parseCsvImportRows.ts#L1:2,TypeScript,18,4,0
18 lines of code for unit deleteGeometryCascade.ts.deleteGeometryCascade(any),LOW,RAW,2026-07-22,13,deleteGeometryCascade.ts.deleteGeometryCascade(any),backend/src/routes/geometries/deleteGeometryCascade.ts#L27:53,TypeScript,18,4,1
18 lines of code for unit CurrentPointsList.tsx.CurrentPointsList(),LOW,RAW,2026-07-30,5,CurrentPointsList.tsx.CurrentPointsList(),src/Components/Voorbereiding/ReuseFlightPlan/Steps/Step2/CurrentPointsList.tsx#L6:15,TypeScript,18,2,0
18 lines of code for unit uploadZip(),LOW,RAW,2026-07-30,5,uploadZip(),src/Components/Nabewerking/CreateReport/Steps/Step3/hooks/useUploadZip.ts#L32:50,TypeScript,18,4,0
18 lines of code for unit viewPlanStepMapActions.ts,LOW,RAW,2026-07-30,5,viewPlanStepMapActions.ts,src/Components/Voorbereiding/ViewPlan/Steps/Step2/viewPlanStepMapActions.ts#L1:48,TypeScript,18,3,0
18 lines of code for unit index.tsx.TemplateFlight(),LOW,RAW,2026-07-30,5,index.tsx.TemplateFlight(),src/Components/Voorbereiding/TemplateFlight/index.tsx#L11:63,TypeScript,18,4,0
18 lines of code for unit flightPlanKeys.ts,LOW,RAW,2026-07-18,17,flightPlanKeys.ts,src/lib/queryKeys/flightPlanKeys.ts#L1:18,TypeScript,18,1,0
18 lines of code for unit usePointGraphicsEffects.ts.usePointGraphicsClick(any),LOW,RAW,2026-07-29,6,usePointGraphicsEffects.ts.usePointGraphicsClick(any),src/Components/HomePage/hooks/features/usePointGraphicsEffects.ts#L119:140,TypeScript,18,3,1
18 lines of code for unit index.tsx.SelectedPointDetails(),LOW,RAW,2026-07-30,5,index.tsx.SelectedPointDetails(),src/Components/Voorbereiding/SelectedPoint/SelectedPointDetails/index.tsx#L12:20,TypeScript,18,1,0
18 lines of code for unit runMultiPointDelete.ts.runMultiPointDelete(MultiPointDeleteInput),LOW,RAW,2026-07-30,5,runMultiPointDelete.ts.runMultiPointDelete(MultiPointDeleteInput),src/Components/HomePageTools/AandachtspuntenVerwijderen/Actions/Main/runMultiPointDelete.ts#L23:40,TypeScript,18,2,1
18 lines of code for unit editPointCoordSyncTransforms.ts,LOW,RAW,2026-07-30,5,editPointCoordSyncTransforms.ts,src/Components/Nabewerking/VluchtenZoeken/Steps/Step2/Actions/Waarnemingen/EditPointDetails/Actions/EditPointCoordinates/editPointCoordSyncTransforms.ts#L1:4,TypeScript,18,5,0
18 lines of code for unit pointsPlansTableExport.ts,LOW,RAW,2026-07-29,6,pointsPlansTableExport.ts,src/Components/HomePage/helpers/tableExports/pointsPlansTableExport.ts#L1:18,TypeScript,18,1,0
18 lines of code for unit copyLinkActions.ts.setDownloadPassword(any),LOW,RAW,2026-07-30,5,copyLinkActions.ts.setDownloadPassword(any),src/Components/Nabewerking/CreateReport/Steps/Step3/hooks/copyLinkActions.ts#L10:31,TypeScript,18,4,1
"18 lines of code for unit updateUser.ts.updateUser(Request,Response)",LOW,RAW,2026-06-04,61,"updateUser.ts.updateUser(Request,Response)",backend/src/routes/users/updateUser.ts#L10:29,TypeScript,18,3,2
18 lines of code for unit applyImportSuccess(BulkImportResponse),LOW,RAW,2026-07-30,5,applyImportSuccess(BulkImportResponse),src/Components/Voorbereiding/FlightPlan/Steps/Step1/ImportVluchtPlan.tsx#L53:73,TypeScript,18,5,1
18 lines of code for unit useEditPointCoordinateInputs.ts.useInitialEditPointMarker(any),LOW,RAW,2026-07-30,5,useEditPointCoordinateInputs.ts.useInitialEditPointMarker(any),src/Components/Nabewerking/VluchtenZoeken/Steps/Step2/Actions/Waarnemingen/EditPointDetails/Actions/EditPointCoordinates/useEditPointCoordinateInputs.ts#L28:49,TypeScript,18,5,1
18 lines of code for unit useGeometryListMapClick.ts.useGeometryListInteractions(any),LOW,RAW,2026-07-30,5,useGeometryListMapClick.ts.useGeometryListInteractions(any),src/Components/Voorbereiding/FlightPlan/Common/useGeometryListMapClick.ts#L37:64,TypeScript,18,2,1
"18 lines of code for unit createLogs.ts.createLogs(Request,Response)",LOW,RAW,2026-06-04,61,"createLogs.ts.createLogs(Request,Response)",backend/src/routes/logs/createLogs.ts#L9:29,TypeScript,18,4,2
18 lines of code for unit useWizardPointsFilterHeaderCore.tsx.useWizardPointsFilterHeader(any),LOW,RAW,2026-07-29,6,useWizardPointsFilterHeaderCore.tsx.useWizardPointsFilterHeader(any),src/Components/HomePage/hooks/points/useWizardPointsFilterHeaderCore.tsx#L35:62,TypeScript,18,1,1
"18 lines of code for unit drawGeometryHoverSkyBlue.ts.createSkyBluePolylineGraphic(number[],number)",LOW,RAW,2026-07-18,17,"drawGeometryHoverSkyBlue.ts.createSkyBluePolylineGraphic(number[],number)",src/helpers/timeslider/drawGeometryHoverSkyBlue.ts#L34:54,TypeScript,18,1,2
18 lines of code for unit filterPlansByPeriod.ts.filterPlansByPeriod(FilterPlansByPeriodInput<T>),LOW,RAW,2026-07-29,6,filterPlansByPeriod.ts.filterPlansByPeriod(FilterPlansByPeriodInput<T>),src/Components/HomePage/hooks/filters/filterPlansByPeriod.ts#L68:89,TypeScript,18,4,1
18 lines of code for unit verifyCredentialsResponses.ts.respondToVerifyLookup(any),LOW,RAW,2026-07-18,17,verifyCredentialsResponses.ts.respondToVerifyLookup(any),backend/src/routes/auth2/verifyCredentialsResponses.ts#L27:50,TypeScript,18,3,1
18 lines of code for unit configureBodyParsersAndSwagger.ts.configureBodyParsersAndSwagger(Express),LOW,RAW,2026-07-18,17,configureBodyParsersAndSwagger.ts.configureBodyParsersAndSwagger(Express),backend/src/configure/configureBodyParsersAndSwagger.ts#L14:31,TypeScript,18,1,1
18 lines of code for unit useMapGraphics.ts.useMapGraphics(UseMapGraphicsInput),LOW,RAW,2026-07-04,31,useMapGraphics.ts.useMapGraphics(UseMapGraphicsInput),src/Components/HomePage/Body/Bottom/PointsView/common/hooks/useMapGraphics.ts#L8:25,TypeScript,18,1,1
18 lines of code for unit handleLogout(),LOW,RAW,2026-06-04,61,handleLogout(),src/Components/DashboardPage/Navbar.tsx#L13:37,TypeScript,18,2,0
18 lines of code for unit useMapPointSelectionClickCore.ts.useMapPointSelectionClick(any),LOW,RAW,2026-07-29,6,useMapPointSelectionClickCore.ts.useMapPointSelectionClick(any),src/Components/HomePage/hooks/viewPlan/useMapPointSelectionClickCore.ts#L17:48,TypeScript,18,5,1
18 lines of code for unit UserList.tsx.UserList(any),LOW,RAW,2026-06-04,61,UserList.tsx.UserList(any),src/Components/HomePage/Head/Users/UserList.tsx#L9:26,TypeScript,18,2,1
18 lines of code for unit patchPlanWithUpdatedPoint.ts.maybeUpdateSavedGraphics(any),LOW,RAW,2026-07-30,5,patchPlanWithUpdatedPoint.ts.maybeUpdateSavedGraphics(any),src/Components/Nabewerking/VluchtenZoeken/Steps/Step2/Actions/Waarnemingen/EditPointDetails/Actions/EditPointCoordinates/patchPlanWithUpdatedPoint.ts#L30:55,TypeScript,18,5,1
17 lines of code for unit useDeletePointMapClick.ts.useDeletePointMapClick(any),LOW,RAW,2026-07-30,5,useDeletePointMapClick.ts.useDeletePointMapClick(any),src/Components/HomePageTools/AandachtspuntenVerwijderen/Actions/EditPointDetails/Steps/Step2/useDeletePointMapClick.ts#L9:33,TypeScript,17,4,1
17 lines of code for unit utils.ts.fetchWithRetry(any),LOW,RAW,2026-07-30,5,utils.ts.fetchWithRetry(any),src/Components/Nabewerking/CreateReport/helpers/useHandleStep2/utils.ts#L28:50,TypeScript,17,4,1
17 lines of code for unit applyGeometryDeleteSuccess.ts.applyGeometryDeleteSuccess(any),LOW,RAW,2026-07-30,5,applyGeometryDeleteSuccess.ts.applyGeometryDeleteSuccess(any),src/Components/HomePageTools/EditGeometry/applyGeometryDeleteSuccess.ts#L4:35,TypeScript,17,1,1
"17 lines of code for unit EditUserFormData.persistEditUser(KeycloakUser,EditUserFormData)",LOW,RAW,2026-07-18,17,"EditUserFormData.persistEditUser(KeycloakUser,EditUserFormData)",src/Components/DashboardPage/EditUser/submitEditUser.ts#L14:33,TypeScript,17,3,2
17 lines of code for unit flightPlanFields.ts,LOW,RAW,2026-07-27,8,flightPlanFields.ts,backend/src/shared/flightPlanFields.ts#L2:20,TypeScript,17,1,0
"17 lines of code for unit pathPointGraphics.ts.addSelectedPathHighlight(__esri.GraphicsLayer,PathPoint)",LOW,RAW,2026-07-29,6,"pathPointGraphics.ts.addSelectedPathHighlight(__esri.GraphicsLayer,PathPoint)",src/Components/HomePage/hooks/hover-click-handlers/pathPointGraphics.ts#L14:33,TypeScript,17,1,2
17 lines of code for unit useDeletePointStep1FormModel.ts.useDeletePointStep1FormModel(),LOW,RAW,2026-07-30,5,useDeletePointStep1FormModel.ts.useDeletePointStep1FormModel(),src/Components/HomePageTools/AandachtspuntenVerwijderen/Actions/EditPointDetails/Steps/Step1/useDeletePointStep1FormModel.ts#L7:23,TypeScript,17,1,0
17 lines of code for unit importPointRowNormalization.ts.normalizeImportRows(unknown[]),LOW,RAW,2026-07-01,34,importPointRowNormalization.ts.normalizeImportRows(unknown[]),backend/src/helpers/points/importPointRowNormalization.ts#L111:133,TypeScript,17,4,1
17 lines of code for unit SinglePlan.tsx.SinglePlan(any),LOW,RAW,2026-07-30,5,SinglePlan.tsx.SinglePlan(any),src/Components/Nabewerking/CreateReport/Steps/Step1/SinglePlan.tsx#L7:26,TypeScript,17,1,1
"17 lines of code for unit ImportPointsDbResult.bulkInsertRowParams(NormalizedImportRow,Date)",LOW,RAW,2026-07-01,34,"ImportPointsDbResult.bulkInsertRowParams(NormalizedImportRow,Date)",backend/src/helpers/points/createPointFromImportDb.ts#L30:46,TypeScript,17,1,2
"17 lines of code for unit flightPlansRepo.ts.selectPreparedFlightPlans(Queryable,string|undefined)",LOW,RAW,2026-07-28,7,"flightPlansRepo.ts.selectPreparedFlightPlans(Queryable,string|undefined)",backend/src/helpers/repositories/flightPlansRepo.ts#L185:206,TypeScript,17,1,2
17 lines of code for unit Form.tsx.Form(any),LOW,RAW,2026-07-30,5,Form.tsx.Form(any),src/Components/Voorbereiding/ViewPlan/Steps/Step2/Form.tsx#L9:57,TypeScript,17,1,1
17 lines of code for unit geometryGraphicBuilders.ts.buildPolygonGraphic(any),LOW,RAW,2026-07-30,5,geometryGraphicBuilders.ts.buildPolygonGraphic(any),src/helpers/ArcGISHelpers/geometryGraphicBuilders.ts#L41:62,TypeScript,17,1,1
17 lines of code for unit handleSubmit(),LOW,RAW,2026-07-30,5,handleSubmit(),src/Components/Nabewerking/VluchtenZoeken/Steps/Step2/Actions/EditFlight/Buttons.tsx#L26:37,TypeScript,17,2,0
17 lines of code for unit finishedPlanCentroidMarkersCore.ts.addFinishedPlanGeometryCentroidMarkers(any),LOW,RAW,2026-07-30,5,finishedPlanCentroidMarkersCore.ts.addFinishedPlanGeometryCentroidMarkers(any),src/helpers/ArcGISHelpers/finishedPlanCentroidMarkersCore.ts#L20:41,TypeScript,17,4,1
17 lines of code for unit SortedAttachment.buildImageMarkerGraphics(SortedAttachment[]),LOW,RAW,2026-07-30,5,SortedAttachment.buildImageMarkerGraphics(SortedAttachment[]),src/Components/Nabewerking/VluchtenZoeken/Steps/Step2/Actions/Waarnemingen/common/Foto/buildImageMarkerGraphics.ts#L28:48,TypeScript,17,2,1
17 lines of code for unit handleSubmit(),LOW,RAW,2026-07-30,5,handleSubmit(),src/Components/Nabewerking/VluchtenZoeken/Steps/Step2/Actions/Waarnemingen/EditPointDetails/Actions/EditPointCoordinates/useEditPointCoordinateSubmit.ts#L27:43,TypeScript,17,2,0
17 lines of code for unit syncRealmRoleMappings.ts.syncRealmRoleMappings(any),LOW,RAW,2026-07-17,18,syncRealmRoleMappings.ts.syncRealmRoleMappings(any),backend/src/routes/keycloak/management/users/syncRealmRoleMappings.ts#L31:54,TypeScript,17,1,1
17 lines of code for unit useStepContentDisplayed.ts.useStepContentDisplayed(any),LOW,RAW,2026-07-30,5,useStepContentDisplayed.ts.useStepContentDisplayed(any),src/Components/Voorbereiding/AddPointsVluchtPlan/Common/useStepContentDisplayed.ts#L8:31,TypeScript,17,1,1
17 lines of code for unit createMapView.ts.createMapView(RefObject<HTMLDivElement>),LOW,RAW,2026-06-04,61,createMapView.ts.createMapView(RefObject<HTMLDivElement>),src/helpers/ArcGISHelpers/createMapView.ts#L10:27,TypeScript,17,1,1
"17 lines of code for unit flightPlanPointExcelCore.ts.mapPointToExportRow(EnrichedPointType,FlightPlanType)",LOW,RAW,2026-07-29,6,"flightPlanPointExcelCore.ts.mapPointToExportRow(EnrichedPointType,FlightPlanType)",src/Components/HomePage/helpers/points/flightPlanPointExcelCore.ts#L70:89,TypeScript,17,1,2
"17 lines of code for unit mapLoginError.ts.mapLoginError(unknown,MapLoginErrorContext)",LOW,RAW,2026-07-13,22,"mapLoginError.ts.mapLoginError(unknown,MapLoginErrorContext)",backend/src/routes/auth2/mapLoginError.ts#L19:40,TypeScript,17,4,2
17 lines of code for unit planBoundingBoxSymbolsCore.ts,LOW,RAW,2026-07-30,5,planBoundingBoxSymbolsCore.ts,src/helpers/ArcGISHelpers/planBoundingBoxSymbolsCore.ts#L1:17,TypeScript,17,1,0
17 lines of code for unit ParentItemToggle.tsx.ParentItemToggle(any),LOW,RAW,2026-07-18,17,ParentItemToggle.tsx.ParentItemToggle(any),src/Components/HomePage/Body/Left/Common/KaartLegend/LayersList/Common/ParentItemToggle.tsx#L4:29,TypeScript,17,2,1
17 lines of code for unit fotoPanelModelHelpers.ts.createFotoDeleteHandler(any),LOW,RAW,2026-07-30,5,fotoPanelModelHelpers.ts.createFotoDeleteHandler(any),src/Components/Nabewerking/VluchtenZoeken/Steps/Step2/Actions/Waarnemingen/common/Foto/fotoPanelModelHelpers.ts#L45:71,TypeScript,17,3,1
17 lines of code for unit useFilterStepWizardSelection.ts.useFilterStepWizardSelection(any),LOW,RAW,2026-07-30,5,useFilterStepWizardSelection.ts.useFilterStepWizardSelection(any),src/Components/Voorbereiding/common/useFilterStepWizardSelection.ts#L9:32,TypeScript,17,1,1
"17 lines of code for unit loginHandlerHelpers.ts.prepareLoginSession(Request,string)",LOW,RAW,2026-07-18,17,"loginHandlerHelpers.ts.prepareLoginSession(Request,string)",backend/src/routes/auth/authKeycloak/loginHandlerHelpers.ts#L5:29,TypeScript,17,4,2
17 lines of code for unit createGeometryGraphic.ts,LOW,RAW,2026-07-30,5,createGeometryGraphic.ts,src/helpers/ArcGISHelpers/createGeometryGraphic.ts#L1:19,TypeScript,17,1,0
17 lines of code for unit LegendSectionCore.ts.buildUseLegendLayersOptions(any),LOW,RAW,2026-07-18,17,LegendSectionCore.ts.buildUseLegendLayersOptions(any),src/Components/HomePage/Body/Left/Common/KaartLegend/LayersList/Common/LegendSectionCore.ts#L56:80,TypeScript,17,5,1
17 lines of code for unit fetchTemplateFlightPlanListHelpers.ts.loadFormattedTemplatePlans(Request),LOW,RAW,2026-07-18,17,fetchTemplateFlightPlanListHelpers.ts.loadFormattedTemplatePlans(Request),backend/src/helpers/queries/templates/fetchTemplateFlightPlanListHelpers.ts#L12:31,TypeScript,17,1,1
"17 lines of code for unit pdfReportAttachments.ts.addOtherAttachmentsTable(jsPDF,PdfAttachment[])",LOW,RAW,2026-07-30,5,"pdfReportAttachments.ts.addOtherAttachmentsTable(jsPDF,PdfAttachment[])",src/Components/Nabewerking/CreateReport/helpers/pdfReportAttachments.ts#L35:51,TypeScript,17,2,2
17 lines of code for unit useBottomCompactListCallback.ts.useBottomCompactListCallback(string),LOW,RAW,2026-07-29,6,useBottomCompactListCallback.ts.useBottomCompactListCallback(string),src/Components/HomePage/hooks/bottom/useBottomCompactListCallback.ts#L5:21,TypeScript,17,1,1
17 lines of code for unit syncYellowMarkerSelection.ts.syncYellowMarkerSelection(SyncYellowMarkerSelectionInput),LOW,RAW,2026-07-29,6,syncYellowMarkerSelection.ts.syncYellowMarkerSelection(SyncYellowMarkerSelectionInput),src/Components/HomePage/hooks/hover-click-handlers/syncYellowMarkerSelection.ts#L21:40,TypeScript,17,4,1
"17 lines of code for unit logFields.ts.buildLogInsertValues(number,LogInsertInput)",LOW,RAW,2026-06-30,35,"logFields.ts.buildLogInsertValues(number,LogInsertInput)",backend/src/helpers/queries/logs/logFields.ts#L49:68,TypeScript,17,1,2
17 lines of code for unit keycloakUserApi.ts.assignKeycloakUserRoles(any),LOW,RAW,2026-07-27,8,keycloakUserApi.ts.assignKeycloakUserRoles(any),src/Components/DashboardPage/shared/keycloakUserApi.ts#L47:67,TypeScript,17,1,1
17 lines of code for unit editGeometryHandlerFactories.ts.makeDeleteHandler(Model),LOW,RAW,2026-07-30,5,editGeometryHandlerFactories.ts.makeDeleteHandler(Model),src/Components/HomePageTools/EditGeometry/editGeometryHandlerFactories.ts#L56:72,TypeScript,17,1,1
17 lines of code for unit geometryHoverGraphics.ts.buildGeometryHoverState(HoverableGeometry),LOW,RAW,2026-07-29,6,geometryHoverGraphics.ts.buildGeometryHoverState(HoverableGeometry),src/Components/HomePage/hooks/hover-click-handlers/geometryHoverGraphics.ts#L20:36,TypeScript,17,5,1
"17 lines of code for unit attachments.ts.safeFetchPointAttachments(string,FinishedPointType)",LOW,RAW,2026-07-30,5,"attachments.ts.safeFetchPointAttachments(string,FinishedPointType)",src/Components/Nabewerking/CreateReport/helpers/useHandleStep2/attachments.ts#L9:34,TypeScript,17,4,2
"17 lines of code for unit getUserById.ts.getUserById(string,Request)",LOW,RAW,2026-06-04,61,"getUserById.ts.getUserById(string,Request)",backend/src/routes/keycloak/management/users/getUserById.ts#L10:32,TypeScript,17,2,2
"17 lines of code for unit getUsers.ts.getUsers(Request,Response)",LOW,RAW,2026-06-04,61,"getUsers.ts.getUsers(Request,Response)",backend/src/routes/users/getUsers.ts#L5:23,TypeScript,17,2,2
"17 lines of code for unit getPrePreparedPlanPoints.ts.getPrepreparedFlightPlanPoints(Request,Response)",LOW,RAW,2026-06-04,61,"getPrePreparedPlanPoints.ts.getPrepreparedFlightPlanPoints(Request,Response)",backend/src/routes/points/getPrePreparedPlanPoints.ts#L5:26,TypeScript,17,4,2
17 lines of code for unit reportUpload.ts.uploadErrorHandler(UploadErrorHandlerInput),LOW,RAW,2026-07-18,17,reportUpload.ts.uploadErrorHandler(UploadErrorHandlerInput),backend/src/routes/reportUpload.ts#L92:108,TypeScript,17,4,1
17 lines of code for unit ImportVluchtPlan.tsx.ImportVluchtPlan(),LOW,RAW,2026-07-30,5,ImportVluchtPlan.tsx.ImportVluchtPlan(),src/Components/Voorbereiding/FlightPlan/Steps/Step1/ImportVluchtPlan.tsx#L29:44,TypeScript,17,1,0
"17 lines of code for unit keycloakUserLookup.ts.lookupKeycloakUser(Request,string)",LOW,RAW,2026-07-18,17,"keycloakUserLookup.ts.lookupKeycloakUser(Request,string)",backend/src/routes/auth2/keycloakUserLookup.ts#L76:96,TypeScript,17,4,2
"17 lines of code for unit sortPointsWithSelectionOrderCore.ts.sortPointsWithSelectionOrder(T[],number[])",LOW,RAW,2026-07-29,6,"sortPointsWithSelectionOrderCore.ts.sortPointsWithSelectionOrder(T[],number[])",src/Components/HomePage/hooks/points/sortPointsWithSelectionOrderCore.ts#L61:82,TypeScript,17,1,2
17 lines of code for unit netherlandsMapBounds.ts.createNetherlandsMapBounds(),LOW,RAW,2026-07-14,21,netherlandsMapBounds.ts.createNetherlandsMapBounds(),src/helpers/ArcGISHelpers/netherlandsMapBounds.ts#L13:30,TypeScript,17,1,0
17 lines of code for unit buildReportPdfPayload.ts.buildReportPdfPayload(ReportGenerationPipelineInput),LOW,RAW,2026-07-30,5,buildReportPdfPayload.ts.buildReportPdfPayload(ReportGenerationPipelineInput),src/Components/Nabewerking/CreateReport/helpers/useHandleStep2/buildReportPdfPayload.ts#L10:28,TypeScript,17,1,1
"17 lines of code for unit create(CreateInput<T, R>)",LOW,RAW,2026-07-18,17,"create(CreateInput<T, R>)",src/api-hooks/mutations/useCreateDataCore.ts#L37:53,TypeScript,17,5,1
"17 lines of code for unit pointsRepo.ts.bulkInsertPointsByColumns(Queryable,any)",LOW,RAW,2026-07-28,7,"pointsRepo.ts.bulkInsertPointsByColumns(Queryable,any)",backend/src/helpers/repositories/pointsRepo.ts#L211:233,TypeScript,17,1,2
17 lines of code for unit useAddToPlanStepSketch.ts.useAddToPlanStepSketch(any),LOW,RAW,2026-07-30,5,useAddToPlanStepSketch.ts.useAddToPlanStepSketch(any),src/Components/Voorbereiding/SelectedPoint/AddToPlan/useAddToPlanStepSketch.ts#L6:27,TypeScript,17,2,1
17 lines of code for unit buildSyncTableTabGraphicsArgs.ts.buildSyncTableTabGraphicsArgs(UseMapGraphicsInput),LOW,RAW,2026-07-18,17,buildSyncTableTabGraphicsArgs.ts.buildSyncTableTabGraphicsArgs(UseMapGraphicsInput),src/Components/HomePage/Body/Bottom/PointsView/common/hooks/buildSyncTableTabGraphicsArgs.ts#L3:19,TypeScript,17,1,1
17 lines of code for unit handleDirectDownload(),LOW,RAW,2026-07-30,5,handleDirectDownload(),src/Components/Nabewerking/CreateReport/Steps/Step3/hooks/useDirectDownload.ts#L41:57,TypeScript,17,4,0
17 lines of code for unit handleSubmit(),LOW,RAW,2026-07-30,5,handleSubmit(),src/Components/Voorbereiding/FlightPlan/Steps/Step3/Buttons.tsx#L60:70,TypeScript,17,3,0
"17 lines of code for unit getSearchedFlightPlans.ts.getSearchedFlightPlans(Request,Response)",LOW,RAW,2026-07-01,34,"getSearchedFlightPlans.ts.getSearchedFlightPlans(Request,Response)",backend/src/routes/flightPlans/getSearchedFlightPlans.ts#L4:25,TypeScript,17,2,2
17 lines of code for unit finishedPlansQuerySql.ts.buildFinishedFlightPlansListSelect(string),LOW,RAW,2026-07-28,7,finishedPlansQuerySql.ts.buildFinishedFlightPlansListSelect(string),backend/src/helpers/repositories/finishedPlansQuerySql.ts#L45:61,TypeScript,17,1,1
17 lines of code for unit handleSubmit(),LOW,RAW,2026-07-30,5,handleSubmit(),src/Components/Voorbereiding/ViewPlan/Steps/AddPointsFromPlan/SelectFromSource/SelectFromSourceButtons.tsx#L30:47,TypeScript,17,3,0
17 lines of code for unit postProxyHelpers.ts.postUrlencodedToArcgis(any),LOW,RAW,2026-07-04,31,postProxyHelpers.ts.postUrlencodedToArcgis(any),backend/src/routes/arcgis/postProxyHelpers.ts#L6:28,TypeScript,17,3,1
17 lines of code for unit useAddPointStepBaseStores.ts.useAddPointStepBaseStores(),LOW,RAW,2026-07-30,5,useAddPointStepBaseStores.ts.useAddPointStepBaseStores(),src/Components/Voorbereiding/ViewPlan/Steps/AddPointStep/useAddPointStepBaseStores.ts#L8:24,TypeScript,17,1,0
17 lines of code for unit LoadingPhase.tsx.LoadingPhase(LoadingPhaseProps),LOW,RAW,2026-07-30,5,LoadingPhase.tsx.LoadingPhase(LoadingPhaseProps),src/Components/Nabewerking/CreateReport/Steps/Step3/components/LoadingPhase.tsx#L10:65,TypeScript,17,4,1
17 lines of code for unit index.tsx.TemplateFlight(any),LOW,RAW,2026-07-30,5,index.tsx.TemplateFlight(any),src/Components/Voorbereiding/FlightPlan/Steps/Step1/TemplateFlights/index.tsx#L17:36,TypeScript,17,1,1
17 lines of code for unit createGeometryGraphicInternal.ts.buildGraphicForGeometryType(any),LOW,RAW,2026-07-30,5,createGeometryGraphicInternal.ts.buildGraphicForGeometryType(any),src/helpers/ArcGISHelpers/createGeometryGraphicInternal.ts#L43:66,TypeScript,17,3,1
17 lines of code for unit updateUser.ts.updateUser(UpdateUserInput),LOW,RAW,2026-07-01,34,updateUser.ts.updateUser(UpdateUserInput),backend/src/routes/keycloak/management/users/updateUser.ts#L15:33,TypeScript,17,2,1
17 lines of code for unit planBoundingBoxGeometryCore.ts.createPlanBoundingBoxPolygon(any),LOW,RAW,2026-07-30,5,planBoundingBoxGeometryCore.ts.createPlanBoundingBoxPolygon(any),src/helpers/ArcGISHelpers/planBoundingBoxGeometryCore.ts#L47:67,TypeScript,17,2,1
17 lines of code for unit useCreateImageUploadEffect.ts.useCreateImageUploadEffect(any),LOW,RAW,2026-07-30,5,useCreateImageUploadEffect.ts.useCreateImageUploadEffect(any),src/Components/Nabewerking/VluchtenZoeken/Steps/Step2/Actions/Waarnemingen/common/Foto/useCreateImageUploadEffect.ts#L5:31,TypeScript,17,4,1
17 lines of code for unit authRateLimit.ts.resolveAuth2RateLimitStore(),LOW,RAW,2026-07-18,17,authRateLimit.ts.resolveAuth2RateLimitStore(),backend/src/routes/auth2/authRateLimit.ts#L12:27,TypeScript,17,2,0
17 lines of code for unit usePointListBufferActions.ts.usePointListBufferActions(any),LOW,RAW,2026-07-18,17,usePointListBufferActions.ts.usePointListBufferActions(any),src/Components/HomePage/Body/Left/Common/ResultTab/usePointListBufferActions.ts#L6:15,TypeScript,17,1,1
17 lines of code for unit useResultTabStarredPointActionsCore.ts.useResultTabStarredPointActions(),LOW,RAW,2026-07-29,6,useResultTabStarredPointActionsCore.ts.useResultTabStarredPointActions(),src/Components/HomePage/hooks/resultTab/useResultTabStarredPointActionsCore.ts#L6:13,TypeScript,17,1,0
"17 lines of code for unit useAddPointToPlanMapEffects.ts.useAddPointToPlanPins(number[],EnrichedPointType[])",LOW,RAW,2026-07-30,5,"useAddPointToPlanMapEffects.ts.useAddPointToPlanPins(number[],EnrichedPointType[])",src/Components/Voorbereiding/ViewPlan/Steps/AddPointToPlan/useAddPointToPlanMapEffects.ts#L27:50,TypeScript,17,1,2
"17 lines of code for unit formatPlanGeometries.ts.formatPlansWithGeometries(Record<string, unknown>)",LOW,RAW,2026-06-30,35,"formatPlanGeometries.ts.formatPlansWithGeometries(Record<string, unknown>)",backend/src/helpers/queries/geometries/formatPlanGeometries.ts#L99:116,TypeScript,17,3,1
17 lines of code for unit toEditPointCoordinatesView.ts.toEditPointCoordinatesView(any),LOW,RAW,2026-07-30,5,toEditPointCoordinatesView.ts.toEditPointCoordinatesView(any),src/Components/Nabewerking/VluchtenZoeken/Steps/Step2/Actions/Waarnemingen/EditPointDetails/Actions/EditPointCoordinates/toEditPointCoordinatesView.ts#L12:33,TypeScript,17,1,1
17 lines of code for unit featureLayerPopupMarker.ts.createFeatureLayerMarker(any),LOW,RAW,2026-07-29,6,featureLayerPopupMarker.ts.createFeatureLayerMarker(any),src/Components/HomePage/hooks/hover-click-handlers/featureLayerPopupMarker.ts#L4:26,TypeScript,17,2,1
17 lines of code for unit index.tsx.ChangeFlightPlanStatus(),LOW,RAW,2026-07-30,5,index.tsx.ChangeFlightPlanStatus(),src/Components/Nabewerking/ChangeFlightPlanStatus/index.tsx#L12:38,TypeScript,17,2,0
"17 lines of code for unit geometriesRepo.ts.selectGeometriesWithPointRegio(Queryable,any)",LOW,RAW,2026-07-28,7,"geometriesRepo.ts.selectGeometriesWithPointRegio(Queryable,any)",backend/src/helpers/repositories/geometriesRepo.ts#L31:50,TypeScript,17,4,2
"16 lines of code for unit renderEditFormScreen.tsx.renderEditFormScreen(EditFormProps,any)",LOW,RAW,2026-07-30,5,"renderEditFormScreen.tsx.renderEditFormScreen(EditFormProps,any)",src/Components/HomePageTools/EditGeometry/EditForm/renderEditFormScreen.tsx#L6:46,TypeScript,16,5,2
16 lines of code for unit geometryJson.ts,LOW,RAW,2026-06-30,35,geometryJson.ts,backend/src/helpers/queries/geometries/geometryJson.ts#L1:22,TypeScript,16,1,0
"16 lines of code for unit installersHandlers.ts.handleInstallerUploadComplete(Request,Response)",LOW,RAW,2026-07-17,18,"installersHandlers.ts.handleInstallerUploadComplete(Request,Response)",backend/src/routes/installersHandlers.ts#L29:46,TypeScript,16,2,2
16 lines of code for unit registerMapHoverHandler.ts.registerMapHoverHandler(any),LOW,RAW,2026-07-29,6,registerMapHoverHandler.ts.registerMapHoverHandler(any),src/Components/HomePage/hooks/features/registerMapHoverHandler.ts#L8:31,TypeScript,16,4,1
16 lines of code for unit Fase3.tsx.useTemplateFase3MapPreview(any),LOW,RAW,2026-07-30,5,Fase3.tsx.useTemplateFase3MapPreview(any),src/Components/Voorbereiding/FlightPlan/Steps/Step1/TemplateFlights/Fase3.tsx#L20:40,TypeScript,16,3,1
16 lines of code for unit importPointRowNormalization.ts.buildNormalizedFields(any),LOW,RAW,2026-07-22,13,importPointRowNormalization.ts.buildNormalizedFields(any),backend/src/helpers/points/importPointRowNormalization.ts#L74:93,TypeScript,16,1,1
16 lines of code for unit handleEnrichedAddPointClick.ts.handleEnrichedAddPointClick(EnrichedAddPointClickInput),LOW,RAW,2026-07-30,5,handleEnrichedAddPointClick.ts.handleEnrichedAddPointClick(EnrichedAddPointClickInput),src/Components/Voorbereiding/EnrichedAddPoint/handleEnrichedAddPointClick.ts#L18:37,TypeScript,16,5,1
16 lines of code for unit parsePointImportFile.ts.mapImportRowsToPoints(any),LOW,RAW,2026-07-30,5,parsePointImportFile.ts.mapImportRowsToPoints(any),src/Components/Voorbereiding/FlightPlan/helpers/parsePointImportFile.ts#L55:78,TypeScript,16,2,1
16 lines of code for unit loadImages(),LOW,RAW,2026-07-17,18,loadImages(),src/api-hooks/planImages/useEntityPlanImages.ts#L55:71,TypeScript,16,4,0
16 lines of code for unit pickViewPlanAddPointsState.ts.useViewPlanAddPointsState(),LOW,RAW,2026-07-30,5,pickViewPlanAddPointsState.ts.useViewPlanAddPointsState(),src/Components/Voorbereiding/ViewPlan/pickViewPlanAddPointsState.ts#L4:20,TypeScript,16,1,0
"16 lines of code for unit mapViewCoreSlice.ts.createMapViewCoreSlice(Partial<MapViewState>,any)",LOW,RAW,2026-07-29,6,"mapViewCoreSlice.ts.createMapViewCoreSlice(Partial<MapViewState>,any)",src/hooks/zustand/ui/mapViewCoreSlice.ts#L3:20,TypeScript,16,1,2
"16 lines of code for unit getFlighPlansNummer.ts.getFlighPlansNummer(Request,Response)",LOW,RAW,2026-06-04,61,"getFlighPlansNummer.ts.getFlighPlansNummer(Request,Response)",backend/src/routes/flightPlans/getFlighPlansNummer.ts#L5:23,TypeScript,16,5,2
16 lines of code for unit useEditPointCoordinateEffectsFromStores.ts.useEditPointCoordinateEffectsFromStores(Stores),LOW,RAW,2026-07-30,5,useEditPointCoordinateEffectsFromStores.ts.useEditPointCoordinateEffectsFromStores(Stores),src/Components/Nabewerking/VluchtenZoeken/Steps/Step2/Actions/Waarnemingen/EditPointDetails/Actions/EditPointCoordinates/useEditPointCoordinateEffectsFromStores.ts#L6:21,TypeScript,16,1,1
16 lines of code for unit Buttons.tsx.Buttons(any),LOW,RAW,2026-07-30,5,Buttons.tsx.Buttons(any),src/Components/Nabewerking/VluchtenZoeken/Steps/Step2/Buttons.tsx#L11:27,TypeScript,16,1,1
16 lines of code for unit PlansFilterSection.tsx.PlansFilterSection(PlansFilterSectionProps),LOW,RAW,2026-07-18,17,PlansFilterSection.tsx.PlansFilterSection(PlansFilterSectionProps),src/Components/TimesliderItemDetailPage/sections/PlansFilterSection.tsx#L8:87,TypeScript,16,1,1
16 lines of code for unit goToPoint(),LOW,RAW,2026-06-04,61,goToPoint(),src/Components/HomePage/Body/Left/Common/SearchedResultsTab/FlightPlans/FlightPlansList/ClickedPlan.tsx#L41:57,TypeScript,16,4,0
16 lines of code for unit FormElements.tsx.FormElements(),LOW,RAW,2026-07-30,5,FormElements.tsx.FormElements(),src/Components/Nabewerking/VluchtenZoeken/Steps/Step2/Actions/EditFlight/FormElements.tsx#L12:72,TypeScript,16,1,0
16 lines of code for unit toggleStarPlan(FlightPlanType),LOW,RAW,2026-06-04,61,toggleStarPlan(FlightPlanType),src/Components/HomePage/Body/Bottom/PointsView/FlightPlansTable/index.tsx#L77:95,TypeScript,16,4,1
16 lines of code for unit regioFilter.ts.buildRegioWhereClause(BuildRegioWhereClauseInput),LOW,RAW,2026-07-01,34,regioFilter.ts.buildRegioWhereClause(BuildRegioWhereClauseInput),backend/src/helpers/queries/shared/regioFilter.ts#L106:125,TypeScript,16,3,1
"16 lines of code for unit getSingleFinishedFlightPlan.ts.getSingleFinishedFlightPlan(Request,Response)",LOW,RAW,2026-06-04,61,"getSingleFinishedFlightPlan.ts.getSingleFinishedFlightPlan(Request,Response)",backend/src/routes/finished_plans/getSingleFinishedFlightPlan.ts#L7:29,TypeScript,16,3,2
16 lines of code for unit zoomToPoint(),LOW,RAW,2026-06-04,61,zoomToPoint(),src/Components/HomePage/Body/Left/Common/SearchedResultsTab/FlightPlans/FlightPlansList/ClickedPlan.tsx#L23:39,TypeScript,16,4,0
16 lines of code for unit spoedReportSendHelpers.ts.buildAndMailSpoedArtifacts(ValidatedSpoed),LOW,RAW,2026-07-18,17,spoedReportSendHelpers.ts.buildAndMailSpoedArtifacts(ValidatedSpoed),backend/src/routes/emails/spoedReportSendHelpers.ts#L49:66,TypeScript,16,4,1
16 lines of code for unit basemapsListHelpers.ts.createBasemapsCatalog(),LOW,RAW,2026-07-18,17,basemapsListHelpers.ts.createBasemapsCatalog(),src/Components/HomePage/Body/Left/Common/KaartLegend/basemapsListHelpers.ts#L19:34,TypeScript,16,1,0
"16 lines of code for unit flightPlansRepo.ts.selectPreparedFlightPlanIdsWithRegio(Queryable,string|undefined)",LOW,RAW,2026-07-28,7,"flightPlansRepo.ts.selectPreparedFlightPlanIdsWithRegio(Queryable,string|undefined)",backend/src/helpers/repositories/flightPlansRepo.ts#L209:229,TypeScript,16,1,2
"16 lines of code for unit resolveFlightPlanQueryDefaults.ts.resolveFlightPlanQueryScalars(BuildFlightPlanQueryOptions,string)",LOW,RAW,2026-07-22,13,"resolveFlightPlanQueryDefaults.ts.resolveFlightPlanQueryScalars(BuildFlightPlanQueryOptions,string)",backend/src/helpers/queries/flight-plans/resolveFlightPlanQueryDefaults.ts#L60:78,TypeScript,16,1,2
16 lines of code for unit usePointsViewUiState.ts.usePointsViewUiState(),LOW,RAW,2026-07-18,17,usePointsViewUiState.ts.usePointsViewUiState(),src/Components/HomePage/Body/Bottom/PointsView/common/hooks/usePointsViewUiState.ts#L4:21,TypeScript,16,1,0
"16 lines of code for unit useEditPointCoordSyncEffects.ts.useSyncEditPointCoordinateSystem(FinishedPointType|null,CoordState)",LOW,RAW,2026-07-30,5,"useEditPointCoordSyncEffects.ts.useSyncEditPointCoordinateSystem(FinishedPointType|null,CoordState)",src/Components/Nabewerking/VluchtenZoeken/Steps/Step2/Actions/Waarnemingen/EditPointDetails/Actions/EditPointCoordinates/useEditPointCoordSyncEffects.ts#L41:60,TypeScript,16,2,2
16 lines of code for unit index.tsx.PointsView(PointsViewProps),LOW,RAW,2026-06-04,61,index.tsx.PointsView(PointsViewProps),src/Components/HomePage/Body/Bottom/PointsView/index.tsx#L12:84,TypeScript,16,2,1
16 lines of code for unit buildCreatePointPayload.ts.buildCreatePointPayload(any),LOW,RAW,2026-07-30,5,buildCreatePointPayload.ts.buildCreatePointPayload(any),src/Components/Voorbereiding/EnrichedAddPoint/helpers/buildCreatePointPayload.ts#L6:24,TypeScript,16,3,1
16 lines of code for unit showPlanSearchListHoverBody.ts.showPlanSearchListHover(any),LOW,RAW,2026-07-29,6,showPlanSearchListHoverBody.ts.showPlanSearchListHover(any),src/Components/HomePage/hooks/hover-click-handlers/showPlanSearchListHoverBody.ts#L19:40,TypeScript,16,4,1
16 lines of code for unit pdfReportAttachmentImage.ts.drawTakenAtCaption(any),LOW,RAW,2026-07-30,5,pdfReportAttachmentImage.ts.drawTakenAtCaption(any),src/Components/Nabewerking/CreateReport/helpers/pdfReportAttachmentImage.ts#L21:40,TypeScript,16,2,1
16 lines of code for unit timesliderPlanImagesFetch.ts.queryTimesliderPlanImages(any),LOW,RAW,2026-07-18,17,timesliderPlanImagesFetch.ts.queryTimesliderPlanImages(any),backend/src/helpers/queries/timeslider/timesliderPlanImagesFetch.ts#L10:28,TypeScript,16,1,1
16 lines of code for unit Step2OtpFailureInput.respondToStep2OtpFailure(Step2OtpFailureInput),LOW,RAW,2026-07-18,17,Step2OtpFailureInput.respondToStep2OtpFailure(Step2OtpFailureInput),backend/src/routes/auth2/loginFlowHelpers.ts#L46:64,TypeScript,16,3,1
16 lines of code for unit verifyCredentialsHandler.ts.respondVerifyError(any),LOW,RAW,2026-07-22,13,verifyCredentialsHandler.ts.respondVerifyError(any),backend/src/routes/auth2/verifyCredentialsHandler.ts#L21:40,TypeScript,16,4,1
16 lines of code for unit usePointGraphicsEffects.ts.runPointGraphicClick(any),LOW,RAW,2026-07-29,6,usePointGraphicsEffects.ts.runPointGraphicClick(any),src/Components/HomePage/hooks/features/usePointGraphicsEffects.ts#L96:117,TypeScript,16,3,1
16 lines of code for unit swaggerInfo.ts.buildSwaggerInfo(),LOW,RAW,2026-07-18,17,swaggerInfo.ts.buildSwaggerInfo(),backend/src/routes/swaggerInfo.ts#L1:16,TypeScript,16,1,0
16 lines of code for unit index.tsx.VliegrouteExporteren(any),LOW,RAW,2026-07-30,5,index.tsx.VliegrouteExporteren(any),src/Components/Nabewerking/VluchtenZoeken/Steps/Step2/Actions/VliegrouteExporteren/index.tsx#L25:48,TypeScript,16,2,1
"16 lines of code for unit regioPlanAssertions.ts.assertPlanRegiosWithDb(RegioTestReporter,any)",LOW,RAW,2026-07-14,21,"regioPlanAssertions.ts.assertPlanRegiosWithDb(RegioTestReporter,any)",backend/scripts/regioPlanAssertions.ts#L29:50,TypeScript,16,4,2
"16 lines of code for unit finishedPlansQuerySql.ts.buildFinishedPlansSelectBody(string,string)",LOW,RAW,2026-07-28,7,"finishedPlansQuerySql.ts.buildFinishedPlansSelectBody(string,string)",backend/src/helpers/repositories/finishedPlansQuerySql.ts#L71:89,TypeScript,16,1,2
16 lines of code for unit verify-regio-apis.ts.testResolveRegioFilter(),LOW,RAW,2026-06-10,55,verify-regio-apis.ts.testResolveRegioFilter(),backend/scripts/verify-regio-apis.ts#L30:46,TypeScript,16,5,0
16 lines of code for unit timesliderPageViewScalars.ts.timesliderPageViewScalars(BuildTimesliderPageViewInput),LOW,RAW,2026-07-29,6,timesliderPageViewScalars.ts.timesliderPageViewScalars(BuildTimesliderPageViewInput),src/Components/TimesliderItemDetailPage/builders/timesliderPageViewScalars.ts#L3:20,TypeScript,16,4,1
16 lines of code for unit index.tsx.Step2(any),LOW,RAW,2026-07-30,5,index.tsx.Step2(any),src/Components/Voorbereiding/SelectedPoint/EditPointDetails/Steps/Step2/index.tsx#L14:35,TypeScript,16,1,1
16 lines of code for unit nearestPoint.ts.isCloserCandidate(any),LOW,RAW,2026-07-29,6,nearestPoint.ts.isCloserCandidate(any),src/Components/HomePage/hooks/hover-click-handlers/nearestPoint.ts#L4:28,TypeScript,16,5,1
16 lines of code for unit TimesliderRangeTrack.tsx.TimesliderRangeTrack(any),LOW,RAW,2026-07-13,22,TimesliderRangeTrack.tsx.TimesliderRangeTrack(any),src/Components/HomePage/Head/timeslider/TimesliderRangeTrack.tsx#L5:56,TypeScript,16,1,1
16 lines of code for unit index.tsx.InstallationsPage(),LOW,RAW,2026-06-04,61,index.tsx.InstallationsPage(),src/Components/InstallationsPage/index.tsx#L19:31,TypeScript,16,2,0
16 lines of code for unit geometryGraphicBuilders.ts,LOW,RAW,2026-07-30,5,geometryGraphicBuilders.ts,src/helpers/ArcGISHelpers/geometryGraphicBuilders.ts#L1:11,TypeScript,16,5,0
16 lines of code for unit xlsxExportCore.ts.exportPointsPlansXlsx(any),LOW,RAW,2026-07-29,6,xlsxExportCore.ts.exportPointsPlansXlsx(any),src/Components/HomePage/helpers/tableExports/xlsxExportCore.ts#L37:56,TypeScript,16,5,1
16 lines of code for unit keycloakAdminClient.ts,LOW,RAW,2026-07-13,22,keycloakAdminClient.ts,backend/src/routes/keycloak/management/users/keycloakAdminClient.ts#L1:9,TypeScript,16,3,0
"16 lines of code for unit logoutHandler.ts.RequestHandler(any,any)",LOW,RAW,2026-07-27,8,"logoutHandler.ts.RequestHandler(any,any)",backend/src/routes/auth/authKeycloak/logoutHandler.ts#L27:44,TypeScript,16,3,2
16 lines of code for unit buildFinishedFlightPlansListQuery.ts.buildFinishedFlightPlansListQuery(unknown),LOW,RAW,2026-07-18,17,buildFinishedFlightPlansListQuery.ts.buildFinishedFlightPlansListQuery(unknown),backend/src/helpers/queries/finished-plans/buildFinishedFlightPlansListQuery.ts#L8:25,TypeScript,16,1,1
16 lines of code for unit grantFailureSignals.ts.hasExplicitOtpRequiredSignal(string),LOW,RAW,2026-07-17,18,grantFailureSignals.ts.hasExplicitOtpRequiredSignal(string),backend/src/routes/auth2/grantFailureSignals.ts#L9:25,TypeScript,16,1,1
16 lines of code for unit regioFilter.ts.appendRegioFilter(AppendRegioFilterInput),LOW,RAW,2026-07-01,34,regioFilter.ts.appendRegioFilter(AppendRegioFilterInput),backend/src/helpers/queries/shared/regioFilter.ts#L85:104,TypeScript,16,3,1
16 lines of code for unit useGeometriesStore.ts.loadGeometries(any),LOW,RAW,2026-07-27,8,useGeometriesStore.ts.loadGeometries(any),src/hooks/features/useGeometriesStore.ts#L29:49,TypeScript,16,5,1
16 lines of code for unit updateGeometryTransaction.ts.runGeometryUpdateTransaction(UpdateGeometryTransactionInput),LOW,RAW,2026-07-04,31,updateGeometryTransaction.ts.runGeometryUpdateTransaction(UpdateGeometryTransactionInput),backend/src/helpers/queries/geometries/updateGeometryTransaction.ts#L10:30,TypeScript,16,3,1
16 lines of code for unit ChevronButton.tsx.ChevronButton(any),LOW,RAW,2026-06-04,61,ChevronButton.tsx.ChevronButton(any),src/Components/HomePage/Body/Common/ChevronButton.tsx#L5:35,TypeScript,16,2,1
16 lines of code for unit nnederlandLayerSpecsPart2d.ts,LOW,RAW,2026-07-18,17,nnederlandLayerSpecsPart2d.ts,src/Components/HomePage/Body/Left/Common/KaartLegend/LayersList/NNederland/nnederlandLayerSpecsPart2d.ts#L1:21,TypeScript,16,1,0
16 lines of code for unit nearestPoint.ts.findNearestPoint(any),LOW,RAW,2026-07-29,6,nearestPoint.ts.findNearestPoint(any),src/Components/HomePage/hooks/hover-click-handlers/nearestPoint.ts#L30:52,TypeScript,16,3,1
16 lines of code for unit configureCorsMiddleware.ts.configureCorsMiddleware(Express),LOW,RAW,2026-07-18,17,configureCorsMiddleware.ts.configureCorsMiddleware(Express),backend/src/configure/configureCorsMiddleware.ts#L6:21,TypeScript,16,1,1
16 lines of code for unit submitEditPointDetails.ts.submitEditPointDetails(SubmitEditPointDetailsInput),LOW,RAW,2026-07-30,5,submitEditPointDetails.ts.submitEditPointDetails(SubmitEditPointDetailsInput),src/Components/Nabewerking/VluchtenZoeken/Steps/Step2/Actions/Waarnemingen/EditPointDetails/Actions/Form/submitEditPointDetails.ts#L7:15,TypeScript,16,2,1
16 lines of code for unit emptyPointCoreFields.ts,LOW,RAW,2026-07-18,17,emptyPointCoreFields.ts,src/helpers/points/emptyPointCoreFields.ts#L1:25,TypeScript,16,1,0
16 lines of code for unit PointsList.tsx.PointsList(any),LOW,RAW,2026-07-30,5,PointsList.tsx.PointsList(any),src/Components/Voorbereiding/ViewPlan/Steps/AddPointsFromPlan/SelectFromSource/PointsList.tsx#L10:52,TypeScript,16,1,1
16 lines of code for unit Step1.tsx.Step1(any),LOW,RAW,2026-07-30,5,Step1.tsx.Step1(any),src/Components/Voorbereiding/PrepareFlightPlan/Steps/Step1.tsx#L8:29,TypeScript,16,2,1
16 lines of code for unit showTable.ts,LOW,RAW,2026-07-29,6,showTable.ts,src/hooks/zustand/ui/showTable.ts#L1:42,TypeScript,16,1,0
"16 lines of code for unit createPoint.ts.createPoint(number,number)",LOW,RAW,2026-07-30,5,"createPoint.ts.createPoint(number,number)",src/helpers/ArcGISHelpers/createPoint.ts#L5:23,TypeScript,16,1,2
"16 lines of code for unit requireAuthClientHeader.ts.requireAuthClientHeader(any,any,any)",LOW,RAW,2026-07-13,22,"requireAuthClientHeader.ts.requireAuthClientHeader(any,any,any)",backend/src/routes/auth2/requireAuthClientHeader.ts#L9:26,TypeScript,16,2,3
"16 lines of code for unit getPointsDescription.ts.getPointsDescription(Request,Response)",LOW,RAW,2026-06-04,61,"getPointsDescription.ts.getPointsDescription(Request,Response)",backend/src/routes/points/getPointsDescription.ts#L5:24,TypeScript,16,3,2
16 lines of code for unit pdfReportAttachmentImage.ts.paintScaledCanvas(HTMLImageElement),LOW,RAW,2026-07-30,5,pdfReportAttachmentImage.ts.paintScaledCanvas(HTMLImageElement),src/Components/Nabewerking/CreateReport/helpers/pdfReportAttachmentImage.ts#L42:57,TypeScript,16,2,1
"16 lines of code for unit templatePlansRepo.ts.insertTemplatePlanReturning(Queryable,any)",LOW,RAW,2026-07-28,7,"templatePlansRepo.ts.insertTemplatePlanReturning(Queryable,any)",backend/src/helpers/repositories/templatePlansRepo.ts#L40:58,TypeScript,16,1,2
"16 lines of code for unit getAllEmails.ts.getAllEmails(Request,Response)",LOW,RAW,2026-06-04,61,"getAllEmails.ts.getAllEmails(Request,Response)",backend/src/routes/emails/getAllEmails.ts#L4:21,TypeScript,16,3,2
16 lines of code for unit App.tsx.App(),LOW,RAW,2026-06-04,61,App.tsx.App(),src/App.tsx#L17:50,TypeScript,16,1,0
16 lines of code for unit featureLayerLabelGraphicsHelpers.ts.buildFeatureLabelGraphic(any),LOW,RAW,2026-07-29,6,featureLayerLabelGraphicsHelpers.ts.buildFeatureLabelGraphic(any),src/Components/HomePage/hooks/hover-click-handlers/featureLayerLabelGraphicsHelpers.ts#L5:25,TypeScript,16,2,1
16 lines of code for unit attachMapHoverLifecycle.ts.attachMapHoverLifecycle(AttachMapHoverLifecycleInput),LOW,RAW,2026-07-29,6,attachMapHoverLifecycle.ts.attachMapHoverLifecycle(AttachMapHoverLifecycleInput),src/Components/HomePage/hooks/features/attachMapHoverLifecycle.ts#L19:36,TypeScript,16,4,1
16 lines of code for unit enrichedPointStateDefaults.ts,LOW,RAW,2026-07-14,21,enrichedPointStateDefaults.ts,src/hooks/zustand/enrichedPointStateDefaults.ts#L1:18,TypeScript,16,1,0
16 lines of code for unit useLogAction.ts.useLogAction(),LOW,RAW,2026-06-04,61,useLogAction.ts.useLogAction(),src/hooks/useLogAction.ts#L7:23,TypeScript,16,1,0
16 lines of code for unit usePointsViewController.ts.usePointsViewController(number),LOW,RAW,2026-07-13,22,usePointsViewController.ts.usePointsViewController(number),src/Components/HomePage/Body/Bottom/PointsView/usePointsViewController.ts#L6:21,TypeScript,16,1,1
16 lines of code for unit useSelectFromSourceMapEffects.ts.useSelectFromSourceMapEffects(any),LOW,RAW,2026-07-30,5,useSelectFromSourceMapEffects.ts.useSelectFromSourceMapEffects(any),src/Components/Voorbereiding/ViewPlan/Steps/AddPointsFromPlan/SelectFromSource/useSelectFromSourceMapEffects.ts#L11:31,TypeScript,16,1,1
16 lines of code for unit GeometryItemCheckBox.tsx.GeometryItemCheckBox(any),LOW,RAW,2026-07-30,5,GeometryItemCheckBox.tsx.GeometryItemCheckBox(any),src/Components/Voorbereiding/FlightPlan/Common/GeometryItemCheckBox.tsx#L5:87,TypeScript,16,2,1
16 lines of code for unit selectAll(),LOW,RAW,2026-06-04,61,selectAll(),src/Components/HomePage/Body/Left/Common/ResultTab/ListPointsFunctions/index.tsx#L79:96,TypeScript,16,2,0
16 lines of code for unit useWizardButtons.ts.useWizardButtons(string),LOW,RAW,2026-07-29,6,useWizardButtons.ts.useWizardButtons(string),src/Components/HomePage/hooks/wizard/useWizardButtons.ts#L10:27,TypeScript,16,1,1
16 lines of code for unit LoginRequiredModal.tsx.LoginRequiredModal(Props),LOW,RAW,2026-06-04,61,LoginRequiredModal.tsx.LoginRequiredModal(Props),src/Components/TimesliderItemDetailPage/sections/LoginRequiredModal.tsx#L11:22,TypeScript,16,2,1
16 lines of code for unit deletePointFormFields.ts.pickDeletePointFormFields(DeletePoint),LOW,RAW,2026-07-29,6,deletePointFormFields.ts.pickDeletePointFormFields(DeletePoint),src/Components/HomePage/hooks/zustand/tools/deletePointFormFields.ts#L19:36,TypeScript,16,1,1
16 lines of code for unit handleMapClick(__esri.ViewClickEvent),LOW,RAW,2026-07-30,5,handleMapClick(__esri.ViewClickEvent),src/Components/Nabewerking/VluchtenZoeken/Steps/Step2/Actions/Waarnemingen/common/Foto/useFotoMapClickHandler.ts#L27:42,TypeScript,16,3,1
16 lines of code for unit index.ts.useHandleStep2(UseHandleStep2Input),LOW,RAW,2026-07-30,5,index.ts.useHandleStep2(UseHandleStep2Input),src/Components/Nabewerking/CreateReport/helpers/useHandleStep2/index.ts#L23:37,TypeScript,16,1,1
16 lines of code for unit CurrentGeometriesList.tsx.CurrentGeometriesList(),LOW,RAW,2026-07-30,5,CurrentGeometriesList.tsx.CurrentGeometriesList(),src/Components/Voorbereiding/ReuseFlightPlan/Steps/Step2/CurrentGeometriesList.tsx#L26:60,TypeScript,16,3,0
"16 lines of code for unit createTemplateFlightPlan.ts.createTemplateFlightPlan(Request,Response)",LOW,RAW,2026-06-04,61,"createTemplateFlightPlan.ts.createTemplateFlightPlan(Request,Response)",backend/src/routes/template_plans/createTemplateFlightPlan.ts#L10:30,TypeScript,16,5,2
16 lines of code for unit launchPdfBrowser.ts.launchPdfBrowser(),LOW,RAW,2026-07-18,17,launchPdfBrowser.ts.launchPdfBrowser(),backend/src/routes/emails/launchPdfBrowser.ts#L3:18,TypeScript,16,2,0
16 lines of code for unit ImportPointsWriter.insertNewPoints(),LOW,RAW,2026-07-28,7,ImportPointsWriter.insertNewPoints(),backend/src/helpers/points/createPointFromImportDb.ts#L91:107,TypeScript,16,3,0
16 lines of code for unit useRenderPlanGeometries.ts.useRenderPlanGeometries(),LOW,RAW,2026-07-30,5,useRenderPlanGeometries.ts.useRenderPlanGeometries(),src/Components/Nabewerking/VluchtenZoeken/hooks/useRenderPlanGeometries.ts#L13:30,TypeScript,16,3,0
16 lines of code for unit viewPlanSession.ts.resetViewPlanSession(any),LOW,RAW,2026-07-30,5,viewPlanSession.ts.resetViewPlanSession(any),src/Components/Voorbereiding/ViewPlan/viewPlanSession.ts#L13:41,TypeScript,16,1,1
16 lines of code for unit attachDeletePointMapClick.ts.selectPointFromHit(any),LOW,RAW,2026-07-30,5,attachDeletePointMapClick.ts.selectPointFromHit(any),src/Components/HomePageTools/AandachtspuntenVerwijderen/Actions/Main/attachDeletePointMapClick.ts#L4:28,TypeScript,16,4,1
16 lines of code for unit useCreateDataCore.ts.useCreateData(string),LOW,RAW,2026-07-18,17,useCreateDataCore.ts.useCreateData(string),src/api-hooks/mutations/useCreateDataCore.ts#L24:32,TypeScript,16,1,1
"16 lines of code for unit postProxyHandler.ts.arcgisPostProxyHandler(Request,Response)",LOW,RAW,2026-06-04,61,"postProxyHandler.ts.arcgisPostProxyHandler(Request,Response)",backend/src/routes/arcgis/postProxyHandler.ts#L4:24,TypeScript,16,5,2
16 lines of code for unit useEnrichedAddPointMapClick.ts.useEnrichedAddPointMapClick(MapClickInput),LOW,RAW,2026-07-30,5,useEnrichedAddPointMapClick.ts.useEnrichedAddPointMapClick(MapClickInput),src/Components/Voorbereiding/EnrichedAddPoint/useEnrichedAddPointMapClick.ts#L10:26,TypeScript,16,2,1
16 lines of code for unit useEditGeometryVerticesOnMap.ts.useEditGeometryVerticesOnMap(any),LOW,RAW,2026-07-29,6,useEditGeometryVerticesOnMap.ts.useEditGeometryVerticesOnMap(any),src/Components/HomePage/hooks/hover-click-handlers/useEditGeometryVerticesOnMap.ts#L12:32,TypeScript,16,3,1
16 lines of code for unit graphicPosition(),LOW,RAW,2026-07-30,5,graphicPosition(),src/Components/Voorbereiding/EnrichedAddPoint/Steps/Step2/NextBtn.tsx#L26:41,TypeScript,16,4,0
16 lines of code for unit nnederlandLayerSpecsPart1d.ts,LOW,RAW,2026-07-18,17,nnederlandLayerSpecsPart1d.ts,src/Components/HomePage/Body/Left/Common/KaartLegend/LayersList/NNederland/nnederlandLayerSpecsPart1d.ts#L1:21,TypeScript,16,1,0
"16 lines of code for unit GeometryPoint.patchGeometryPoint(GeometryPoint,string)",LOW,RAW,2026-07-30,5,"GeometryPoint.patchGeometryPoint(GeometryPoint,string)",src/Components/Nabewerking/VluchtenZoeken/Steps/Step2/Actions/Waarnemingen/EditGeometryDetails/Actions/Form/updateGeometryPointsComment.ts#L19:35,TypeScript,16,3,2
16 lines of code for unit finalizeReportPdfItem.ts.finalizeReportPdfItem(any),LOW,RAW,2026-07-30,5,finalizeReportPdfItem.ts.finalizeReportPdfItem(any),src/Components/Nabewerking/CreateReport/helpers/useHandleStep2/finalizeReportPdfItem.ts#L5:29,TypeScript,16,2,1
"16 lines of code for unit useChangeFlightPlanStatusFilter.ts.useChangeFlightPlanStatusFilter(FlightPlanType[],any)",LOW,RAW,2026-07-30,5,"useChangeFlightPlanStatusFilter.ts.useChangeFlightPlanStatusFilter(FlightPlanType[],any)",src/Components/Nabewerking/ChangeFlightPlanStatus/useChangeFlightPlanStatusFilter.ts#L7:25,TypeScript,16,2,2
