Source,Target,Type,Description,Status,Count,Count (Before),Undesirable
src/Components/DevicesUpdatesPage/devicesUpdatesApi.ts,/devices/:id/reset,Interface call,URI reference,new,1,,
src/helpers/arcgis/attachmentDisplayUrl.ts,/api/arcgis/proxy,Interface call,URI reference,new,1,,
src/helpers/arcgis/deleteAttachmentsRequest.ts,/api/arcgis/proxy,Interface call,URI reference,new,1,,
src/helpers/refreshToken.ts,/api/arcgis/proxy,Interface call,interface_rest_call_to_endpoint,recurring,1,1,
src/helpers/tokens/configureArcGisProxy.ts,/api/arcgis/proxy,Interface call,interface_rest_call_to_endpoint,new,1,,
src/Components/DevicesUpdatesPage/index.tsx,/devices/:id/reset,Interface call,URI reference,removed,0,1,
src/Components/HomePage/Body/Right/SelectedPlansPointsList/Common/attachmentDisplayUrl.ts,/api/arcgis/proxy,Interface call,URI reference,removed,0,1,
src/helpers/arcgis/deleteArcgisAttachment.ts,/api/arcgis/proxy,Interface call,URI reference,removed,0,1,
src/helpers/tokens/ArcGISUserToken.ts,/api/arcgis/proxy,Interface call,interface_rest_call_to_endpoint,removed,0,1,
src/Components/TimesliderItemDetailPage/sections/MainImageSection.tsx,src/Components/HomePage/Body/Right/SelectedPlansPointsList/Common/attachmentDisplayUrl.ts,Code call,typescript.call,removed,0,1,
src/Components/TimesliderItemDetailPage/useTimesliderImagePageData.ts,src/Components/HomePage/Body/Right/SelectedPlansPointsList/Common/attachmentDisplayUrl.ts,Code call,typescript.call,removed,0,1,
src/Components/TimesliderItemDetailPage/useTimesliderImagePageData.ts,src/Components/HomePage/Body/Right/SelectedPlansPointsList/Common/pointPlanImagesToAttachments.ts,Code call,typescript.call,removed,0,1,
src/Components/TimesliderItemDetailPage/useTimesliderImagePageData.ts,src/Components/HomePage/Body/Right/SelectedPlansPointsList/Common/useGeometryPlanImages.ts,Code call,typescript.call,removed,0,1,
src/Components/TimesliderItemDetailPage/useTimesliderImagePageData.ts,src/Components/HomePage/Body/Right/SelectedPlansPointsList/Common/usePointPlanImages.ts,Code call,typescript.call,removed,0,1,
src/Components/HomePage/Body/Bottom/ClickedPointFunctions.tsx,src/api-hooks/mutations/useDeleteDataCore.ts,Code call,typescript.call,new,1,,
src/Components/HomePage/Body/Bottom/ClickedTableFunctions/PlansList.tsx,src/api-hooks/mutations/useDeleteDataCore.ts,Code call,typescript.call,new,1,,
src/Components/HomePage/Body/Left/Common/SearchedResultsTab/FlightPlans/FlightPlanDetails/DropDown.tsx,src/api-hooks/mutations/useDeleteDataCore.ts,Code call,typescript.call,new,1,,
src/Components/HomePage/Body/Left/Common/SearchedResultsTab/Functions/AddPoint/Step2/Buttons.tsx,src/api-hooks/mutations/useUpdateDataCore.ts,Code call,typescript.call,new,1,,
src/Components/HomePage/Body/Left/Common/SearchedResultsTab/index.tsx,src/api-hooks/flightPlans/useFlightPlanLookupQueries.ts,Code call,typescript.call,new,1,,
src/Components/HomePage/Body/Left/Common/SearchedResultsTab/index.tsx,src/api-hooks/points/usePointLookupQueries.ts,Code call,typescript.call,new,1,,
src/Components/HomePage/Body/Left/Nabewerking/ChangeFlightPlanStatus/ConfirmModal.tsx,src/api-hooks/mutations/useUpdateDataCore.ts,Code call,typescript.call,new,1,,
src/Components/HomePage/Body/Left/Nabewerking/ChangeFlightPlanStatus/index.tsx,src/api-hooks/flightPlans/useRegionalFlightPlanQueries.ts,Code call,typescript.call,new,1,,
src/Components/HomePage/Body/Left/Nabewerking/CreateReport/Steps/Step2/index.tsx,src/api-hooks/finishedPlans/useFinishedPlanQueries.ts,Code call,typescript.call,new,1,,
src/Components/HomePage/Body/Left/Nabewerking/CreateReport/index.tsx,src/api-hooks/finishedPlans/useFinishedPlanQueries.ts,Code call,typescript.call,new,1,,
src/Components/HomePage/Body/Left/Nabewerking/VluchtenZoeken/Steps/Step1/index.tsx,src/api-hooks/finishedPlans/useFinishedPlanQueries.ts,Code call,typescript.call,new,1,,
src/Components/HomePage/Body/Left/Nabewerking/VluchtenZoeken/Steps/Step2/Actions/EditFlight/Buttons.tsx,src/api-hooks/mutations/useUpdateDataCore.ts,Code call,typescript.call,new,1,,
src/Components/HomePage/Body/Left/Nabewerking/VluchtenZoeken/Steps/Step2/Actions/Waarnemingen/EditPointDetails/Actions/ChangePoint/index.tsx,src/api-hooks/mutations/useUpdateDataCore.ts,Code call,typescript.call,new,1,,
src/Components/HomePage/Body/Left/Nabewerking/VluchtenZoeken/Steps/Step2/Actions/Waarnemingen/EditPointDetails/Actions/DeletePoint/index.tsx,src/api-hooks/mutations/useDeleteDataCore.ts,Code call,typescript.call,new,1,,
src/Components/HomePage/Body/Left/Nabewerking/VluchtenZoeken/Steps/Step2/Actions/Waarnemingen/EditPointDetails/Actions/EditPointCoordinates/useEditPointCoordinateSubmit.ts,src/api-hooks/mutations/useUpdateDataCore.ts,Code call,typescript.call,new,1,,
src/Components/HomePage/Body/Left/Nabewerking/VluchtenZoeken/Steps/Step2/Actions/Waarnemingen/EditPointDetails/Actions/Form/index.tsx,src/api-hooks/mutations/useUpdateDataCore.ts,Code call,typescript.call,new,1,,
src/Components/HomePage/Body/Left/Nabewerking/VluchtenZoeken/Steps/Step2/Actions/Waarnemingen/common/Foto/useCreateImageBtnModel.ts,src/api-hooks/mutations/useCreateDataCore.ts,Code call,typescript.call,new,1,,
src/Components/HomePage/Body/Left/Nabewerking/VluchtenZoeken/Steps/Step2/Actions/Waarnemingen/common/Foto/useCreateImageBtnModel.ts,src/api-hooks/mutations/useUpdateDataCore.ts,Code call,typescript.call,new,1,,
src/Components/HomePage/Body/Left/Nabewerking/VluchtenZoeken/Steps/Step2/Actions/Waarnemingen/common/Foto/useFotoPanelModel.ts,src/api-hooks/mutations/useUpdateDataCore.ts,Code call,typescript.call,new,1,,
src/Components/HomePage/Body/Left/Nabewerking/VluchtenZoeken/Steps/Step2/index.tsx,src/api-hooks/finishedPlans/useFinishedPlanQueries.ts,Code call,typescript.call,new,1,,
src/Components/HomePage/Body/Left/Tools/AandachtspuntenVerwijderen/Actions/AddToPlan/StepNo/Buttons.tsx,src/api-hooks/mutations/useUpdateDataCore.ts,Code call,typescript.call,new,1,,
src/Components/HomePage/Body/Left/Tools/AandachtspuntenVerwijderen/Actions/AddToPlan/StepNo/index.tsx,src/api-hooks/flightPlans/useRegionalFlightPlanQueries.ts,Code call,typescript.call,new,1,,
src/Components/HomePage/Body/Left/Tools/AandachtspuntenVerwijderen/Actions/DeletePoint/index.tsx,src/api-hooks/mutations/useDeleteDataCore.ts,Code call,typescript.call,new,1,,
src/Components/HomePage/Body/Left/Tools/AandachtspuntenVerwijderen/Actions/EditPointDetails/useDeletePointDetailsSubmit.ts,src/api-hooks/mutations/useUpdateDataCore.ts,Code call,typescript.call,new,1,,
src/Components/HomePage/Body/Left/Tools/AandachtspuntenVerwijderen/Actions/Main/Buttons.tsx,src/api-hooks/mutations/useDeleteDataCore.ts,Code call,typescript.call,new,1,,
src/Components/HomePage/Body/Left/Tools/AandachtspuntenVerwijderen/Actions/ViewPlans/index.tsx,src/api-hooks/flightPlans/useFlightPlanLookupQueries.ts,Code call,typescript.call,new,1,,
src/Components/HomePage/Body/Left/Tools/EditGeometry/EditForm/useEditFormController.ts,src/api-hooks/mutations/useUpdateDataCore.ts,Code call,typescript.call,new,1,,
src/Components/HomePage/Body/Left/Tools/EditGeometry/useEditGeometryMutations.ts,src/api-hooks/mutations/useDeleteDataCore.ts,Code call,typescript.call,new,1,,
src/Components/HomePage/Body/Left/Tools/EditGeometry/useEditGeometryMutations.ts,src/api-hooks/mutations/useUpdateDataCore.ts,Code call,typescript.call,new,1,,
src/Components/HomePage/Body/Left/Tools/Emailijst/AddEmail/index.tsx,src/api-hooks/mutations/useCreateDataCore.ts,Code call,typescript.call,new,1,,
src/Components/HomePage/Body/Left/Tools/Emailijst/DeleteEmail/index.tsx,src/api-hooks/mutations/useDeleteDataCore.ts,Code call,typescript.call,new,1,,
src/Components/HomePage/Body/Left/Tools/Emailijst/EditEmail/index.tsx,src/api-hooks/mutations/useUpdateDataCore.ts,Code call,typescript.call,new,1,,
src/Components/HomePage/Body/Left/Tools/Emailijst/index.tsx,src/api-hooks/emails/useEmailsList.ts,Code call,typescript.call,recurring,1,1,
src/Components/HomePage/Body/Left/Voorbereiding/AddPointsVluchtPlan/Step1/index.tsx,src/api-hooks/flightPlans/useRegionalFlightPlanQueries.ts,Code call,typescript.call,new,1,,
src/Components/HomePage/Body/Left/Voorbereiding/AddPointsVluchtPlan/Step3/Buttons.tsx,src/api-hooks/mutations/useUpdateDataCore.ts,Code call,typescript.call,new,1,,
src/Components/HomePage/Body/Left/Voorbereiding/DrawingTool/Step2/Buttons.tsx,src/api-hooks/mutations/useCreateDataCore.ts,Code call,typescript.call,new,1,,
src/Components/HomePage/Body/Left/Voorbereiding/EnrichedAddPoint/Steps/Step3/Buttons.tsx,src/api-hooks/mutations/useCreateDataCore.ts,Code call,typescript.call,new,1,,
src/Components/HomePage/Body/Left/Voorbereiding/EnrichedAddPoint/Steps/Step3/Omschrijving.tsx,src/api-hooks/points/usePointLookupQueries.ts,Code call,typescript.call,new,1,,
src/Components/HomePage/Body/Left/Voorbereiding/FlightPlan/Steps/Step1/ImportVluchtPlan.tsx,src/api-hooks/mutations/useCreateDataCore.ts,Code call,typescript.call,new,1,,
src/Components/HomePage/Body/Left/Voorbereiding/FlightPlan/Steps/Step1/TemplateFlights/index.tsx,src/api-hooks/mutations/useCreateDataCore.ts,Code call,typescript.call,new,1,,
src/Components/HomePage/Body/Left/Voorbereiding/FlightPlan/Steps/Step1/TemplateFlights/index.tsx,src/api-hooks/templateFlights/useTemplateFlights.ts,Code call,typescript.call,recurring,1,1,
src/Components/HomePage/Body/Left/Voorbereiding/FlightPlan/Steps/Step1/Vluchtnummer.tsx,src/api-hooks/flightPlans/useFlightPlanLookupQueries.ts,Code call,typescript.call,new,1,,
src/Components/HomePage/Body/Left/Voorbereiding/FlightPlan/Steps/Step3/Buttons.tsx,src/api-hooks/mutations/useCreateDataCore.ts,Code call,typescript.call,new,1,,
src/Components/HomePage/Body/Left/Voorbereiding/PrepareFlightPlan/Steps/Step1.tsx,src/api-hooks/flightPlans/useRegionalFlightPlanQueries.ts,Code call,typescript.call,new,1,,
src/Components/HomePage/Body/Left/Voorbereiding/PrepareFlightPlan/index.tsx,src/api-hooks/mutations/useUpdateDataCore.ts,Code call,typescript.call,new,1,,
src/Components/HomePage/Body/Left/Voorbereiding/RemoveFlightPlan/CongfirmationModal.tsx,src/api-hooks/mutations/useDeleteDataCore.ts,Code call,typescript.call,new,1,,
src/Components/HomePage/Body/Left/Voorbereiding/RemoveFlightPlan/useRemoveFlightPlanQuery.ts,src/api-hooks/flightPlans/useRegionalFlightPlanQueries.ts,Code call,typescript.call,new,1,,
src/Components/HomePage/Body/Left/Voorbereiding/ReuseFlightPlan/Steps/Step1/index.tsx,src/api-hooks/flightPlans/useRegionalFlightPlanQueries.ts,Code call,typescript.call,new,1,,
src/Components/HomePage/Body/Left/Voorbereiding/ReuseFlightPlan/Steps/Step2/Buttons.tsx,src/api-hooks/mutations/useCreateDataCore.ts,Code call,typescript.call,new,1,,
src/Components/HomePage/Body/Left/Voorbereiding/ReuseFlightPlan/Steps/Step2/Vluchtnummer.tsx,src/api-hooks/flightPlans/useFlightPlanLookupQueries.ts,Code call,typescript.call,new,1,,
src/Components/HomePage/Body/Left/Voorbereiding/SelectedPoint/AddToPlan/StepMultiplePoints/index.tsx,src/api-hooks/flightPlans/useRegionalFlightPlanQueries.ts,Code call,typescript.call,new,1,,
src/Components/HomePage/Body/Left/Voorbereiding/SelectedPoint/AddToPlan/StepNo/index.tsx,src/api-hooks/flightPlans/useRegionalFlightPlanQueries.ts,Code call,typescript.call,new,1,,
src/Components/HomePage/Body/Left/Voorbereiding/SelectedPoint/AddToPlan/useAddToPlanStepButtons.ts,src/api-hooks/mutations/useUpdateDataCore.ts,Code call,typescript.call,new,1,,
src/Components/HomePage/Body/Left/Voorbereiding/SelectedPoint/DeletePoint/index.tsx,src/api-hooks/mutations/useUpdateDataCore.ts,Code call,typescript.call,new,1,,
src/Components/HomePage/Body/Left/Voorbereiding/SelectedPoint/EditPointDetails/Steps/Step1Buttons.tsx,src/api-hooks/mutations/useUpdateDataCore.ts,Code call,typescript.call,new,1,,
src/Components/HomePage/Body/Left/Voorbereiding/SelectedPoint/EditPointDetails/Steps/Step2/index.tsx,src/api-hooks/mutations/useUpdateDataCore.ts,Code call,typescript.call,new,1,,
src/Components/HomePage/Body/Left/Voorbereiding/SelectedPoint/ViewPlans/Images.tsx,src/api-hooks/finishedPlans/usePlanPointAttachments.ts,Code call,typescript.call,recurring,1,1,
src/Components/HomePage/Body/Left/Voorbereiding/SelectedPoint/ViewPlans/index.tsx,src/api-hooks/flightPlans/useFlightPlanLookupQueries.ts,Code call,typescript.call,new,1,,
src/Components/HomePage/Body/Left/Voorbereiding/TemplateFlight/Steps/Step1/Buttons.tsx,src/api-hooks/mutations/useCreateDataCore.ts,Code call,typescript.call,new,1,,
src/Components/HomePage/Body/Left/Voorbereiding/TemplateFlight/Steps/Step3/Buttons.tsx,src/api-hooks/mutations/useCreateDataCore.ts,Code call,typescript.call,new,1,,
src/Components/HomePage/Body/Left/Voorbereiding/ViewPlan/Steps/AddPointStep/Steps/Step3/Buttons.tsx,src/api-hooks/mutations/useCreateDataCore.ts,Code call,typescript.call,new,1,,
src/Components/HomePage/Body/Left/Voorbereiding/ViewPlan/Steps/AddPointStep/Steps/Step3/Buttons.tsx,src/api-hooks/mutations/useUpdateDataCore.ts,Code call,typescript.call,new,1,,
src/Components/HomePage/Body/Left/Voorbereiding/ViewPlan/Steps/AddPointToPlan/useAddPointToPlanModel.ts,src/api-hooks/mutations/useUpdateDataCore.ts,Code call,typescript.call,new,1,,
src/Components/HomePage/Body/Left/Voorbereiding/ViewPlan/Steps/AddPointsFromPlan/SelectFromSource/index.tsx,src/api-hooks/mutations/useUpdateDataCore.ts,Code call,typescript.call,new,1,,
src/Components/HomePage/Body/Left/Voorbereiding/ViewPlan/Steps/AddPointsFromPlan/SelectFromSource/useSelectFromSourceQuery.ts,src/api-hooks/flightPlans/useRegionalFlightPlanQueries.ts,Code call,typescript.call,new,1,,
src/Components/HomePage/Body/Left/Voorbereiding/ViewPlan/Steps/AddPointsFromPlan/SelectFromSource/useSelectFromSourceQuery.ts,src/api-hooks/templateFlights/useTemplateFlights.ts,Code call,typescript.call,new,1,,
src/Components/HomePage/Body/Left/Voorbereiding/ViewPlan/Steps/DuplicateFlightPlan/Step2/Buttons.tsx,src/api-hooks/mutations/useCreateDataCore.ts,Code call,typescript.call,new,1,,
src/Components/HomePage/Body/Left/Voorbereiding/ViewPlan/Steps/DuplicateFlightPlan/Step2/Vluchtnummer.tsx,src/api-hooks/flightPlans/useFlightPlanLookupQueries.ts,Code call,typescript.call,new,1,,
src/Components/HomePage/Body/Left/Voorbereiding/ViewPlan/Steps/EditPoint/Buttons/RemovePoint.tsx,src/api-hooks/mutations/useUpdateDataCore.ts,Code call,typescript.call,new,1,,
src/Components/HomePage/Body/Left/Voorbereiding/ViewPlan/Steps/EditPoint/Buttons/Submit.tsx,src/api-hooks/mutations/useUpdateDataCore.ts,Code call,typescript.call,new,1,,
src/Components/HomePage/Body/Left/Voorbereiding/ViewPlan/Steps/Step2/Buttons.tsx,src/api-hooks/mutations/useUpdateDataCore.ts,Code call,typescript.call,new,1,,
src/Components/HomePage/Body/Left/Voorbereiding/ViewPlan/useViewPlanController.ts,src/api-hooks/flightPlans/useRegionalFlightPlanQueries.ts,Code call,typescript.call,new,1,,
src/Components/HomePage/Body/Right/SelectedPlansPointsList/Images/SelectedPlanGeometryImagesPanel.tsx,src/api-hooks/planImages/useGeometryPlanImages.ts,Code call,typescript.call,new,1,,
src/Components/HomePage/Body/Right/SelectedPlansPointsList/Images/SelectedPlanImagesPanel.tsx,src/api-hooks/planImages/pointPlanImagesToAttachments.ts,Code call,typescript.call,new,1,,
src/Components/HomePage/Body/Right/SelectedPlansPointsList/Images/SelectedPlanPointImagesPanel.tsx,src/api-hooks/planImages/usePointPlanImages.ts,Code call,typescript.call,new,1,,
src/Components/TimesliderItemDetailPage/buildTimesliderPageViewParts.ts,src/api-hooks/planImages/pointPlanImagesToAttachments.ts,Code call,typescript.call,new,1,,
src/Components/TimesliderItemDetailPage/useTimesliderItemImages.ts,src/api-hooks/planImages/useGeometryPlanImages.ts,Code call,typescript.call,new,1,,
src/Components/TimesliderItemDetailPage/useTimesliderItemImages.ts,src/api-hooks/planImages/usePointPlanImages.ts,Code call,typescript.call,new,1,,
src/hooks/consts/useConstSelectOptions.ts,src/api-hooks/consts/useLookupQuery.ts,Code call,typescript.call,new,1,,
src/hooks/useGetFlightTimesDistance.ts,src/api-hooks/finishedPlans/useFinishedPlanQueries.ts,Code call,typescript.call,new,1,,
src/hooks/useLogAction.ts,src/api-hooks/mutations/useCreateDataCore.ts,Code call,typescript.call,new,1,,
src/Components/HomePage/Body/Bottom/PlansView/Details/index.tsx,src/api-hooks/finishedPlans/useFinishedPlanPath.ts,Code call,typescript.call,removed,0,1,
src/Components/HomePage/Body/Left/Common/SearchedResultsTab/index.tsx,src/api-hooks/flightPlans/useSearchedFlightPlans.ts,Code call,typescript.call,removed,0,1,
src/Components/HomePage/Body/Left/Common/SearchedResultsTab/index.tsx,src/api-hooks/points/useSearchedPoints.ts,Code call,typescript.call,removed,0,1,
src/Components/HomePage/Body/Left/Nabewerking/ChangeFlightPlanStatus/index.tsx,src/api-hooks/flightPlans/useFullPreparedFlightPlans.ts,Code call,typescript.call,removed,0,1,
src/Components/HomePage/Body/Left/Nabewerking/CreateReport/Steps/Step2/index.tsx,src/api-hooks/finishedPlans/useSingleFinishedPlan.ts,Code call,typescript.call,removed,0,1,
src/Components/HomePage/Body/Left/Nabewerking/CreateReport/index.tsx,src/api-hooks/finishedPlans/usePartialFinishedPlans.ts,Code call,typescript.call,removed,0,1,
src/Components/HomePage/Body/Left/Nabewerking/VluchtenZoeken/Steps/Step1/index.tsx,src/api-hooks/finishedPlans/usePartialFinishedPlans.ts,Code call,typescript.call,removed,0,1,
src/Components/HomePage/Body/Left/Nabewerking/VluchtenZoeken/Steps/Step2/index.tsx,src/api-hooks/finishedPlans/useSingleFinishedPlan.ts,Code call,typescript.call,removed,0,1,
src/Components/HomePage/Body/Left/Tools/AandachtspuntenVerwijderen/Actions/AddToPlan/StepNo/index.tsx,src/api-hooks/flightPlans/usePrepreparedFlightPlans.ts,Code call,typescript.call,removed,0,1,
src/Components/HomePage/Body/Left/Tools/AandachtspuntenVerwijderen/Actions/ViewPlans/index.tsx,src/api-hooks/flightPlans/usePointFlightPlans.ts,Code call,typescript.call,removed,0,1,
src/Components/HomePage/Body/Left/Voorbereiding/AddPointsVluchtPlan/Step1/index.tsx,src/api-hooks/flightPlans/useUnPreparedPlans.ts,Code call,typescript.call,removed,0,1,
src/Components/HomePage/Body/Left/Voorbereiding/EnrichedAddPoint/Steps/Step3/Omschrijving.tsx,src/api-hooks/points/useDuplicateOmschrijvingCount.ts,Code call,typescript.call,removed,0,1,
src/Components/HomePage/Body/Left/Voorbereiding/FlightPlan/Steps/Step1/Vluchtnummer.tsx,src/api-hooks/flightPlans/useVluchtnummerExists.ts,Code call,typescript.call,removed,0,1,
src/Components/HomePage/Body/Left/Voorbereiding/PrepareFlightPlan/Steps/Step1.tsx,src/api-hooks/flightPlans/useUnPreparedPlans.ts,Code call,typescript.call,removed,0,1,
src/Components/HomePage/Body/Left/Voorbereiding/RemoveFlightPlan/index.tsx,src/api-hooks/flightPlans/useFlightPlansList.ts,Code call,typescript.call,removed,0,1,
src/Components/HomePage/Body/Left/Voorbereiding/ReuseFlightPlan/Steps/Step1/index.tsx,src/api-hooks/flightPlans/useFlightPlansList.ts,Code call,typescript.call,removed,0,1,
src/Components/HomePage/Body/Left/Voorbereiding/ReuseFlightPlan/Steps/Step2/Vluchtnummer.tsx,src/api-hooks/flightPlans/useVluchtnummerExists.ts,Code call,typescript.call,removed,0,1,
src/Components/HomePage/Body/Left/Voorbereiding/SelectedPoint/AddToPlan/StepMultiplePoints/index.tsx,src/api-hooks/flightPlans/usePrepreparedFlightPlans.ts,Code call,typescript.call,removed,0,1,
src/Components/HomePage/Body/Left/Voorbereiding/SelectedPoint/AddToPlan/StepNo/index.tsx,src/api-hooks/flightPlans/usePrepreparedFlightPlans.ts,Code call,typescript.call,removed,0,1,
src/Components/HomePage/Body/Left/Voorbereiding/SelectedPoint/ViewPlans/index.tsx,src/api-hooks/flightPlans/usePointFlightPlans.ts,Code call,typescript.call,removed,0,1,
src/Components/HomePage/Body/Left/Voorbereiding/ViewPlan/Steps/AddPointsFromPlan/SelectFromSource/index.tsx,src/api-hooks/flightPlans/useFlightPlansList.ts,Code call,typescript.call,removed,0,1,
src/Components/HomePage/Body/Left/Voorbereiding/ViewPlan/Steps/AddPointsFromPlan/SelectFromSource/index.tsx,src/api-hooks/templateFlights/useTemplateFlights.ts,Code call,typescript.call,removed,0,1,
src/Components/HomePage/Body/Left/Voorbereiding/ViewPlan/Steps/DuplicateFlightPlan/Step2/Vluchtnummer.tsx,src/api-hooks/flightPlans/useVluchtnummerExists.ts,Code call,typescript.call,removed,0,1,
src/Components/HomePage/Body/Left/Voorbereiding/ViewPlan/index.tsx,src/api-hooks/flightPlans/useFlightPlansList.ts,Code call,typescript.call,removed,0,1,
src/hooks/consts/useGetActiviteis.ts,src/api-hooks/consts/useActiviteitenQuery.ts,Code call,typescript.call,removed,0,1,
src/hooks/consts/useGetLuchtvaartuig.ts,src/api-hooks/consts/useLuchtvaartuigQuery.ts,Code call,typescript.call,removed,0,1,
src/hooks/consts/useGetOrganisaties.ts,src/api-hooks/consts/useOrganisatiesQuery.ts,Code call,typescript.call,removed,0,1,
src/hooks/consts/useGetPiloot.ts,src/api-hooks/consts/usePilotenQuery.ts,Code call,typescript.call,removed,0,1,
src/hooks/consts/useGetRegios.ts,src/api-hooks/consts/useRegiosQuery.ts,Code call,typescript.call,removed,0,1,
src/hooks/consts/useGetWaarnemers.ts,src/api-hooks/consts/useWaarnemersQuery.ts,Code call,typescript.call,removed,0,1,
src/hooks/useGetFlightTimesDistance.ts,src/api-hooks/finishedPlans/useFinishedPlanPath.ts,Code call,typescript.call,removed,0,1,
src/api-hooks/consts/useLookupQuery.ts,src/api/fetchApi.ts,Code call,typescript.call,new,1,,
src/api-hooks/emails/useEmailsList.ts,src/api/fetchApi.ts,Code call,typescript.call,recurring,1,1,
src/api-hooks/finishedPlans/finishedPlanQueryConfig.ts,src/api/fetchApi.ts,Code call,typescript.call,new,3,,
src/api-hooks/finishedPlans/usePlanPointAttachments.ts,src/api/fetchApi.ts,Code call,typescript.call,recurring,1,1,
src/api-hooks/flightPlans/flightPlanLookupQueryDefs.ts,src/api/fetchApi.ts,Code call,typescript.call,new,3,,
src/api-hooks/flightPlans/useRegionalFlightPlansCore.ts,src/api/fetchApi.ts,Code call,typescript.call,new,1,,
src/api-hooks/points/usePointLookupQueries.ts,src/api/fetchApi.ts,Code call,typescript.call,new,2,,
src/api-hooks/templateFlights/useTemplateFlights.ts,src/api/fetchApi.ts,Code call,typescript.call,recurring,1,1,
src/api-hooks/consts/useActiviteitenQuery.ts,src/api/fetchApi.ts,Code call,typescript.call,removed,0,1,
src/api-hooks/consts/useLuchtvaartuigQuery.ts,src/api/fetchApi.ts,Code call,typescript.call,removed,0,1,
src/api-hooks/consts/useOrganisatiesQuery.ts,src/api/fetchApi.ts,Code call,typescript.call,removed,0,1,
src/api-hooks/consts/usePilotenQuery.ts,src/api/fetchApi.ts,Code call,typescript.call,removed,0,1,
src/api-hooks/consts/useRegiosQuery.ts,src/api/fetchApi.ts,Code call,typescript.call,removed,0,1,
src/api-hooks/consts/useWaarnemersQuery.ts,src/api/fetchApi.ts,Code call,typescript.call,removed,0,1,
src/api-hooks/finishedPlans/useFinishedPlanPath.ts,src/api/fetchApi.ts,Code call,typescript.call,removed,0,1,
src/api-hooks/finishedPlans/usePartialFinishedPlans.ts,src/api/fetchApi.ts,Code call,typescript.call,removed,0,1,
src/api-hooks/finishedPlans/useSingleFinishedPlan.ts,src/api/fetchApi.ts,Code call,typescript.call,removed,0,1,
src/api-hooks/flightPlans/useFlightPlansList.ts,src/api/fetchApi.ts,Code call,typescript.call,removed,0,1,
src/api-hooks/flightPlans/useFullPreparedFlightPlans.ts,src/api/fetchApi.ts,Code call,typescript.call,removed,0,1,
src/api-hooks/flightPlans/usePointFlightPlans.ts,src/api/fetchApi.ts,Code call,typescript.call,removed,0,1,
src/api-hooks/flightPlans/usePrepreparedFlightPlans.ts,src/api/fetchApi.ts,Code call,typescript.call,removed,0,1,
src/api-hooks/flightPlans/useSearchedFlightPlans.ts,src/api/fetchApi.ts,Code call,typescript.call,removed,0,1,
src/api-hooks/flightPlans/useUnPreparedPlans.ts,src/api/fetchApi.ts,Code call,typescript.call,removed,0,1,
src/api-hooks/flightPlans/useVluchtnummerExists.ts,src/api/fetchApi.ts,Code call,typescript.call,removed,0,1,
src/api-hooks/points/useDuplicateOmschrijvingCount.ts,src/api/fetchApi.ts,Code call,typescript.call,removed,0,1,
src/api-hooks/points/useSearchedPoints.ts,src/api/fetchApi.ts,Code call,typescript.call,removed,0,1,
src/Components/HomePage/Body/Bottom/ClickedTableFunctions/PlansList.tsx,src/helpers/ArcGISHelpers/flightPlanMapActions.ts,Code call,typescript.call,new,2,,
src/Components/HomePage/Body/Bottom/ClickedTableFunctions/usePointsListActions.ts,src/helpers/tableExports/csvExportCore.ts,Code call,typescript.call,new,1,,
src/Components/HomePage/Body/Bottom/ClickedTableFunctions/usePointsListActions.ts,src/helpers/tableExports/shapefileExportCore.ts,Code call,typescript.call,new,1,,
src/Components/HomePage/Body/Bottom/ClickedTableFunctions/usePointsListActions.ts,src/helpers/tableExports/xlsxExportCore.ts,Code call,typescript.call,new,1,,
src/Components/HomePage/Body/Bottom/ClickedTableFunctions/zoomMapToPointsTable.ts,src/helpers/ArcGISHelpers/validateMapView.ts,Code call,typescript.call,new,1,,
src/Components/HomePage/Body/Bottom/PlansView/TabsComp.tsx,src/helpers/classNames.ts,Code call,typescript.call,recurring,1,1,
src/Components/HomePage/Body/Bottom/PointsView/FlightPlansTable/index.tsx,src/helpers/ArcGISHelpers/planStarGraphicsCore.ts,Code call,typescript.call,new,1,,
src/Components/HomePage/Body/Bottom/PointsView/common/components/TabButtons.tsx,src/helpers/classNames.ts,Code call,typescript.call,recurring,2,2,
src/Components/HomePage/Body/Bottom/PointsView/common/hooks/syncTableTabGraphics.ts,src/helpers/ArcGISHelpers/geometryMapGraphicActionsCore.ts,Code call,typescript.call,new,1,,
src/Components/HomePage/Body/Bottom/PointsView/common/hooks/syncTableTabGraphics.ts,src/helpers/ArcGISHelpers/pointMapGraphicActionsCore.ts,Code call,typescript.call,new,1,,
src/Components/HomePage/Body/Bottom/PointsView/common/hooks/syncTableTabGraphics.ts,src/helpers/ArcGISHelpers/validateMapView.ts,Code call,typescript.call,new,1,,
src/Components/HomePage/Body/Common/EditPoint/editPointMapClickCoords.ts,src/helpers/ArcGISHelpers/createPoint.ts,Code call,typescript.call,new,1,,
src/Components/HomePage/Body/Common/EditPoint/editPointMapClickCoords.ts,src/helpers/ArcGISHelpers/getTransformedCoordinates.ts,Code call,typescript.call,new,1,,
src/Components/HomePage/Body/Common/ImageGallery.tsx,src/helpers/arcgis/attachmentDisplayUrl.ts,Code call,typescript.call,new,2,,
src/Components/HomePage/Body/Common/useImageGalleryPreload.ts,src/helpers/arcgis/attachmentDisplayUrl.ts,Code call,typescript.call,new,2,,
src/Components/HomePage/Body/Left/Common/BottomTabs/EditPointTabs.tsx,src/helpers/classNames.ts,Code call,typescript.call,recurring,1,5,
src/Components/HomePage/Body/Left/Common/BottomTabs/ResultTab.tsx,src/helpers/classNames.ts,Code call,typescript.call,recurring,1,1,
src/Components/HomePage/Body/Left/Common/FormComponents/SelectComp.tsx,src/helpers/classNames.ts,Code call,typescript.call,recurring,2,1,
src/Components/HomePage/Body/Left/Common/KaartLegend/BasemapOptionsList.tsx,src/helpers/classNames.ts,Code call,typescript.call,new,1,,
src/Components/HomePage/Body/Left/Common/ResultTab/ListPointsFunctions/index.tsx,src/helpers/ArcGISHelpers/pointMapGraphicActionsCore.ts,Code call,typescript.call,new,1,,
src/Components/HomePage/Body/Left/Common/ResultTab/ListPointsFunctions/index.tsx,src/helpers/points/starredPointSelection.ts,Code call,typescript.call,new,1,,
src/Components/HomePage/Body/Left/Common/ResultTab/ListPointsFunctions/index.tsx,src/helpers/tableExports/csvExportCore.ts,Code call,typescript.call,new,1,,
src/Components/HomePage/Body/Left/Common/ResultTab/ListPointsFunctions/index.tsx,src/helpers/tableExports/shapefileExportCore.ts,Code call,typescript.call,new,1,,
src/Components/HomePage/Body/Left/Common/ResultTab/ListPointsFunctions/index.tsx,src/helpers/tableExports/xlsxExportCore.ts,Code call,typescript.call,new,1,,
src/Components/HomePage/Body/Left/Common/ScrollButtonsLayout.tsx,src/helpers/classNames.ts,Code call,typescript.call,recurring,1,1,
src/Components/HomePage/Body/Left/Common/SearchedResultsTab/FlightPlans/FlightPlansList/DropDown.tsx,src/helpers/ArcGISHelpers/planStarGraphicsCore.ts,Code call,typescript.call,new,1,,
src/Components/HomePage/Body/Left/Common/SearchedResultsTab/FlightPlans/FlightPlansList/List.tsx,src/helpers/ArcGISHelpers/planStarGraphicsCore.ts,Code call,typescript.call,new,1,,
src/Components/HomePage/Body/Left/Common/SearchedResultsTab/Functions/ListPointsFunctions/index.tsx,src/helpers/tableExports/csvExportCore.ts,Code call,typescript.call,new,1,,
src/Components/HomePage/Body/Left/Common/SearchedResultsTab/Functions/ListPointsFunctions/index.tsx,src/helpers/tableExports/geoJsonExportCore.ts,Code call,typescript.call,new,1,,
src/Components/HomePage/Body/Left/Common/SearchedResultsTab/Functions/ListPointsFunctions/index.tsx,src/helpers/tableExports/xlsxExportCore.ts,Code call,typescript.call,new,1,,
src/Components/HomePage/Body/Left/Common/SearchedResultsTab/Functions/PointsBuffer.tsx,src/helpers/ArcGISHelpers/bufferFlightPlansOnLayerCore.ts,Code call,typescript.call,new,1,,
src/Components/HomePage/Body/Left/Common/SearchedResultsTab/Functions/PointsBuffer.tsx,src/helpers/ArcGISHelpers/bufferPointsOnLayerCore.ts,Code call,typescript.call,new,1,,
src/Components/HomePage/Body/Left/Common/SearchedResultsTab/Points/DropDown.tsx,src/helpers/ArcGISHelpers/pointMapGraphicActionsCore.ts,Code call,typescript.call,new,1,,
src/Components/HomePage/Body/Left/Common/SearchedResultsTab/Points/DropDown.tsx,src/helpers/tableExports/csvExportCore.ts,Code call,typescript.call,new,1,,
src/Components/HomePage/Body/Left/Common/SearchedResultsTab/Points/DropDown.tsx,src/helpers/tableExports/shapefileExportCore.ts,Code call,typescript.call,new,1,,
src/Components/HomePage/Body/Left/Common/SearchedResultsTab/Points/DropDown.tsx,src/helpers/tableExports/xlsxExportCore.ts,Code call,typescript.call,new,1,,
src/Components/HomePage/Body/Left/Common/SearchedResultsTab/Points/usePointsTableMapEffects.ts,src/helpers/ArcGISHelpers/pointMapGraphicActionsCore.ts,Code call,typescript.call,new,2,,
src/Components/HomePage/Body/Left/Common/SearchedResultsTab/Points/usePointsTableMapEffects.ts,src/helpers/ArcGISHelpers/pointMapGraphicFactoriesCore.ts,Code call,typescript.call,new,1,,
src/Components/HomePage/Body/Left/Common/SearchedResultsTab/Points/usePointsTableMapEffects.ts,src/helpers/ArcGISHelpers/validateMapView.ts,Code call,typescript.call,new,1,,
src/Components/HomePage/Body/Left/Common/SearchedResultsTab/Points/usePointsTableMapEffects.ts,src/helpers/points/starredPointSelection.ts,Code call,typescript.call,new,2,,
src/Components/HomePage/Body/Left/Common/SearchedResultsTab/shared/searchedResultsExports.ts,src/helpers/tableExports/csvExportCore.ts,Code call,typescript.call,new,2,,
src/Components/HomePage/Body/Left/Common/SearchedResultsTab/shared/searchedResultsExports.ts,src/helpers/tableExports/shapefileExportCore.ts,Code call,typescript.call,new,2,,
src/Components/HomePage/Body/Left/Common/SearchedResultsTab/shared/searchedResultsExports.ts,src/helpers/tableExports/xlsxExportCore.ts,Code call,typescript.call,new,2,,
src/Components/HomePage/Body/Left/Nabewerking/CreateReport/Steps/Step2/Points.tsx,src/helpers/points/sortPointsByImageCount.ts,Code call,typescript.call,new,1,,
src/Components/HomePage/Body/Left/Nabewerking/CreateReport/Steps/Step2/hooks/usePointHandlers.ts,src/helpers/ArcGISHelpers/createPin.ts,Code call,typescript.call,recurring,1,1,
src/Components/HomePage/Body/Left/Nabewerking/CreateReport/Steps/Step2/hooks/useRenderGeometries.ts,src/helpers/ArcGISHelpers/replaceGraphics.ts,Code call,typescript.call,recurring,1,1,
src/Components/HomePage/Body/Left/Nabewerking/CreateReport/Steps/Step2/hooks/useRenderGeometries.ts,src/helpers/ArcGISHelpers/validateMapView.ts,Code call,typescript.call,recurring,1,1,
src/Components/HomePage/Body/Left/Nabewerking/CreateReport/Steps/Step2/hooks/useRenderPoints.ts,src/helpers/ArcGISHelpers/createPin.ts,Code call,typescript.call,recurring,1,1,
src/Components/HomePage/Body/Left/Nabewerking/CreateReport/Steps/Step3/hooks/copyLinkActions.ts,src/helpers/getBackEndUrl.ts,Code call,typescript.call,new,1,,
src/Components/HomePage/Body/Left/Nabewerking/CreateReport/helpers/useHandleStep2/attachmentFetch.ts,src/helpers/arcgis/attachmentDisplayUrl.ts,Code call,typescript.call,new,3,,
src/Components/HomePage/Body/Left/Nabewerking/CreateReport/helpers/useHandleStep2/processGeometry.ts,src/helpers/ArcGISHelpers/geometryMapGraphicFactoriesCore.ts,Code call,typescript.call,new,1,,
src/Components/HomePage/Body/Left/Nabewerking/CreateReport/helpers/useHandleStep2/utils.ts,src/helpers/refreshToken.ts,Code call,typescript.call,recurring,1,1,
src/Components/HomePage/Body/Left/Nabewerking/VluchtenZoeken/Steps/Step1/Content/Buttons.tsx,src/helpers/ArcGISHelpers/centerAndZoomFromPlanCore.ts,Code call,typescript.call,new,1,,
src/Components/HomePage/Body/Left/Nabewerking/VluchtenZoeken/Steps/Step1/Content/Buttons.tsx,src/helpers/ArcGISHelpers/centerAndZoomMathCore.ts,Code call,typescript.call,new,2,,
src/Components/HomePage/Body/Left/Nabewerking/VluchtenZoeken/Steps/Step2/Actions/Waarnemingen/EditGeometryDetails/Actions/Form/updateGeometryPointsComment.ts,src/helpers/points/buildPointUpdatePayload.ts,Code call,typescript.call,new,1,,
src/Components/HomePage/Body/Left/Nabewerking/VluchtenZoeken/Steps/Step2/Actions/Waarnemingen/EditPointDetails/Actions/EditPointCoordinates/coordinateFinalize.ts,src/helpers/ArcGISHelpers/getTransformedCoordinates.ts,Code call,typescript.call,new,2,,
src/Components/HomePage/Body/Left/Nabewerking/VluchtenZoeken/Steps/Step2/Actions/Waarnemingen/EditPointDetails/Actions/EditPointCoordinates/coordsFromMapClick.ts,src/helpers/ArcGISHelpers/getTransformedCoordinates.ts,Code call,typescript.call,new,1,,
src/Components/HomePage/Body/Left/Nabewerking/VluchtenZoeken/Steps/Step2/Actions/Waarnemingen/EditPointDetails/Actions/EditPointCoordinates/editPointCoordSyncTransforms.ts,src/helpers/ArcGISHelpers/getTransformedCoordinates.ts,Code call,typescript.call,new,1,,
src/Components/HomePage/Body/Left/Nabewerking/VluchtenZoeken/Steps/Step2/Actions/Waarnemingen/EditPointDetails/Actions/EditPointCoordinates/editPointCoordSyncTransforms.ts,src/helpers/geo/transformWgs84ToRd.ts,Code call,typescript.call,new,1,,
src/Components/HomePage/Body/Left/Nabewerking/VluchtenZoeken/Steps/Step2/Actions/Waarnemingen/EditPointDetails/Actions/EditPointCoordinates/pointMapGraphics.ts,src/helpers/ArcGISHelpers/createPoint.ts,Code call,typescript.call,new,1,,
src/Components/HomePage/Body/Left/Nabewerking/VluchtenZoeken/Steps/Step2/Actions/Waarnemingen/EditPointDetails/Actions/EditPointCoordinates/useEditPointCoordinateInputs.ts,src/helpers/ArcGISHelpers/validateMapView.ts,Code call,typescript.call,new,1,,
src/Components/HomePage/Body/Left/Nabewerking/VluchtenZoeken/Steps/Step2/Actions/Waarnemingen/common/Foto/FotoAttachmentGrid.tsx,src/helpers/arcgis/attachmentDisplayUrl.ts,Code call,typescript.call,new,1,,
src/Components/HomePage/Body/Left/Nabewerking/VluchtenZoeken/Steps/Step2/Actions/Waarnemingen/common/Foto/attachmentUploadHelpers.ts,src/helpers/base64ToBlob.ts,Code call,typescript.call,recurring,1,1,
src/Components/HomePage/Body/Left/Nabewerking/VluchtenZoeken/Steps/Step2/Actions/Waarnemingen/common/Foto/deleteFotoFromArcgis.ts,src/helpers/arcgis/deleteArcgisAttachment.ts,Code call,typescript.call,new,1,,
src/Components/HomePage/Body/Left/Nabewerking/VluchtenZoeken/Steps/Step2/Actions/Waarnemingen/waarnemingenFilterHelpers.ts,src/helpers/points/sortPointsByImageCount.ts,Code call,typescript.call,new,1,,
src/Components/HomePage/Body/Left/Nabewerking/VluchtenZoeken/hooks/buildPlanGeometryGraphics.ts,src/helpers/ArcGISHelpers/pointGraphicCoordinates.ts,Code call,typescript.call,new,1,,
src/Components/HomePage/Body/Left/Nabewerking/VluchtenZoeken/hooks/useRenderPlanGeometries.ts,src/helpers/ArcGISHelpers/replaceGraphics.ts,Code call,typescript.call,recurring,1,1,
src/Components/HomePage/Body/Left/Nabewerking/VluchtenZoeken/hooks/useRenderPlanGeometries.ts,src/helpers/ArcGISHelpers/validateMapView.ts,Code call,typescript.call,recurring,1,1,
src/Components/HomePage/Body/Left/Nabewerking/VluchtenZoeken/hooks/useRenderPlanPoints.ts,src/helpers/ArcGISHelpers/pointGraphicFactoryCore.ts,Code call,typescript.call,new,1,,
src/Components/HomePage/Body/Left/Nabewerking/VluchtenZoeken/hooks/useRenderPlanPoints.ts,src/helpers/ArcGISHelpers/replaceGraphics.ts,Code call,typescript.call,recurring,1,1,
src/Components/HomePage/Body/Left/Nabewerking/VluchtenZoeken/hooks/useRenderPlanPoints.ts,src/helpers/ArcGISHelpers/validateMapView.ts,Code call,typescript.call,recurring,1,1,
src/Components/HomePage/Body/Left/Tools/AandachtspuntenVerwijderen/Actions/EditPointDetails/Steps/Step1/Buttons.tsx,src/helpers/points/buildPointUpdatePayload.ts,Code call,typescript.call,recurring,1,2,
src/Components/HomePage/Body/Left/Tools/AandachtspuntenVerwijderen/Actions/EditPointDetails/Steps/Step2/applyDeletePointCoordinatePatchCore.ts,src/helpers/geo/applyCoordinateSyncPatchToSetters.ts,Code call,typescript.call,new,2,,
src/Components/HomePage/Body/Left/Tools/AandachtspuntenVerwijderen/Actions/EditPointDetails/Steps/Step2/handleDeletePointEmptyMapClick.ts,src/helpers/ArcGISHelpers/createPoint.ts,Code call,typescript.call,new,1,,
src/Components/HomePage/Body/Left/Tools/AandachtspuntenVerwijderen/Actions/EditPointDetails/Steps/Step2/index.tsx,src/helpers/points/buildPointUpdatePayload.ts,Code call,typescript.call,recurring,1,2,
src/Components/HomePage/Body/Left/Tools/AandachtspuntenVerwijderen/Actions/EditPointDetails/submitDeletePointDetailsUpdate.ts,src/helpers/points/buildPointUpdatePayload.ts,Code call,typescript.call,new,1,,
src/Components/HomePage/Body/Left/Tools/EditGeometry/EditForm/EditGeometryPointPanel/RdFields.tsx,src/helpers/ArcGISHelpers/getTransformedCoordinates.ts,Code call,typescript.call,recurring,2,2,
src/Components/HomePage/Body/Left/Tools/EditGeometry/EditForm/EditGeometryPointPanel/Wgs84Fields.tsx,src/helpers/ArcGISHelpers/getTransformedCoordinates.ts,Code call,typescript.call,recurring,2,2,
src/Components/HomePage/Body/Left/Tools/EditGeometry/EditForm/EditGeometryPointPanel/applyMapClickCoordinates.ts,src/helpers/ArcGISHelpers/createPoint.ts,Code call,typescript.call,new,1,,
src/Components/HomePage/Body/Left/Tools/EditGeometry/EditForm/EditGeometryPointPanel/applyMapClickCoordinates.ts,src/helpers/ArcGISHelpers/getTransformedCoordinates.ts,Code call,typescript.call,new,1,,
src/Components/HomePage/Body/Left/Tools/EditGeometry/EditForm/EditGeometryPointPanel/resolveDebouncedPointWgs84.ts,src/helpers/ArcGISHelpers/getTransformedCoordinates.ts,Code call,typescript.call,new,1,,
src/Components/HomePage/Body/Left/Tools/EditGeometry/EditForm/EditGeometryPointPanel/useDebouncedRedPointFromInputs.ts,src/helpers/ArcGISHelpers/createPoint.ts,Code call,typescript.call,recurring,1,1,
src/Components/HomePage/Body/Left/Tools/EditGeometry/editGeometryHelpers.ts,src/helpers/ArcGISHelpers/centerAndZoomMathCore.ts,Code call,typescript.call,new,2,,
src/Components/HomePage/Body/Left/Tools/Emailijst/AddEmail/index.tsx,src/helpers/isValidEmail.ts,Code call,typescript.call,recurring,1,1,
src/Components/HomePage/Body/Left/Tools/Emailijst/EditEmail/index.tsx,src/helpers/isValidEmail.ts,Code call,typescript.call,recurring,1,1,
src/Components/HomePage/Body/Left/Voorbereiding/AddPointsVluchtPlan/Common/useStepContentMapSync.ts,src/helpers/ArcGISHelpers/syncBluePointGraphicsCore.ts,Code call,typescript.call,new,2,,
src/Components/HomePage/Body/Left/Voorbereiding/DrawingTool/Step1/ClearButton.tsx,src/helpers/classNames.ts,Code call,typescript.call,recurring,1,1,
src/Components/HomePage/Body/Left/Voorbereiding/DrawingTool/Step1/ConfirmButton.tsx,src/helpers/classNames.ts,Code call,typescript.call,recurring,1,1,
src/Components/HomePage/Body/Left/Voorbereiding/DrawingTool/Step1/Options.tsx,src/helpers/ArcGISHelpers/validateMapView.ts,Code call,typescript.call,recurring,2,1,
src/Components/HomePage/Body/Left/Voorbereiding/DrawingTool/Step1/Options.tsx,src/helpers/classNames.ts,Code call,typescript.call,recurring,4,4,
src/Components/HomePage/Body/Left/Voorbereiding/DrawingTool/Step1/Text.tsx,src/helpers/classNames.ts,Code call,typescript.call,recurring,1,1,
src/Components/HomePage/Body/Left/Voorbereiding/DrawingTool/helpers/toGeometryPointPayload.ts,src/helpers/ArcGISHelpers/getTransformedCoordinates.ts,Code call,typescript.call,new,1,,
src/Components/HomePage/Body/Left/Voorbereiding/EnrichedAddPoint/Steps/Step2/applyGraphicPositionNext.ts,src/helpers/ArcGISHelpers/createPoint.ts,Code call,typescript.call,new,1,,
src/Components/HomePage/Body/Left/Voorbereiding/EnrichedAddPoint/Steps/Step2/applyGraphicPositionNext.ts,src/helpers/ArcGISHelpers/getTransformedCoordinates.ts,Code call,typescript.call,new,1,,
src/Components/HomePage/Body/Left/Voorbereiding/EnrichedAddPoint/Steps/Step2/isNearExistingPoint.ts,src/helpers/getDistanceMeters.ts,Code call,typescript.call,new,1,,
src/Components/HomePage/Body/Left/Voorbereiding/EnrichedAddPoint/Steps/Step2/syncEnrichedCoordsForPreview.ts,src/helpers/geo/applyCoordinateSyncPatchToSetters.ts,Code call,typescript.call,new,1,,
src/Components/HomePage/Body/Left/Voorbereiding/EnrichedAddPoint/Steps/Step2/syncEnrichedCoordsForPreview.ts,src/helpers/geo/buildCoordinateSyncPatchCore.ts,Code call,typescript.call,new,1,,
src/Components/HomePage/Body/Left/Voorbereiding/EnrichedAddPoint/Steps/Step2/useCoordinatesWatcher.ts,src/helpers/geo/applyCoordinateSyncPatchToSetters.ts,Code call,typescript.call,new,1,,
src/Components/HomePage/Body/Left/Voorbereiding/EnrichedAddPoint/handleEnrichedAddPointClick.ts,src/helpers/ArcGISHelpers/createNewPointEvent.ts,Code call,typescript.call,new,1,,
src/Components/HomePage/Body/Left/Voorbereiding/EnrichedAddPoint/helpers/createNewPoint.ts,src/helpers/ArcGISHelpers/createPoint.ts,Code call,typescript.call,recurring,1,1,
src/Components/HomePage/Body/Left/Voorbereiding/FlightPlan/Common/useGeometryListGraphics.ts,src/helpers/ArcGISHelpers/replaceGraphics.ts,Code call,typescript.call,new,1,,
src/Components/HomePage/Body/Left/Voorbereiding/FlightPlan/Common/useGeometryListGraphics.ts,src/helpers/ArcGISHelpers/validateMapView.ts,Code call,typescript.call,new,1,,
src/Components/HomePage/Body/Left/Voorbereiding/FlightPlan/Steps/Step2/index.tsx,src/helpers/geometry/matchesGeometryRepeat.ts,Code call,typescript.call,new,1,,
src/Components/HomePage/Body/Left/Voorbereiding/FlightPlan/Steps/Step3/index.tsx,src/helpers/geometry/matchesGeometryRepeat.ts,Code call,typescript.call,new,1,,
src/Components/HomePage/Body/Left/Voorbereiding/RemoveFlightPlan/SinglePlan.tsx,src/helpers/classNames.ts,Code call,typescript.call,recurring,1,1,
src/Components/HomePage/Body/Left/Voorbereiding/ReuseFlightPlan/Steps/Step2/NewPointsList.tsx,src/helpers/ArcGISHelpers/createYellowBorder.ts,Code call,typescript.call,recurring,1,1,
src/Components/HomePage/Body/Left/Voorbereiding/SelectedPoint/EditPointDetails/Steps/Step1Buttons.tsx,src/helpers/points/buildPointUpdatePayload.ts,Code call,typescript.call,new,2,,
src/Components/HomePage/Body/Left/Voorbereiding/SelectedPoint/EditPointDetails/Steps/Step2/editPointMapClickHelpers.ts,src/helpers/ArcGISHelpers/createPoint.ts,Code call,typescript.call,new,1,,
src/Components/HomePage/Body/Left/Voorbereiding/SelectedPoint/EditPointDetails/Steps/Step2/editPointMapClickHelpers.ts,src/helpers/geo/transformWgs84ToRd.ts,Code call,typescript.call,new,1,,
src/Components/HomePage/Body/Left/Voorbereiding/SelectedPoint/EditPointDetails/Steps/Step2/index.tsx,src/helpers/points/buildPointUpdatePayload.ts,Code call,typescript.call,new,1,,
src/Components/HomePage/Body/Left/Voorbereiding/TemplateFlight/Steps/useMatchingTemplateGeometries.ts,src/helpers/geometry/matchesGeometryRepeat.ts,Code call,typescript.call,new,1,,
src/Components/HomePage/Body/Left/Voorbereiding/ViewPlan/Steps/AddPointStep/handleAddPointStepMapClick.ts,src/helpers/ArcGISHelpers/createNewPointEvent.ts,Code call,typescript.call,new,1,,
src/Components/HomePage/Body/Left/Voorbereiding/ViewPlan/Steps/AddPointToPlan/addPointToPlanPinHelpers.ts,src/helpers/ArcGISHelpers/createPin.ts,Code call,typescript.call,new,1,,
src/Components/HomePage/Body/Left/Voorbereiding/ViewPlan/Steps/AddPointToPlan/addPointToPlanPinHelpers.ts,src/helpers/ArcGISHelpers/validateMapView.ts,Code call,typescript.call,new,1,,
src/Components/HomePage/Body/Left/Voorbereiding/ViewPlan/Steps/AddPointToPlan/helpers/drawYellowPlanGraphics.ts,src/helpers/ArcGISHelpers/createYellowWgs84PointGraphic.ts,Code call,typescript.call,new,1,,
src/Components/HomePage/Body/Left/Voorbereiding/ViewPlan/Steps/AddPointToPlan/helpers/drawYellowPlanGraphics.ts,src/helpers/ArcGISHelpers/pointGraphicCoordinates.ts,Code call,typescript.call,new,1,,
src/Components/HomePage/Body/Left/Voorbereiding/ViewPlan/Steps/AddPointToPlan/useAddPointToPlanMapEffects.ts,src/helpers/ArcGISHelpers/syncBluePointGraphicsCore.ts,Code call,typescript.call,new,1,,
src/Components/HomePage/Body/Left/Voorbereiding/ViewPlan/Steps/AddPointsFromPlan/SelectFromSource/helpers/createYellowPointGraphic.ts,src/helpers/ArcGISHelpers/createYellowWgs84PointGraphic.ts,Code call,typescript.call,new,1,,
src/Components/HomePage/Body/Left/Voorbereiding/ViewPlan/Steps/AddPointsFromPlan/SelectFromSource/helpers/createYellowPointGraphic.ts,src/helpers/ArcGISHelpers/pointGraphicCoordinates.ts,Code call,typescript.call,new,1,,
src/Components/HomePage/Body/Left/Voorbereiding/ViewPlan/Steps/AddPointsFromPlan/SelectFromSource/helpers/selectFromSourceGraphics.ts,src/helpers/ArcGISHelpers/createPin.ts,Code call,typescript.call,new,1,,
src/Components/HomePage/Body/Left/Voorbereiding/ViewPlan/Steps/AddPointsFromPlan/SelectFromSource/helpers/selectFromSourceGraphics.ts,src/helpers/ArcGISHelpers/pointGraphicCoordinates.ts,Code call,typescript.call,new,1,,
src/Components/HomePage/Body/Left/Voorbereiding/ViewPlan/Steps/AddPointsFromPlan/SelectFromSource/useSelectFromSourceGraphicsEffects.ts,src/helpers/ArcGISHelpers/syncBluePointGraphicsCore.ts,Code call,typescript.call,new,3,,
src/Components/HomePage/Body/Left/Voorbereiding/ViewPlan/Steps/Step1/SinglePlan.tsx,src/helpers/classNames.ts,Code call,typescript.call,recurring,1,1,
src/Components/HomePage/Body/Left/Voorbereiding/ViewPlan/Steps/Step1/SinglePlan.tsx,src/helpers/points/flightPlanPointExcelCore.ts,Code call,typescript.call,new,1,,
src/Components/HomePage/Body/Left/Voorbereiding/ViewPlan/Steps/Step1/SinglePlan.tsx,src/helpers/tableExports/xlsxExportCore.ts,Code call,typescript.call,new,1,,
src/Components/HomePage/Body/Left/Voorbereiding/ViewPlan/Steps/Step2/useViewPlanStepMap.ts,src/helpers/ArcGISHelpers/validateMapView.ts,Code call,typescript.call,new,1,,
src/Components/HomePage/Body/Left/Voorbereiding/ViewPlan/Steps/Step2/viewPlanStepMapActions.ts,src/helpers/ArcGISHelpers/validateMapView.ts,Code call,typescript.call,new,3,,
src/Components/HomePage/Body/Left/Voorbereiding/ViewPlan/useViewPlanFilteredPlans.ts,src/helpers/filterPlans.ts,Code call,typescript.call,new,1,,
src/Components/HomePage/Body/Right/SelectedPlansPointsList/Common/useTimesliderRightListHover.ts,src/helpers/ArcGISHelpers/pointGraphicCoordinates.ts,Code call,typescript.call,new,1,,
src/Components/HomePage/Body/Right/SelectedPlansPointsList/Images/SelectedPlanImagesPanel.tsx,src/helpers/arcgis/attachmentDisplayUrl.ts,Code call,typescript.call,new,1,,
src/Components/HomePage/Head/Common/CommonTabBtn.tsx,src/helpers/classNames.ts,Code call,typescript.call,recurring,1,1,
src/Components/HomePage/Head/Common/FilterTabs.tsx,src/helpers/classNames.ts,Code call,typescript.call,recurring,1,1,
src/Components/TimesliderItemDetailPage/buildTimesliderPageViewParts.ts,src/helpers/arcgis/attachmentDisplayUrl.ts,Code call,typescript.call,new,1,,
src/Components/TimesliderItemDetailPage/sections/LoginRequiredModal.tsx,src/helpers/getLoginUrlWithReturn.ts,Code call,typescript.call,recurring,1,1,
src/Components/TimesliderItemDetailPage/sections/MainImageSection.tsx,src/helpers/arcgis/attachmentDisplayUrl.ts,Code call,typescript.call,new,1,,
src/hooks/editPoint/applyCoordinateSystemSync.ts,src/helpers/geo/buildCoordinateSyncPatchCore.ts,Code call,typescript.call,new,1,,
src/hooks/features/attachMapHoverLifecycle.ts,src/helpers/ArcGISHelpers/validateMapView.ts,Code call,typescript.call,new,1,,
src/hooks/features/syncLocalGeometryGraphics.ts,src/helpers/ArcGISHelpers/createGeometryGraphicInternal.ts,Code call,typescript.call,new,1,,
src/hooks/features/syncLocalGeometryGraphics.ts,src/helpers/ArcGISHelpers/replaceGraphics.ts,Code call,typescript.call,new,1,,
src/hooks/features/syncLocalGeometryGraphics.ts,src/helpers/ArcGISHelpers/validateMapView.ts,Code call,typescript.call,new,1,,
src/hooks/features/useGeometryGraphicsEffects.ts,src/helpers/ArcGISHelpers/replaceGraphics.ts,Code call,typescript.call,new,2,,
src/hooks/features/usePointGraphicsEffects.ts,src/helpers/ArcGISHelpers/replaceGraphics.ts,Code call,typescript.call,new,2,,
src/hooks/features/usePointGraphicsEffects.ts,src/helpers/ArcGISHelpers/validateMapView.ts,Code call,typescript.call,new,1,,
src/hooks/flightPathMetrics.ts,src/helpers/haversine.ts,Code call,typescript.call,new,1,,
src/hooks/hover-click-handlers/createPlanClickHandler.ts,src/helpers/ArcGISHelpers/buildPlanBoundingBoxGraphicCore.ts,Code call,typescript.call,new,1,,
src/hooks/hover-click-handlers/createPlanClickHandler.ts,src/helpers/ArcGISHelpers/planBoundingBoxGeometryCore.ts,Code call,typescript.call,new,1,,
src/hooks/hover-click-handlers/createPlanHoverHandlers.ts,src/helpers/ArcGISHelpers/buildPlanBoundingBoxGraphicCore.ts,Code call,typescript.call,new,1,,
src/hooks/hover-click-handlers/createPlanHoverHandlers.ts,src/helpers/ArcGISHelpers/planBoundingBoxGeometryCore.ts,Code call,typescript.call,new,1,,
src/hooks/hover-click-handlers/finishedPlanHighlightDraw.ts,src/helpers/ArcGISHelpers/finishedPlanCentroidMarkersCore.ts,Code call,typescript.call,new,1,,
src/hooks/hover-click-handlers/finishedPlanHighlightDraw.ts,src/helpers/ArcGISHelpers/finishedPlanMapGraphics.ts,Code call,typescript.call,new,1,,
src/hooks/hover-click-handlers/geometryEditHighlightHandlers.ts,src/helpers/ArcGISHelpers/validateMapView.ts,Code call,typescript.call,new,2,,
src/hooks/hover-click-handlers/geometryHighlightGraphic.ts,src/helpers/ArcGISHelpers/geometryMapGraphicFactoriesCore.ts,Code call,typescript.call,new,1,,
src/hooks/hover-click-handlers/geometryListHoverHandlers.ts,src/helpers/ArcGISHelpers/validateMapView.ts,Code call,typescript.call,new,2,,
src/hooks/hover-click-handlers/geometryListMapActions.ts,src/helpers/ArcGISHelpers/geometryMapGraphicActionsCore.ts,Code call,typescript.call,new,3,,
src/hooks/hover-click-handlers/geometryListMapActions.ts,src/helpers/ArcGISHelpers/geometryMapGraphicFactoriesCore.ts,Code call,typescript.call,new,1,,
src/hooks/hover-click-handlers/geometryVertexGraphics.ts,src/helpers/ArcGISHelpers/pointGraphicCoordinates.ts,Code call,typescript.call,new,1,,
src/hooks/hover-click-handlers/nearestPoint.ts,src/helpers/getDistanceMeters.ts,Code call,typescript.call,new,1,,
src/hooks/hover-click-handlers/pathPlanUtils.ts,src/helpers/getDistanceMeters.ts,Code call,typescript.call,new,1,,
src/hooks/hover-click-handlers/pointHoverHandlers.ts,src/helpers/ArcGISHelpers/pointHoverGraphics.ts,Code call,typescript.call,new,2,,
src/hooks/hover-click-handlers/pointListMapActions.ts,src/helpers/ArcGISHelpers/pointMapGraphicActionsCore.ts,Code call,typescript.call,new,3,,
src/hooks/hover-click-handlers/pointListMapActions.ts,src/helpers/ArcGISHelpers/pointMapGraphicFactoriesCore.ts,Code call,typescript.call,new,1,,
src/hooks/hover-click-handlers/showPlanSearchListHoverBody.ts,src/helpers/ArcGISHelpers/buildPlanBoundingBoxGraphicCore.ts,Code call,typescript.call,new,1,,
src/hooks/hover-click-handlers/showPlanSearchListHoverBody.ts,src/helpers/ArcGISHelpers/planBoundingBoxGeometryCore.ts,Code call,typescript.call,new,1,,
src/hooks/hover-click-handlers/syncYellowGeometrySelection.ts,src/helpers/ArcGISHelpers/selectedGeometryGraphics.ts,Code call,typescript.call,new,1,,
src/hooks/hover-click-handlers/syncYellowGeometrySelection.ts,src/helpers/ArcGISHelpers/validateMapView.ts,Code call,typescript.call,new,1,,
src/hooks/hover-click-handlers/syncYellowMarkerSelection.ts,src/helpers/ArcGISHelpers/validateMapView.ts,Code call,typescript.call,new,1,,
src/hooks/hover-click-handlers/useSingleGeometrySelectionGraphic.ts,src/helpers/ArcGISHelpers/geometryMapGraphicFactoriesCore.ts,Code call,typescript.call,new,1,,
src/hooks/hover-click-handlers/yellowMarkerGraphics.ts,src/helpers/ArcGISHelpers/pointGraphicCoordinates.ts,Code call,typescript.call,new,1,,
src/hooks/map/initializeMapState.ts,src/helpers/ArcGISHelpers/createMapView.ts,Code call,typescript.call,new,1,,
src/hooks/points/herhalenSelectionActions.ts,src/helpers/points/herhalenSelection.ts,Code call,typescript.call,new,1,,
src/Components/HomePage/Body/Bottom/ClickedTableFunctions/PlansList.tsx,src/helpers/ArcGISHelpers/computeFlightPlanCentroid.ts,Code call,typescript.call,removed,0,1,
src/Components/HomePage/Body/Bottom/ClickedTableFunctions/PlansList.tsx,src/helpers/ArcGISHelpers/createPlanBoundingBoxGraphic.ts,Code call,typescript.call,removed,0,1,
src/Components/HomePage/Body/Bottom/ClickedTableFunctions/PointsList.tsx,src/helpers/ArcGISHelpers/validateMapView.ts,Code call,typescript.call,removed,0,1,
src/Components/HomePage/Body/Bottom/PlansView/Details/index.tsx,src/helpers/haversine.ts,Code call,typescript.call,removed,0,1,
src/Components/HomePage/Body/Bottom/PointsView/FlightPlansTable/index.tsx,src/helpers/ArcGISHelpers/createPlanBoundingBoxGraphic.ts,Code call,typescript.call,removed,0,2,
src/Components/HomePage/Body/Bottom/PointsView/common/hooks/useMapGraphics.ts,src/helpers/ArcGISHelpers/createGeometryMapGraphics.ts,Code call,typescript.call,removed,0,1,
src/Components/HomePage/Body/Bottom/PointsView/common/hooks/useMapGraphics.ts,src/helpers/ArcGISHelpers/createPointMapGraphics.ts,Code call,typescript.call,removed,0,1,
src/Components/HomePage/Body/Bottom/PointsView/common/hooks/useMapGraphics.ts,src/helpers/ArcGISHelpers/validateMapView.ts,Code call,typescript.call,removed,0,1,
src/Components/HomePage/Body/Left/Common/KaartLegend/BasemapsList.tsx,src/helpers/classNames.ts,Code call,typescript.call,removed,0,1,
src/Components/HomePage/Body/Left/Common/ResultTab/ListPointsFunctions/index.tsx,src/helpers/ArcGISHelpers/createPointMapGraphics.ts,Code call,typescript.call,removed,0,2,
src/Components/HomePage/Body/Left/Common/SearchedResultsTab/FlightPlans/FlightPlansList/List.tsx,src/helpers/ArcGISHelpers/createPlanBoundingBoxGraphic.ts,Code call,typescript.call,removed,0,2,
src/Components/HomePage/Body/Left/Common/SearchedResultsTab/Functions/PointsBuffer.tsx,src/helpers/ArcGISHelpers/bufferGraphics.ts,Code call,typescript.call,removed,0,2,
src/Components/HomePage/Body/Left/Common/SearchedResultsTab/Points/DropDown.tsx,src/helpers/ArcGISHelpers/createPointMapGraphics.ts,Code call,typescript.call,removed,0,1,
src/Components/HomePage/Body/Left/Common/SearchedResultsTab/Points/index.tsx,src/helpers/ArcGISHelpers/createPointMapGraphics.ts,Code call,typescript.call,removed,0,5,
src/Components/HomePage/Body/Left/Common/SearchedResultsTab/Points/index.tsx,src/helpers/ArcGISHelpers/validateMapView.ts,Code call,typescript.call,removed,0,1,
src/Components/HomePage/Body/Left/Nabewerking/CreateReport/Steps/Step3/hooks/useCopyLink.ts,src/helpers/getBackEndUrl.ts,Code call,typescript.call,removed,0,1,
src/Components/HomePage/Body/Left/Nabewerking/CreateReport/helpers/useHandleStep2/processGeometry.ts,src/helpers/ArcGISHelpers/createGeometryMapGraphics.ts,Code call,typescript.call,removed,0,1,
src/Components/HomePage/Body/Left/Nabewerking/VluchtenZoeken/Steps/Step1/Content/Buttons.tsx,src/helpers/ArcGISHelpers/calculateCenterAndZoom.ts,Code call,typescript.call,removed,0,2,
src/Components/HomePage/Body/Left/Nabewerking/VluchtenZoeken/Steps/Step2/Actions/Waarnemingen/EditPointDetails/Actions/EditPointCoordinates/index.tsx,src/helpers/ArcGISHelpers/createPoint.ts,Code call,typescript.call,removed,0,3,
src/Components/HomePage/Body/Left/Nabewerking/VluchtenZoeken/Steps/Step2/Actions/Waarnemingen/EditPointDetails/Actions/EditPointCoordinates/index.tsx,src/helpers/ArcGISHelpers/getTransformedCoordinates.ts,Code call,typescript.call,removed,0,6,
src/Components/HomePage/Body/Left/Nabewerking/VluchtenZoeken/Steps/Step2/Actions/Waarnemingen/EditPointDetails/Actions/EditPointCoordinates/index.tsx,src/helpers/ArcGISHelpers/validateMapView.ts,Code call,typescript.call,removed,0,1,
src/Components/HomePage/Body/Left/Nabewerking/VluchtenZoeken/Steps/Step2/Actions/Waarnemingen/common/Foto/FotoPanel.tsx,src/helpers/arcgis/deleteArcgisAttachment.ts,Code call,typescript.call,removed,0,1,
src/Components/HomePage/Body/Left/Nabewerking/VluchtenZoeken/hooks/useRenderPlanGeometries.ts,src/helpers/ArcGISHelpers/createPointGraphic.ts,Code call,typescript.call,removed,0,1,
src/Components/HomePage/Body/Left/Nabewerking/VluchtenZoeken/hooks/useRenderPlanPoints.ts,src/helpers/ArcGISHelpers/createPointGraphic.ts,Code call,typescript.call,removed,0,1,
src/Components/HomePage/Body/Left/Tools/AandachtspuntenVerwijderen/Actions/EditPointDetails/Steps/Step2/Step2Sub1.tsx,src/helpers/ArcGISHelpers/createPoint.ts,Code call,typescript.call,removed,0,2,
src/Components/HomePage/Body/Left/Tools/AandachtspuntenVerwijderen/Actions/EditPointDetails/Steps/Step2/Step2Sub1.tsx,src/helpers/ArcGISHelpers/getTransformedCoordinates.ts,Code call,typescript.call,removed,0,2,
src/Components/HomePage/Body/Left/Tools/EditGeometry/EditForm/EditGeometryPointPanel/useDebouncedRedPointFromInputs.ts,src/helpers/ArcGISHelpers/getTransformedCoordinates.ts,Code call,typescript.call,removed,0,1,
src/Components/HomePage/Body/Left/Tools/EditGeometry/EditForm/EditGeometryPointPanel/useMapClickToUpdateCoordinates.ts,src/helpers/ArcGISHelpers/createPoint.ts,Code call,typescript.call,removed,0,1,
src/Components/HomePage/Body/Left/Tools/EditGeometry/EditForm/EditGeometryPointPanel/useMapClickToUpdateCoordinates.ts,src/helpers/ArcGISHelpers/getTransformedCoordinates.ts,Code call,typescript.call,removed,0,1,
src/Components/HomePage/Body/Left/Tools/EditGeometry/index.tsx,src/helpers/ArcGISHelpers/calculateCenterAndZoom.ts,Code call,typescript.call,removed,0,1,
src/Components/HomePage/Body/Left/Voorbereiding/AddPointsVluchtPlan/Common/StepContent.tsx,src/helpers/ArcGISHelpers/createPointGraphic.ts,Code call,typescript.call,removed,0,1,
src/Components/HomePage/Body/Left/Voorbereiding/DrawingTool/Step2/Buttons.tsx,src/helpers/ArcGISHelpers/getTransformedCoordinates.ts,Code call,typescript.call,removed,0,1,
src/Components/HomePage/Body/Left/Voorbereiding/EnrichedAddPoint/Steps/Step2/NextBtn.tsx,src/helpers/ArcGISHelpers/createPoint.ts,Code call,typescript.call,removed,0,1,
src/Components/HomePage/Body/Left/Voorbereiding/EnrichedAddPoint/Steps/Step2/NextBtn.tsx,src/helpers/ArcGISHelpers/getTransformedCoordinates.ts,Code call,typescript.call,removed,0,1,
src/Components/HomePage/Body/Left/Voorbereiding/EnrichedAddPoint/Steps/Step2/UpdateBtn.tsx,src/helpers/ArcGISHelpers/getTransformedCoordinates.ts,Code call,typescript.call,removed,0,2,
src/Components/HomePage/Body/Left/Voorbereiding/EnrichedAddPoint/index.tsx,src/helpers/ArcGISHelpers/createNewPointEvent.ts,Code call,typescript.call,removed,0,1,
src/Components/HomePage/Body/Left/Voorbereiding/FlightPlan/Common/GeometriesList.tsx,src/helpers/ArcGISHelpers/replaceGraphics.ts,Code call,typescript.call,removed,0,1,
src/Components/HomePage/Body/Left/Voorbereiding/FlightPlan/Common/GeometriesList.tsx,src/helpers/ArcGISHelpers/validateMapView.ts,Code call,typescript.call,removed,0,1,
src/Components/HomePage/Body/Left/Voorbereiding/SelectedPoint/EditPointDetails/Steps/Step2/Step2Sub1.tsx,src/helpers/ArcGISHelpers/createPoint.ts,Code call,typescript.call,removed,0,1,
src/Components/HomePage/Body/Left/Voorbereiding/SelectedPoint/EditPointDetails/Steps/Step2/Step2Sub1.tsx,src/helpers/ArcGISHelpers/getTransformedCoordinates.ts,Code call,typescript.call,removed,0,1,
src/Components/HomePage/Body/Left/Voorbereiding/TemplateFlight/PointsList.tsx,src/helpers/ArcGISHelpers/createPin.ts,Code call,typescript.call,removed,0,1,
src/Components/HomePage/Body/Left/Voorbereiding/ViewPlan/Steps/AddPointStep/Steps/Step2/index.tsx,src/helpers/ArcGISHelpers/getTransformedCoordinates.ts,Code call,typescript.call,removed,0,2,
src/Components/HomePage/Body/Left/Voorbereiding/ViewPlan/Steps/AddPointStep/index.tsx,src/helpers/ArcGISHelpers/createNewPointEvent.ts,Code call,typescript.call,removed,0,1,
src/Components/HomePage/Body/Left/Voorbereiding/ViewPlan/Steps/AddPointToPlan/helpers/drawYellowPlanGraphics.ts,src/helpers/ArcGISHelpers/createPointGraphic.ts,Code call,typescript.call,removed,0,1,
src/Components/HomePage/Body/Left/Voorbereiding/ViewPlan/Steps/AddPointToPlan/index.tsx,src/helpers/ArcGISHelpers/createPin.ts,Code call,typescript.call,removed,0,1,
src/Components/HomePage/Body/Left/Voorbereiding/ViewPlan/Steps/AddPointToPlan/index.tsx,src/helpers/ArcGISHelpers/createPointGraphic.ts,Code call,typescript.call,removed,0,1,
src/Components/HomePage/Body/Left/Voorbereiding/ViewPlan/Steps/AddPointToPlan/index.tsx,src/helpers/ArcGISHelpers/validateMapView.ts,Code call,typescript.call,removed,0,1,
src/Components/HomePage/Body/Left/Voorbereiding/ViewPlan/Steps/AddPointsFromPlan/SelectFromSource/index.tsx,src/helpers/ArcGISHelpers/createPin.ts,Code call,typescript.call,removed,0,1,
src/Components/HomePage/Body/Left/Voorbereiding/ViewPlan/Steps/AddPointsFromPlan/SelectFromSource/index.tsx,src/helpers/ArcGISHelpers/createPointGraphic.ts,Code call,typescript.call,removed,0,3,
src/Components/HomePage/Body/Left/Voorbereiding/ViewPlan/Steps/Step2/index.tsx,src/helpers/ArcGISHelpers/validateMapView.ts,Code call,typescript.call,removed,0,4,
src/Components/HomePage/Body/Left/Voorbereiding/ViewPlan/index.tsx,src/helpers/filterPlans.ts,Code call,typescript.call,removed,0,1,
src/Components/HomePage/Body/Right/SelectedPlansPointsList/Common/attachmentDisplayUrl.ts,src/helpers/getBackEndUrl.ts,Code call,typescript.call,removed,0,1,
src/Components/HomePage/Body/Right/SelectedPlansPointsList/Common/useTimesliderRightListHover.ts,src/helpers/ArcGISHelpers/createPointGraphic.ts,Code call,typescript.call,removed,0,1,
src/hooks/editPoint/useCoordinateSystemSync.ts,src/helpers/ArcGISHelpers/getTransformedCoordinates.ts,Code call,typescript.call,removed,0,2,
src/hooks/features/useHoverPointsAndGeometries.ts,src/helpers/ArcGISHelpers/validateMapView.ts,Code call,typescript.call,removed,0,1,
src/hooks/features/useRenderGeometries.ts,src/helpers/ArcGISHelpers/replaceGraphics.ts,Code call,typescript.call,removed,0,2,
src/hooks/features/useRenderGeometries.ts,src/helpers/ArcGISHelpers/validateMapView.ts,Code call,typescript.call,removed,0,1,
src/hooks/features/useRenderLocalGeometries.ts,src/helpers/ArcGISHelpers/createGeometryGraphic.ts,Code call,typescript.call,removed,0,1,
src/hooks/features/useRenderLocalGeometries.ts,src/helpers/ArcGISHelpers/replaceGraphics.ts,Code call,typescript.call,removed,0,1,
src/hooks/features/useRenderLocalGeometries.ts,src/helpers/ArcGISHelpers/validateMapView.ts,Code call,typescript.call,removed,0,1,
src/hooks/features/useRenderPoints.ts,src/helpers/ArcGISHelpers/replaceGraphics.ts,Code call,typescript.call,removed,0,2,
src/hooks/features/useRenderPoints.ts,src/helpers/ArcGISHelpers/validateMapView.ts,Code call,typescript.call,removed,0,2,
src/hooks/hover-click-handlers/useDrawYellowGeometries.ts,src/helpers/ArcGISHelpers/createGeometryMapGraphics.ts,Code call,typescript.call,removed,0,1,
src/hooks/hover-click-handlers/useDrawYellowGeometries.ts,src/helpers/ArcGISHelpers/validateMapView.ts,Code call,typescript.call,removed,0,1,
src/hooks/hover-click-handlers/useDrawYellowMarkers.ts,src/helpers/ArcGISHelpers/createPointGraphic.ts,Code call,typescript.call,removed,0,1,
src/hooks/hover-click-handlers/useDrawYellowMarkers.ts,src/helpers/ArcGISHelpers/validateMapView.ts,Code call,typescript.call,removed,0,1,
src/hooks/hover-click-handlers/useEditGeometryVerticesOnMap.ts,src/helpers/ArcGISHelpers/createPointGraphic.ts,Code call,typescript.call,removed,0,1,
src/hooks/hover-click-handlers/useEditGeometryVerticesOnMap.ts,src/helpers/ArcGISHelpers/validateMapView.ts,Code call,typescript.call,removed,0,1,
src/hooks/hover-click-handlers/useFinishedPlanMapHighlight.ts,src/helpers/ArcGISHelpers/finishedPlanMapGraphics.ts,Code call,typescript.call,removed,0,4,
src/hooks/hover-click-handlers/useGeometryClick.ts,src/helpers/ArcGISHelpers/createGeometryMapGraphics.ts,Code call,typescript.call,removed,0,1,
src/hooks/hover-click-handlers/useGeometryClick.ts,src/helpers/ArcGISHelpers/validateMapView.ts,Code call,typescript.call,removed,0,1,
src/hooks/hover-click-handlers/useGeometryHover.ts,src/helpers/ArcGISHelpers/createGeometryMapGraphics.ts,Code call,typescript.call,removed,0,1,
src/hooks/hover-click-handlers/useGeometryHover.ts,src/helpers/ArcGISHelpers/validateMapView.ts,Code call,typescript.call,removed,0,4,
src/hooks/hover-click-handlers/useGeometryListMapActions.ts,src/helpers/ArcGISHelpers/createGeometryMapGraphics.ts,Code call,typescript.call,removed,0,4,
src/hooks/hover-click-handlers/useNearestPointClick.ts,src/helpers/getDistanceMeters.ts,Code call,typescript.call,removed,0,1,
src/hooks/hover-click-handlers/usePathPointHandlerClick.ts,src/helpers/getDistanceMeters.ts,Code call,typescript.call,removed,0,1,
src/hooks/hover-click-handlers/usePlanClick.ts,src/helpers/ArcGISHelpers/createPlanBoundingBoxGraphic.ts,Code call,typescript.call,removed,0,2,
src/hooks/hover-click-handlers/usePlanHover.ts,src/helpers/ArcGISHelpers/createPlanBoundingBoxGraphic.ts,Code call,typescript.call,removed,0,2,
src/hooks/hover-click-handlers/usePlanStarGraphic.ts,src/helpers/ArcGISHelpers/createPlanBoundingBoxGraphic.ts,Code call,typescript.call,removed,0,2,
src/hooks/hover-click-handlers/usePointHover.ts,src/helpers/ArcGISHelpers/createPin.ts,Code call,typescript.call,removed,0,1,
src/hooks/hover-click-handlers/usePointListMapActions.ts,src/helpers/ArcGISHelpers/createPointMapGraphics.ts,Code call,typescript.call,removed,0,4,
src/hooks/useGetFlightTimesDistance.ts,src/helpers/haversine.ts,Code call,typescript.call,removed,0,1,
src/hooks/useMapInitialization.ts,src/helpers/ArcGISHelpers/createMapView.ts,Code call,typescript.call,removed,0,1,
src/Components/HomePage/Body/Bottom/ClickedPointFunctions.tsx,src/hooks/useContent.ts,Code call,typescript.call,recurring,1,1,
src/Components/HomePage/Body/Bottom/ClickedPointFunctions.tsx,src/hooks/useLogAction.ts,Code call,typescript.call,recurring,1,1,
src/Components/HomePage/Body/Bottom/ClickedTableFunctions/PlansList.tsx,src/hooks/bottom/useBottomCompactListView.ts,Code call,typescript.call,new,1,,
src/Components/HomePage/Body/Bottom/ClickedTableFunctions/PlansList.tsx,src/hooks/useContent.ts,Code call,typescript.call,recurring,1,1,
src/Components/HomePage/Body/Bottom/ClickedTableFunctions/PointsList.tsx,src/hooks/useContent.ts,Code call,typescript.call,recurring,1,1,
src/Components/HomePage/Body/Bottom/ClickedTableFunctions/usePointsListActions.ts,src/hooks/bottom/useBottomCompactListView.ts,Code call,typescript.call,new,1,,
src/Components/HomePage/Body/Bottom/ClickedTableFunctions/usePointsListActions.ts,src/hooks/useLogAction.ts,Code call,typescript.call,new,1,,
src/Components/HomePage/Body/Bottom/PlansView/Details/index.tsx,src/hooks/useContent.ts,Code call,typescript.call,recurring,1,1,
src/Components/HomePage/Body/Bottom/PlansView/Details/index.tsx,src/hooks/useGetFlightTimesDistance.ts,Code call,typescript.call,new,1,,
src/Components/HomePage/Body/Bottom/PointsView/FlightPlansTable/index.tsx,src/hooks/hover-click-handlers/useHoverFlightPlanFromOriginalMap.ts,Code call,typescript.call,new,1,,
src/Components/HomePage/Body/Bottom/PointsView/FlightPlansTable/useSyncFlightPlanTimes.ts,src/hooks/useGetFlightTimesDistance.ts,Code call,typescript.call,new,1,,
src/Components/HomePage/Body/Bottom/PointsView/GeometriesTable/index.tsx,src/hooks/consts/useConstSelectOptions.ts,Code call,typescript.call,new,2,,
src/Components/HomePage/Body/Bottom/PointsView/GeometriesTable/index.tsx,src/hooks/hover-click-handlers/useGeometryListMapActions.ts,Code call,typescript.call,recurring,1,1,
src/Components/HomePage/Body/Bottom/PointsView/PointsTable/index.tsx,src/hooks/consts/useConstSelectOptions.ts,Code call,typescript.call,new,2,,
src/Components/HomePage/Body/Bottom/PointsView/PointsTable/index.tsx,src/hooks/hover-click-handlers/usePointListMapActions.ts,Code call,typescript.call,recurring,1,1,
src/Components/HomePage/Body/Common/CancelModal.tsx,src/hooks/useContent.ts,Code call,typescript.call,recurring,1,1,
src/Components/HomePage/Body/Common/CancelModal.tsx,src/hooks/useLogAction.ts,Code call,typescript.call,recurring,1,1,
src/Components/HomePage/Body/Common/ChevronButton.tsx,src/hooks/useLogAction.ts,Code call,typescript.call,recurring,1,1,
src/Components/HomePage/Body/Common/FeatureLayerPopup/index.tsx,src/hooks/hover-click-handlers/useFeatureLayerPopupCore.ts,Code call,typescript.call,new,1,,
src/Components/HomePage/Body/Common/PopupModal/Header.tsx,src/hooks/popUpModal/useHandleClosePopUp.ts,Code call,typescript.call,recurring,1,1,
src/Components/HomePage/Body/Common/PopupModal/index.tsx,src/hooks/popUpModal/usePopupController.ts,Code call,typescript.call,recurring,1,1,
src/Components/HomePage/Body/Common/PopupModal/index.tsx,src/hooks/useContent.ts,Code call,typescript.call,recurring,1,1,
src/Components/HomePage/Body/Common/PopupModal/index.tsx,src/hooks/useLogAction.ts,Code call,typescript.call,recurring,1,1,
src/Components/HomePage/Body/Common/ResizableSidebarPanel.tsx,src/hooks/layout/useResizableSidebarCore.ts,Code call,typescript.call,new,1,,
src/Components/HomePage/Body/Common/ViewPlan/PointsSelectionHeader.tsx,src/hooks/useContent.ts,Code call,typescript.call,recurring,1,1,
src/Components/HomePage/Body/Common/ViewPlan/PointsSelectionList.tsx,src/hooks/hover-click-handlers/usePointHover.ts,Code call,typescript.call,recurring,1,1,
src/Components/HomePage/Body/Common/ViewPlan/PointsSelectionList.tsx,src/hooks/viewPlan/useMapPointSelectionClickCore.ts,Code call,typescript.call,new,2,,
src/Components/HomePage/Body/Common/ViewPlan/PointsSelectionList.tsx,src/hooks/viewPlan/useSortedPointSelection.ts,Code call,typescript.call,recurring,1,1,
src/Components/HomePage/Body/Common/useNotLoggedInBanner.ts,src/hooks/useContent.ts,Code call,typescript.call,new,1,,
src/Components/HomePage/Body/Left/Common/AandachtspuntDetailsFields.tsx,src/hooks/consts/useConstSelectOptions.ts,Code call,typescript.call,new,2,,
src/Components/HomePage/Body/Left/Common/AandachtspuntDetailsFields.tsx,src/hooks/useContent.ts,Code call,typescript.call,recurring,1,1,
src/Components/HomePage/Body/Left/Common/BottomTabs/BottomTabButton.tsx,src/hooks/useLogAction.ts,Code call,typescript.call,new,1,,
src/Components/HomePage/Body/Left/Common/BottomTabs/EditPointTabs.tsx,src/hooks/useContent.ts,Code call,typescript.call,recurring,1,1,
src/Components/HomePage/Body/Left/Common/BottomTabs/ResultTab.tsx,src/hooks/useLogAction.ts,Code call,typescript.call,recurring,1,1,
src/Components/HomePage/Body/Left/Common/BottomTabs/SelectedTab.tsx,src/hooks/useContent.ts,Code call,typescript.call,recurring,1,1,
src/Components/HomePage/Body/Left/Common/BottomTabs/SelectedTab.tsx,src/hooks/useLogAction.ts,Code call,typescript.call,recurring,1,1,
src/Components/HomePage/Body/Left/Common/FiltersSection/FiltersSectionActions.tsx,src/hooks/features/useResetPointFilters.ts,Code call,typescript.call,new,1,,
src/Components/HomePage/Body/Left/Common/FiltersSection/FiltersSectionActions.tsx,src/hooks/useContent.ts,Code call,typescript.call,new,1,,
src/Components/HomePage/Body/Left/Common/FiltersSection/FiltersSectionCoreFields.tsx,src/hooks/consts/useConstSelectOptions.ts,Code call,typescript.call,new,3,,
src/Components/HomePage/Body/Left/Common/FiltersSection/FiltersSectionCoreFields.tsx,src/hooks/useContent.ts,Code call,typescript.call,new,1,,
src/Components/HomePage/Body/Left/Common/FiltersSection/FiltersSectionFields.tsx,src/hooks/useContent.ts,Code call,typescript.call,new,1,,
src/Components/HomePage/Body/Left/Common/FiltersSection/index.tsx,src/hooks/useContent.ts,Code call,typescript.call,recurring,1,1,
src/Components/HomePage/Body/Left/Common/FlightPlanFilterPanel.tsx,src/hooks/filters/useFilterPlans.ts,Code call,typescript.call,new,1,,
src/Components/HomePage/Body/Left/Common/FlightPlanFilterPanel.tsx,src/hooks/useContent.ts,Code call,typescript.call,new,1,,
src/Components/HomePage/Body/Left/Common/KaartLegend/LayersList/Common/LayerItem.tsx,src/hooks/useLogAction.ts,Code call,typescript.call,recurring,1,1,
src/Components/HomePage/Body/Left/Common/KaartLegend/LayersList/Common/ParentItemCheckbox.tsx,src/hooks/useLogAction.ts,Code call,typescript.call,new,1,,
src/Components/HomePage/Body/Left/Common/KaartLegend/LayersList/Common/ParentItemToggle.tsx,src/hooks/useLogAction.ts,Code call,typescript.call,new,1,,
src/Components/HomePage/Body/Left/Common/PeriodFilterPanel.tsx,src/hooks/filters/useFilterPlans.ts,Code call,typescript.call,recurring,1,1,
src/Components/HomePage/Body/Left/Common/PeriodFilterPanel.tsx,src/hooks/useContent.ts,Code call,typescript.call,recurring,1,1,
src/Components/HomePage/Body/Left/Common/PointGeometryFilterPanel.tsx,src/hooks/consts/useConstSelectOptions.ts,Code call,typescript.call,new,1,,
src/Components/HomePage/Body/Left/Common/PointGeometryFilterPanel.tsx,src/hooks/filters/useFilterGeometries.ts,Code call,typescript.call,new,1,,
src/Components/HomePage/Body/Left/Common/PointGeometryFilterPanel.tsx,src/hooks/filters/useFilterPoints.ts,Code call,typescript.call,new,1,,
src/Components/HomePage/Body/Left/Common/PointItemCheckBox.tsx,src/hooks/consts/useConstSelectOptions.ts,Code call,typescript.call,new,2,,
src/Components/HomePage/Body/Left/Common/ResultTab/ListPointsFunctions/index.tsx,src/hooks/useContent.ts,Code call,typescript.call,recurring,1,1,
src/Components/HomePage/Body/Left/Common/ResultTab/ListPointsFunctions/index.tsx,src/hooks/useLogAction.ts,Code call,typescript.call,recurring,1,1,
src/Components/HomePage/Body/Left/Common/ResultTab/PointDetails.tsx,src/hooks/useLogAction.ts,Code call,typescript.call,recurring,1,1,
src/Components/HomePage/Body/Left/Common/ResultTab/PointsListEdit.tsx,src/hooks/useContent.ts,Code call,typescript.call,recurring,1,1,
src/Components/HomePage/Body/Left/Common/ResultTab/ResultTabPointsListFrame.tsx,src/hooks/resultTab/useResultTabMoreMenuCore.ts,Code call,typescript.call,new,1,,
src/Components/HomePage/Body/Left/Common/ResultTab/ResultTabPointsListFrame.tsx,src/hooks/resultTab/useResultTabStarredPointActionsCore.ts,Code call,typescript.call,new,1,,
src/Components/HomePage/Body/Left/Common/ResultTab/ResultTabPointsListFrame.tsx,src/hooks/resultTab/useResultTabTableViewCore.ts,Code call,typescript.call,new,1,,
src/Components/HomePage/Body/Left/Common/ResultTab/usePointListBufferActions.ts,src/hooks/useLogAction.ts,Code call,typescript.call,new,1,,
src/Components/HomePage/Body/Left/Common/SearchedResultsTab/FlightPlans/FlightPlanDetails/Details.tsx,src/hooks/useGetFlightTimesDistance.ts,Code call,typescript.call,recurring,1,1,
src/Components/HomePage/Body/Left/Common/SearchedResultsTab/FlightPlans/FlightPlanDetails/DropDown.tsx,src/hooks/useContent.ts,Code call,typescript.call,recurring,1,1,
src/Components/HomePage/Body/Left/Common/SearchedResultsTab/FlightPlans/FlightPlansList/ClickedPlan.tsx,src/hooks/useContent.ts,Code call,typescript.call,recurring,1,1,
src/Components/HomePage/Body/Left/Common/SearchedResultsTab/FlightPlans/FlightPlansList/ClickedPlan.tsx,src/hooks/useLogAction.ts,Code call,typescript.call,recurring,1,1,
src/Components/HomePage/Body/Left/Common/SearchedResultsTab/FlightPlans/FlightPlansList/List.tsx,src/hooks/hover-click-handlers/clearHoveredFlightPlanFromOriginalMap.ts,Code call,typescript.call,new,1,,
src/Components/HomePage/Body/Left/Common/SearchedResultsTab/FlightPlans/FlightPlansList/List.tsx,src/hooks/hover-click-handlers/useHoverFlightPlanFromOriginalMap.ts,Code call,typescript.call,new,1,,
src/Components/HomePage/Body/Left/Common/SearchedResultsTab/FlightPlans/FlightPlansList/List.tsx,src/hooks/useLogAction.ts,Code call,typescript.call,recurring,1,1,
src/Components/HomePage/Body/Left/Common/SearchedResultsTab/Functions/AddPoint/Step2/Buttons.tsx,src/hooks/wizard/useWizardButtons.ts,Code call,typescript.call,new,1,,
src/Components/HomePage/Body/Left/Common/SearchedResultsTab/Functions/GroupFunctions.tsx,src/hooks/useContent.ts,Code call,typescript.call,recurring,1,1,
src/Components/HomePage/Body/Left/Common/SearchedResultsTab/Functions/GroupFunctions.tsx,src/hooks/useLogAction.ts,Code call,typescript.call,recurring,1,2,
src/Components/HomePage/Body/Left/Common/SearchedResultsTab/Functions/GroupFunctionsButtonItem.tsx,src/hooks/useLogAction.ts,Code call,typescript.call,new,1,,
src/Components/HomePage/Body/Left/Common/SearchedResultsTab/Functions/ListPointsFunctions/index.tsx,src/hooks/useContent.ts,Code call,typescript.call,recurring,1,1,
src/Components/HomePage/Body/Left/Common/SearchedResultsTab/Points/PointsRowActionLinks.tsx,src/hooks/useContent.ts,Code call,typescript.call,new,1,,
src/Components/HomePage/Body/Left/Common/SearchedResultsTab/Points/index.tsx,src/hooks/hover-click-handlers/usePointListMapActions.ts,Code call,typescript.call,recurring,1,1,
src/Components/HomePage/Body/Left/Common/SearchedResultsTab/SearchedResults.tsx,src/hooks/useLogAction.ts,Code call,typescript.call,recurring,1,1,
src/Components/HomePage/Body/Left/Common/SearchedResultsTab/shared/useSearchedResultsDropdownChrome.ts,src/hooks/useContent.ts,Code call,typescript.call,new,1,,
src/Components/HomePage/Body/Left/Common/TabHeader/useTabHeaderModel.ts,src/hooks/features/useResetFeatures.ts,Code call,typescript.call,new,1,,
src/Components/HomePage/Body/Left/Common/TabHeader/useTabHeaderModel.ts,src/hooks/features/useResetPointFilters.ts,Code call,typescript.call,new,1,,
src/Components/HomePage/Body/Left/Common/TabHeader/useTabHeaderModel.ts,src/hooks/useContent.ts,Code call,typescript.call,new,1,,
src/Components/HomePage/Body/Left/Common/WizardHerhalenSelectButtons.tsx,src/hooks/useContent.ts,Code call,typescript.call,new,1,,
src/Components/HomePage/Body/Left/Common/WizardPointsList.tsx,src/hooks/hover-click-handlers/useDrawYellowMarkers.ts,Code call,typescript.call,new,1,,
src/Components/HomePage/Body/Left/Common/WizardPointsList.tsx,src/hooks/hover-click-handlers/useNearestPointClickCore.ts,Code call,typescript.call,new,1,,
src/Components/HomePage/Body/Left/Common/WizardPointsList.tsx,src/hooks/hover-click-handlers/usePointHover.ts,Code call,typescript.call,new,1,,
src/Components/HomePage/Body/Left/Common/WizardPointsList.tsx,src/hooks/points/sortPointsWithSelectionOrderCore.ts,Code call,typescript.call,new,1,,
src/Components/HomePage/Body/Left/Common/WizardPointsList.tsx,src/hooks/useLogAction.ts,Code call,typescript.call,new,1,,
src/Components/HomePage/Body/Left/Common/WizardPointsList.tsx,src/hooks/viewPlan/useMapPointSelectionClickCore.ts,Code call,typescript.call,new,1,,
src/Components/HomePage/Body/Left/Nabewerking/ChangeFlightPlanStatus/Buttons.tsx,src/hooks/wizard/useWizardButtons.ts,Code call,typescript.call,new,1,,
src/Components/HomePage/Body/Left/Nabewerking/ChangeFlightPlanStatus/ConfirmModal.tsx,src/hooks/useContent.ts,Code call,typescript.call,recurring,1,1,
src/Components/HomePage/Body/Left/Nabewerking/ChangeFlightPlanStatus/ConfirmModal.tsx,src/hooks/useLogAction.ts,Code call,typescript.call,recurring,1,1,
src/Components/HomePage/Body/Left/Nabewerking/ChangeFlightPlanStatus/FlightPlan.tsx,src/hooks/hover-click-handlers/usePlanClick.ts,Code call,typescript.call,recurring,1,1,
src/Components/HomePage/Body/Left/Nabewerking/ChangeFlightPlanStatus/FlightPlan.tsx,src/hooks/hover-click-handlers/usePlanHover.ts,Code call,typescript.call,recurring,1,1,
src/Components/HomePage/Body/Left/Nabewerking/ChangeFlightPlanStatus/FlightPlan.tsx,src/hooks/useLogAction.ts,Code call,typescript.call,recurring,1,1,
src/Components/HomePage/Body/Left/Nabewerking/ChangeFlightPlanStatus/index.tsx,src/hooks/useContent.ts,Code call,typescript.call,recurring,1,1,
src/Components/HomePage/Body/Left/Nabewerking/ChangeFlightPlanStatus/useChangeFlightPlanStatusFilter.ts,src/hooks/filters/useFilterPlans.ts,Code call,typescript.call,new,1,,
src/Components/HomePage/Body/Left/Nabewerking/CreateReport/Steps/Step1/Buttons.tsx,src/hooks/features/useResetFeatures.ts,Code call,typescript.call,recurring,1,1,
src/Components/HomePage/Body/Left/Nabewerking/CreateReport/Steps/Step1/Buttons.tsx,src/hooks/handleCancel/useHandleCancel.ts,Code call,typescript.call,recurring,1,1,
src/Components/HomePage/Body/Left/Nabewerking/CreateReport/Steps/Step1/Buttons.tsx,src/hooks/wizard/useWizardButtons.ts,Code call,typescript.call,new,1,,
src/Components/HomePage/Body/Left/Nabewerking/CreateReport/Steps/Step1/SinglePlan.tsx,src/hooks/hover-click-handlers/useFinishedPlanMapHighlight.ts,Code call,typescript.call,recurring,1,1,
src/Components/HomePage/Body/Left/Nabewerking/CreateReport/Steps/Step1/createReportPlanClickLogData.ts,src/hooks/flightPlan/pickFlightPlanPersistenceFields.ts,Code call,typescript.call,new,1,,
src/Components/HomePage/Body/Left/Nabewerking/CreateReport/Steps/Step1/index.tsx,src/hooks/useContent.ts,Code call,typescript.call,recurring,1,1,
src/Components/HomePage/Body/Left/Nabewerking/CreateReport/Steps/Step1/useCreateReportPlanClick.ts,src/hooks/hover-click-handlers/useFinishedPlanMapHighlight.ts,Code call,typescript.call,new,1,,
src/Components/HomePage/Body/Left/Nabewerking/CreateReport/Steps/Step1/useCreateReportPlanClick.ts,src/hooks/useLogAction.ts,Code call,typescript.call,new,1,,
src/Components/HomePage/Body/Left/Nabewerking/CreateReport/Steps/Step2/Geometries.tsx,src/hooks/hover-click-handlers/useGeometryListHover.ts,Code call,typescript.call,new,1,,
src/Components/HomePage/Body/Left/Nabewerking/CreateReport/Steps/Step2/hooks/useRenderGeometries.ts,src/hooks/useLogAction.ts,Code call,typescript.call,recurring,1,1,
src/Components/HomePage/Body/Left/Nabewerking/CreateReport/Steps/Step2/hooks/useRenderPoints.ts,src/hooks/useLogAction.ts,Code call,typescript.call,recurring,1,1,
src/Components/HomePage/Body/Left/Nabewerking/CreateReport/Steps/Step2/index.tsx,src/hooks/filters/filterPlanPoints.ts,Code call,typescript.call,new,1,,
src/Components/HomePage/Body/Left/Nabewerking/CreateReport/Steps/Step2/index.tsx,src/hooks/hover-click-handlers/useDrawYellowMarkers.ts,Code call,typescript.call,recurring,1,1,
src/Components/HomePage/Body/Left/Nabewerking/CreateReport/Steps/Step2/useStep2ButtonsModel.ts,src/hooks/features/useResetFeatures.ts,Code call,typescript.call,new,1,,
src/Components/HomePage/Body/Left/Nabewerking/CreateReport/Steps/Step2/useStep2ButtonsModel.ts,src/hooks/handleCancel/useHandleCancel.ts,Code call,typescript.call,new,1,,
src/Components/HomePage/Body/Left/Nabewerking/CreateReport/Steps/Step2/useStep2ButtonsModel.ts,src/hooks/wizard/useWizardButtons.ts,Code call,typescript.call,new,1,,
src/Components/HomePage/Body/Left/Nabewerking/CreateReport/Steps/Step2/useStep2ReportActions.ts,src/hooks/consts/useConstSelectOptions.ts,Code call,typescript.call,new,2,,
src/Components/HomePage/Body/Left/Nabewerking/CreateReport/Steps/Step3/components/LoadingPhase.tsx,src/hooks/useContent.ts,Code call,typescript.call,recurring,1,1,
src/Components/HomePage/Body/Left/Nabewerking/CreateReport/Steps/Step3/components/SuccessPhase.tsx,src/hooks/useContent.ts,Code call,typescript.call,recurring,1,1,
src/Components/HomePage/Body/Left/Nabewerking/CreateReport/Steps/Step3/components/SuccessPhase.tsx,src/hooks/useLogAction.ts,Code call,typescript.call,recurring,1,1,
src/Components/HomePage/Body/Left/Nabewerking/CreateReport/Steps/Step3/hooks/useCopyLink.ts,src/hooks/useContent.ts,Code call,typescript.call,recurring,1,1,
src/Components/HomePage/Body/Left/Nabewerking/CreateReport/Steps/Step3/hooks/useCopyLink.ts,src/hooks/useLogAction.ts,Code call,typescript.call,recurring,1,1,
src/Components/HomePage/Body/Left/Nabewerking/CreateReport/Steps/Step3/hooks/useDirectDownload.ts,src/hooks/useContent.ts,Code call,typescript.call,recurring,1,1,
src/Components/HomePage/Body/Left/Nabewerking/CreateReport/Steps/Step3/hooks/useUploadZip.ts,src/hooks/useContent.ts,Code call,typescript.call,recurring,1,1,
src/Components/HomePage/Body/Left/Nabewerking/CreateReport/helpers/useHandleStep2/index.ts,src/hooks/consts/useConstSelectOptions.ts,Code call,typescript.call,new,1,,
src/Components/HomePage/Body/Left/Nabewerking/CreateReport/hooks/useCreateReportFilterAndSortPlans.ts,src/hooks/filters/useFilteredSortedPlansCore.ts,Code call,typescript.call,new,1,,
src/Components/HomePage/Body/Left/Nabewerking/VluchtenZoeken/Steps/Step1/Content/Buttons.tsx,src/hooks/wizard/useWizardButtons.ts,Code call,typescript.call,new,1,,
src/Components/HomePage/Body/Left/Nabewerking/VluchtenZoeken/Steps/Step1/Content/SinglePlan.tsx,src/hooks/hover-click-handlers/useFinishedPlanMapHighlight.ts,Code call,typescript.call,recurring,1,1,
src/Components/HomePage/Body/Left/Nabewerking/VluchtenZoeken/Steps/Step1/Content/SinglePlan.tsx,src/hooks/useLogAction.ts,Code call,typescript.call,recurring,1,1,
src/Components/HomePage/Body/Left/Nabewerking/VluchtenZoeken/Steps/Step2/Actions/EditFlight/Buttons.tsx,src/hooks/flightPlan/buildFlightPlanPayloadFields.ts,Code call,typescript.call,new,1,,
src/Components/HomePage/Body/Left/Nabewerking/VluchtenZoeken/Steps/Step2/Actions/EditFlight/Buttons.tsx,src/hooks/flightPlan/pickFlightPlanPersistenceFields.ts,Code call,typescript.call,new,2,,
src/Components/HomePage/Body/Left/Nabewerking/VluchtenZoeken/Steps/Step2/Actions/EditFlight/Buttons.tsx,src/hooks/wizard/useWizardButtons.ts,Code call,typescript.call,recurring,1,1,
src/Components/HomePage/Body/Left/Nabewerking/VluchtenZoeken/Steps/Step2/Actions/EditFlight/Buttons.tsx,src/hooks/zustand/shared/flightPlanFormValues.ts,Code call,typescript.call,new,1,,
src/Components/HomePage/Body/Left/Nabewerking/VluchtenZoeken/Steps/Step2/Actions/EditFlight/FormElements.tsx,src/hooks/flightPlan/flightPlanFormLabelsCore.ts,Code call,typescript.call,new,1,,
src/Components/HomePage/Body/Left/Nabewerking/VluchtenZoeken/Steps/Step2/Actions/EditFlight/FormElements.tsx,src/hooks/flightPlan/useFlightPlanFormSelectOptions.ts,Code call,typescript.call,new,1,,
src/Components/HomePage/Body/Left/Nabewerking/VluchtenZoeken/Steps/Step2/Actions/EditFlight/FormElements.tsx,src/hooks/flightPlan/usePopulateFlightPlanFormEffect.ts,Code call,typescript.call,recurring,1,1,
src/Components/HomePage/Body/Left/Nabewerking/VluchtenZoeken/Steps/Step2/Actions/EditFlight/FormElements.tsx,src/hooks/useContent.ts,Code call,typescript.call,recurring,1,1,
src/Components/HomePage/Body/Left/Nabewerking/VluchtenZoeken/Steps/Step2/Actions/EditFlight/FormElements.tsx,src/hooks/useGetFlightTimesDistance.ts,Code call,typescript.call,recurring,1,1,
src/Components/HomePage/Body/Left/Nabewerking/VluchtenZoeken/Steps/Step2/Actions/NoneAction.tsx,src/hooks/useContent.ts,Code call,typescript.call,recurring,1,1,
src/Components/HomePage/Body/Left/Nabewerking/VluchtenZoeken/Steps/Step2/Actions/VliegrouteExporteren/index.tsx,src/hooks/useContent.ts,Code call,typescript.call,recurring,1,1,
src/Components/HomePage/Body/Left/Nabewerking/VluchtenZoeken/Steps/Step2/Actions/VliegrouteExporteren/index.tsx,src/hooks/useLogAction.ts,Code call,typescript.call,recurring,1,1,
src/Components/HomePage/Body/Left/Nabewerking/VluchtenZoeken/Steps/Step2/Actions/Waarnemingen/EditGeometryDetails/Actions/Buttons.tsx,src/hooks/useContent.ts,Code call,typescript.call,recurring,1,1,
src/Components/HomePage/Body/Left/Nabewerking/VluchtenZoeken/Steps/Step2/Actions/Waarnemingen/EditGeometryDetails/Actions/Buttons.tsx,src/hooks/wizard/useWizardButtons.ts,Code call,typescript.call,new,1,,
src/Components/HomePage/Body/Left/Nabewerking/VluchtenZoeken/Steps/Step2/Actions/Waarnemingen/EditGeometryDetails/Actions/Form/index.tsx,src/hooks/features/useResetFeatures.ts,Code call,typescript.call,recurring,1,1,
src/Components/HomePage/Body/Left/Nabewerking/VluchtenZoeken/Steps/Step2/Actions/Waarnemingen/EditGeometryDetails/Actions/Form/index.tsx,src/hooks/useContent.ts,Code call,typescript.call,recurring,1,1,
src/Components/HomePage/Body/Left/Nabewerking/VluchtenZoeken/Steps/Step2/Actions/Waarnemingen/EditGeometryDetails/Actions/Form/index.tsx,src/hooks/useLogAction.ts,Code call,typescript.call,recurring,1,1,
src/Components/HomePage/Body/Left/Nabewerking/VluchtenZoeken/Steps/Step2/Actions/Waarnemingen/EditPointDetails/Actions/ChangePoint/Buttons.tsx,src/hooks/useContent.ts,Code call,typescript.call,recurring,1,1,
src/Components/HomePage/Body/Left/Nabewerking/VluchtenZoeken/Steps/Step2/Actions/Waarnemingen/EditPointDetails/Actions/ChangePoint/Buttons.tsx,src/hooks/wizard/useWizardButtons.ts,Code call,typescript.call,new,1,,
src/Components/HomePage/Body/Left/Nabewerking/VluchtenZoeken/Steps/Step2/Actions/Waarnemingen/EditPointDetails/Actions/ChangePoint/SinglePoints.tsx,src/hooks/hover-click-handlers/usePointClick.ts,Code call,typescript.call,recurring,1,1,
src/Components/HomePage/Body/Left/Nabewerking/VluchtenZoeken/Steps/Step2/Actions/Waarnemingen/EditPointDetails/Actions/ChangePoint/SinglePoints.tsx,src/hooks/hover-click-handlers/usePointHover.ts,Code call,typescript.call,recurring,1,1,
src/Components/HomePage/Body/Left/Nabewerking/VluchtenZoeken/Steps/Step2/Actions/Waarnemingen/EditPointDetails/Actions/ChangePoint/SinglePoints.tsx,src/hooks/useLogAction.ts,Code call,typescript.call,recurring,1,1,
src/Components/HomePage/Body/Left/Nabewerking/VluchtenZoeken/Steps/Step2/Actions/Waarnemingen/EditPointDetails/Actions/ChangePoint/index.tsx,src/hooks/features/useResetFeatures.ts,Code call,typescript.call,recurring,1,1,
src/Components/HomePage/Body/Left/Nabewerking/VluchtenZoeken/Steps/Step2/Actions/Waarnemingen/EditPointDetails/Actions/ChangePoint/index.tsx,src/hooks/useLogAction.ts,Code call,typescript.call,recurring,1,1,
src/Components/HomePage/Body/Left/Nabewerking/VluchtenZoeken/Steps/Step2/Actions/Waarnemingen/EditPointDetails/Actions/DeletePoint/index.tsx,src/hooks/useContent.ts,Code call,typescript.call,recurring,1,1,
src/Components/HomePage/Body/Left/Nabewerking/VluchtenZoeken/Steps/Step2/Actions/Waarnemingen/EditPointDetails/Actions/DeletePoint/index.tsx,src/hooks/useLogAction.ts,Code call,typescript.call,recurring,1,1,
src/Components/HomePage/Body/Left/Nabewerking/VluchtenZoeken/Steps/Step2/Actions/Waarnemingen/EditPointDetails/Actions/EditPointCoordinates/EditPointCoordinatesButtons.tsx,src/hooks/useLogAction.ts,Code call,typescript.call,new,1,,
src/Components/HomePage/Body/Left/Nabewerking/VluchtenZoeken/Steps/Step2/Actions/Waarnemingen/EditPointDetails/Actions/EditPointCoordinates/index.tsx,src/hooks/useContent.ts,Code call,typescript.call,recurring,1,1,
src/Components/HomePage/Body/Left/Nabewerking/VluchtenZoeken/Steps/Step2/Actions/Waarnemingen/EditPointDetails/Actions/EditPointCoordinates/useEditPointCoordinateSubmit.ts,src/hooks/useLogAction.ts,Code call,typescript.call,new,1,,
src/Components/HomePage/Body/Left/Nabewerking/VluchtenZoeken/Steps/Step2/Actions/Waarnemingen/EditPointDetails/Actions/EditPointCoordinates/useEditPointMapClick.ts,src/hooks/useLogAction.ts,Code call,typescript.call,new,1,,
src/Components/HomePage/Body/Left/Nabewerking/VluchtenZoeken/Steps/Step2/Actions/Waarnemingen/EditPointDetails/Actions/Form/Buttons.tsx,src/hooks/wizard/useWizardButtons.ts,Code call,typescript.call,new,1,,
src/Components/HomePage/Body/Left/Nabewerking/VluchtenZoeken/Steps/Step2/Actions/Waarnemingen/EditPointDetails/Actions/Form/index.tsx,src/hooks/features/useResetFeatures.ts,Code call,typescript.call,recurring,1,1,
src/Components/HomePage/Body/Left/Nabewerking/VluchtenZoeken/Steps/Step2/Actions/Waarnemingen/EditPointDetails/Actions/Form/index.tsx,src/hooks/useContent.ts,Code call,typescript.call,recurring,1,1,
src/Components/HomePage/Body/Left/Nabewerking/VluchtenZoeken/Steps/Step2/Actions/Waarnemingen/EditPointDetails/Actions/Form/index.tsx,src/hooks/useLogAction.ts,Code call,typescript.call,recurring,1,1,
src/Components/HomePage/Body/Left/Nabewerking/VluchtenZoeken/Steps/Step2/Actions/Waarnemingen/SingleGeometry.tsx,src/hooks/hover-click-handlers/useGeometryClick.ts,Code call,typescript.call,recurring,1,1,
src/Components/HomePage/Body/Left/Nabewerking/VluchtenZoeken/Steps/Step2/Actions/Waarnemingen/SingleGeometry.tsx,src/hooks/hover-click-handlers/useGeometryListHover.ts,Code call,typescript.call,new,1,,
src/Components/HomePage/Body/Left/Nabewerking/VluchtenZoeken/Steps/Step2/Actions/Waarnemingen/SingleGeometry.tsx,src/hooks/useLogAction.ts,Code call,typescript.call,recurring,1,1,
src/Components/HomePage/Body/Left/Nabewerking/VluchtenZoeken/Steps/Step2/Actions/Waarnemingen/SinglePoint.tsx,src/hooks/hover-click-handlers/usePointClick.ts,Code call,typescript.call,recurring,1,1,
src/Components/HomePage/Body/Left/Nabewerking/VluchtenZoeken/Steps/Step2/Actions/Waarnemingen/SinglePoint.tsx,src/hooks/hover-click-handlers/usePointHover.ts,Code call,typescript.call,recurring,1,1,
src/Components/HomePage/Body/Left/Nabewerking/VluchtenZoeken/Steps/Step2/Actions/Waarnemingen/SinglePoint.tsx,src/hooks/useLogAction.ts,Code call,typescript.call,recurring,1,1,
src/Components/HomePage/Body/Left/Nabewerking/VluchtenZoeken/Steps/Step2/Actions/Waarnemingen/WaarnemingenBrowsePanel.tsx,src/hooks/useContent.ts,Code call,typescript.call,new,1,,
src/Components/HomePage/Body/Left/Nabewerking/VluchtenZoeken/Steps/Step2/Actions/Waarnemingen/WaarnemingenButtons.tsx,src/hooks/useContent.ts,Code call,typescript.call,new,1,,
src/Components/HomePage/Body/Left/Nabewerking/VluchtenZoeken/Steps/Step2/Actions/Waarnemingen/common/Foto/CreateImageBtnView.tsx,src/hooks/useContent.ts,Code call,typescript.call,new,1,,
src/Components/HomePage/Body/Left/Nabewerking/VluchtenZoeken/Steps/Step2/Actions/Waarnemingen/common/Foto/FotoEmptyState.tsx,src/hooks/useContent.ts,Code call,typescript.call,recurring,1,1,
src/Components/HomePage/Body/Left/Nabewerking/VluchtenZoeken/Steps/Step2/Actions/Waarnemingen/common/Foto/useFotoPanelModel.ts,src/hooks/useContent.ts,Code call,typescript.call,new,1,,
src/Components/HomePage/Body/Left/Nabewerking/VluchtenZoeken/Steps/Step2/Actions/Waarnemingen/common/ObservationDetailFields.tsx,src/hooks/useContent.ts,Code call,typescript.call,new,1,,
src/Components/HomePage/Body/Left/Nabewerking/VluchtenZoeken/Steps/Step2/Actions/Waarnemingen/useWaarnemingenButtonHandlers.ts,src/hooks/useLogAction.ts,Code call,typescript.call,new,1,,
src/Components/HomePage/Body/Left/Nabewerking/VluchtenZoeken/Steps/Step2/Buttons.tsx,src/hooks/features/useResetFeatures.ts,Code call,typescript.call,recurring,1,1,
src/Components/HomePage/Body/Left/Nabewerking/VluchtenZoeken/Steps/Step2/Buttons.tsx,src/hooks/handleCancel/useHandleClearFinishedPlan.ts,Code call,typescript.call,recurring,1,1,
src/Components/HomePage/Body/Left/Nabewerking/VluchtenZoeken/Steps/Step2/Buttons.tsx,src/hooks/wizard/useWizardButtons.ts,Code call,typescript.call,new,1,,
src/Components/HomePage/Body/Left/Nabewerking/VluchtenZoeken/Steps/Step2/index.tsx,src/hooks/hover-click-handlers/useDrawPathCore.ts,Code call,typescript.call,new,1,,
src/Components/HomePage/Body/Left/Nabewerking/VluchtenZoeken/Steps/Step2/index.tsx,src/hooks/useContent.ts,Code call,typescript.call,recurring,1,1,
src/Components/HomePage/Body/Left/Nabewerking/VluchtenZoeken/hooks/useFilterAndSortPlans.ts,src/hooks/filters/useFilteredSortedPlansCore.ts,Code call,typescript.call,new,1,,
src/Components/HomePage/Body/Left/Nabewerking/VluchtenZoeken/hooks/useFilterPlanPoints.ts,src/hooks/filters/filterPlanPoints.ts,Code call,typescript.call,new,1,,
src/Components/HomePage/Body/Left/Tools/AandachtspuntenVerwijderen/Actions/AddToPlan/Step1.tsx,src/hooks/useContent.ts,Code call,typescript.call,recurring,1,1,
src/Components/HomePage/Body/Left/Tools/AandachtspuntenVerwijderen/Actions/AddToPlan/Step1.tsx,src/hooks/useLogAction.ts,Code call,typescript.call,recurring,1,1,
src/Components/HomePage/Body/Left/Tools/AandachtspuntenVerwijderen/Actions/AddToPlan/StepNo/Buttons.tsx,src/hooks/wizard/useWizardButtons.ts,Code call,typescript.call,new,1,,
src/Components/HomePage/Body/Left/Tools/AandachtspuntenVerwijderen/Actions/AddToPlan/StepNo/Step2.tsx,src/hooks/useContent.ts,Code call,typescript.call,recurring,1,1,
src/Components/HomePage/Body/Left/Tools/AandachtspuntenVerwijderen/Actions/AddToPlan/StepNo/Step2.tsx,src/hooks/useLogAction.ts,Code call,typescript.call,recurring,1,1,
src/Components/HomePage/Body/Left/Tools/AandachtspuntenVerwijderen/Actions/AddToPlan/StepNo/index.tsx,src/hooks/useContent.ts,Code call,typescript.call,recurring,1,1,
src/Components/HomePage/Body/Left/Tools/AandachtspuntenVerwijderen/Actions/DeletePoint/index.tsx,src/hooks/useContent.ts,Code call,typescript.call,recurring,1,1,
src/Components/HomePage/Body/Left/Tools/AandachtspuntenVerwijderen/Actions/DeletePoint/index.tsx,src/hooks/useLogAction.ts,Code call,typescript.call,recurring,1,1,
src/Components/HomePage/Body/Left/Tools/AandachtspuntenVerwijderen/Actions/EditPointDetails/Steps/Step1/Buttons.tsx,src/hooks/wizard/useWizardButtons.ts,Code call,typescript.call,new,1,,
src/Components/HomePage/Body/Left/Tools/AandachtspuntenVerwijderen/Actions/EditPointDetails/Steps/Step1/Loading.tsx,src/hooks/useContent.ts,Code call,typescript.call,recurring,1,1,
src/Components/HomePage/Body/Left/Tools/AandachtspuntenVerwijderen/Actions/EditPointDetails/Steps/Step1/useDeletePointStep1FormModel.ts,src/hooks/useContent.ts,Code call,typescript.call,new,1,,
src/Components/HomePage/Body/Left/Tools/AandachtspuntenVerwijderen/Actions/EditPointDetails/Steps/Step2/Step2Sub2.tsx,src/hooks/editPoint/useCoordinateSystemSync.ts,Code call,typescript.call,recurring,1,1,
src/Components/HomePage/Body/Left/Tools/AandachtspuntenVerwijderen/Actions/EditPointDetails/Steps/Step2/Step2Sub2.tsx,src/hooks/useContent.ts,Code call,typescript.call,recurring,1,1,
src/Components/HomePage/Body/Left/Tools/AandachtspuntenVerwijderen/Actions/EditPointDetails/Steps/Step2/Step2Sub2.tsx,src/hooks/useLogAction.ts,Code call,typescript.call,recurring,1,1,
src/Components/HomePage/Body/Left/Tools/AandachtspuntenVerwijderen/Actions/EditPointDetails/Steps/Step2/applyDeletePointCoordinatePatchCore.ts,src/hooks/zustand/tools/deletePointFormFields.ts,Code call,typescript.call,new,1,,
src/Components/HomePage/Body/Left/Tools/AandachtspuntenVerwijderen/Actions/EditPointDetails/Steps/Step2/index.tsx,src/hooks/useLogAction.ts,Code call,typescript.call,recurring,1,1,
src/Components/HomePage/Body/Left/Tools/AandachtspuntenVerwijderen/Actions/EditPointDetails/Steps/Step2/useDeletePointStep2Sub1Wire.ts,src/hooks/useContent.ts,Code call,typescript.call,new,1,,
src/Components/HomePage/Body/Left/Tools/AandachtspuntenVerwijderen/Actions/EditPointDetails/Steps/Step2/useDeletePointStep2Sub1Wire.ts,src/hooks/useLogAction.ts,Code call,typescript.call,new,1,,
src/Components/HomePage/Body/Left/Tools/AandachtspuntenVerwijderen/Actions/Main/ActionButtons.tsx,src/hooks/useContent.ts,Code call,typescript.call,recurring,1,1,
src/Components/HomePage/Body/Left/Tools/AandachtspuntenVerwijderen/Actions/Main/Buttons.tsx,src/hooks/wizard/useWizardButtons.ts,Code call,typescript.call,new,1,,
src/Components/HomePage/Body/Left/Tools/AandachtspuntenVerwijderen/Actions/Main/ConfirmationModal.tsx,src/hooks/useLogAction.ts,Code call,typescript.call,recurring,1,1,
src/Components/HomePage/Body/Left/Tools/AandachtspuntenVerwijderen/Actions/Main/DeletePointsList.tsx,src/hooks/useContent.ts,Code call,typescript.call,new,1,,
src/Components/HomePage/Body/Left/Tools/AandachtspuntenVerwijderen/Actions/Main/Header.tsx,src/hooks/useContent.ts,Code call,typescript.call,recurring,1,1,
src/Components/HomePage/Body/Left/Tools/AandachtspuntenVerwijderen/Actions/Main/SinglePoint.tsx,src/hooks/hover-click-handlers/usePointClick.ts,Code call,typescript.call,recurring,1,1,
src/Components/HomePage/Body/Left/Tools/AandachtspuntenVerwijderen/Actions/Main/SinglePoint.tsx,src/hooks/hover-click-handlers/usePointHover.ts,Code call,typescript.call,recurring,1,1,
src/Components/HomePage/Body/Left/Tools/AandachtspuntenVerwijderen/Actions/Main/SinglePoint.tsx,src/hooks/useLogAction.ts,Code call,typescript.call,recurring,1,1,
src/Components/HomePage/Body/Left/Tools/AandachtspuntenVerwijderen/Actions/Main/attachDeletePointMapClick.ts,src/hooks/map/mapClickGuard.ts,Code call,typescript.call,new,1,,
src/Components/HomePage/Body/Left/Tools/AandachtspuntenVerwijderen/Actions/ViewPlans/PlansList.tsx,src/hooks/useLogAction.ts,Code call,typescript.call,recurring,1,1,
src/Components/HomePage/Body/Left/Tools/EditGeometry/Buttons.tsx,src/hooks/wizard/useWizardButtons.ts,Code call,typescript.call,new,1,,
src/Components/HomePage/Body/Left/Tools/EditGeometry/ConfirmationModal.tsx,src/hooks/useContent.ts,Code call,typescript.call,recurring,1,1,
src/Components/HomePage/Body/Left/Tools/EditGeometry/ConfirmationModal.tsx,src/hooks/useLogAction.ts,Code call,typescript.call,recurring,1,1,
src/Components/HomePage/Body/Left/Tools/EditGeometry/EditForm/EditFormScreens.tsx,src/hooks/useContent.ts,Code call,typescript.call,new,1,,
src/Components/HomePage/Body/Left/Tools/EditGeometry/EditForm/useEditFormState.ts,src/hooks/hover-click-handlers/useEditGeometryVerticesOnMap.ts,Code call,typescript.call,new,1,,
src/Components/HomePage/Body/Left/Tools/EditGeometry/SingleGeometry.tsx,src/hooks/hover-click-handlers/useGeometryListHover.ts,Code call,typescript.call,new,1,,
src/Components/HomePage/Body/Left/Tools/EditGeometry/useEditGeometryModel.ts,src/hooks/hover-click-handlers/useGeometryEditHighlight.ts,Code call,typescript.call,new,1,,
src/Components/HomePage/Body/Left/Tools/EditGeometry/useEditGeometryModel.ts,src/hooks/hover-click-handlers/useGeometryListHover.ts,Code call,typescript.call,new,1,,
src/Components/HomePage/Body/Left/Tools/EditGeometry/useEditGeometryModel.ts,src/hooks/useLogAction.ts,Code call,typescript.call,new,1,,
src/Components/HomePage/Body/Left/Tools/Emailijst/AddEmail/index.tsx,src/hooks/useContent.ts,Code call,typescript.call,recurring,1,1,
src/Components/HomePage/Body/Left/Tools/Emailijst/AddEmail/index.tsx,src/hooks/useLogAction.ts,Code call,typescript.call,recurring,1,1,
src/Components/HomePage/Body/Left/Tools/Emailijst/DeleteEmail/index.tsx,src/hooks/useContent.ts,Code call,typescript.call,recurring,1,1,
src/Components/HomePage/Body/Left/Tools/Emailijst/DeleteEmail/index.tsx,src/hooks/useLogAction.ts,Code call,typescript.call,recurring,1,1,
src/Components/HomePage/Body/Left/Tools/Emailijst/EditEmail/index.tsx,src/hooks/useContent.ts,Code call,typescript.call,recurring,1,1,
src/Components/HomePage/Body/Left/Tools/Emailijst/EditEmail/index.tsx,src/hooks/useLogAction.ts,Code call,typescript.call,recurring,1,1,
src/Components/HomePage/Body/Left/Tools/Emailijst/List/Buttons.tsx,src/hooks/wizard/useWizardButtons.ts,Code call,typescript.call,new,1,,
src/Components/HomePage/Body/Left/Tools/Emailijst/List/index.tsx,src/hooks/useContent.ts,Code call,typescript.call,recurring,1,1,
src/Components/HomePage/Body/Left/Tools/Emailijst/List/index.tsx,src/hooks/useLogAction.ts,Code call,typescript.call,recurring,1,1,
src/Components/HomePage/Body/Left/Tools/Exporter/Steps/Step1.tsx,src/hooks/useContent.ts,Code call,typescript.call,recurring,1,1,
src/Components/HomePage/Body/Left/Tools/Exporter/Steps/Step2.tsx,src/hooks/useContent.ts,Code call,typescript.call,recurring,1,1,
src/Components/HomePage/Body/Left/Tools/Exporter/Steps/Step3.tsx,src/hooks/useContent.ts,Code call,typescript.call,recurring,1,1,
src/Components/HomePage/Body/Left/Tools/Exporter/index.tsx,src/hooks/useContent.ts,Code call,typescript.call,recurring,1,1,
src/Components/HomePage/Body/Left/Tools/ToevoegenKaartlagen/Step1/Buttons.tsx,src/hooks/wizard/useWizardButtons.ts,Code call,typescript.call,new,1,,
src/Components/HomePage/Body/Left/Voorbereiding/AddPointsVluchtPlan/Common/SelectButtons.tsx,src/hooks/points/useHerhalenSelectionHandlers.ts,Code call,typescript.call,new,1,,
src/Components/HomePage/Body/Left/Voorbereiding/AddPointsVluchtPlan/Common/useStepContentHooks.ts,src/hooks/features/useHoverPointsAndGeometries.ts,Code call,typescript.call,new,1,,
src/Components/HomePage/Body/Left/Voorbereiding/AddPointsVluchtPlan/Common/useStepContentHooks.ts,src/hooks/features/useRenderLocalGeometries.ts,Code call,typescript.call,new,1,,
src/Components/HomePage/Body/Left/Voorbereiding/AddPointsVluchtPlan/Step1/index.tsx,src/hooks/handleCancel/useHandleCancel.ts,Code call,typescript.call,recurring,1,1,
src/Components/HomePage/Body/Left/Voorbereiding/AddPointsVluchtPlan/Step1/index.tsx,src/hooks/useContent.ts,Code call,typescript.call,recurring,1,1,
src/Components/HomePage/Body/Left/Voorbereiding/AddPointsVluchtPlan/Step1/index.tsx,src/hooks/useLogAction.ts,Code call,typescript.call,recurring,1,1,
src/Components/HomePage/Body/Left/Voorbereiding/AddPointsVluchtPlan/Step2/Buttons.tsx,src/hooks/features/useResetFeatures.ts,Code call,typescript.call,recurring,1,1,
src/Components/HomePage/Body/Left/Voorbereiding/AddPointsVluchtPlan/Step2/Buttons.tsx,src/hooks/handleCancel/useHandleCancel.ts,Code call,typescript.call,recurring,1,1,
src/Components/HomePage/Body/Left/Voorbereiding/AddPointsVluchtPlan/Step2/Buttons.tsx,src/hooks/wizard/useWizardButtons.ts,Code call,typescript.call,new,1,,
src/Components/HomePage/Body/Left/Voorbereiding/AddPointsVluchtPlan/Step2/Buttons.tsx,src/hooks/wizard/useWizardCleanup.ts,Code call,typescript.call,new,1,,
src/Components/HomePage/Body/Left/Voorbereiding/AddPointsVluchtPlan/Step3/Buttons.tsx,src/hooks/features/useResetFeatures.ts,Code call,typescript.call,recurring,1,1,
src/Components/HomePage/Body/Left/Voorbereiding/AddPointsVluchtPlan/Step3/Buttons.tsx,src/hooks/handleCancel/useHandleCancel.ts,Code call,typescript.call,recurring,1,1,
src/Components/HomePage/Body/Left/Voorbereiding/AddPointsVluchtPlan/Step3/Buttons.tsx,src/hooks/wizard/useWizardButtons.ts,Code call,typescript.call,new,1,,
src/Components/HomePage/Body/Left/Voorbereiding/AddPointsVluchtPlan/Step3/Buttons.tsx,src/hooks/wizard/useWizardCleanup.ts,Code call,typescript.call,new,1,,
src/Components/HomePage/Body/Left/Voorbereiding/DrawingTool/Step1/useDrawingToolStep1Model.ts,src/hooks/useContent.ts,Code call,typescript.call,new,1,,
src/Components/HomePage/Body/Left/Voorbereiding/DrawingTool/Step2/Buttons.tsx,src/hooks/wizard/useWizardButtons.ts,Code call,typescript.call,new,1,,
src/Components/HomePage/Body/Left/Voorbereiding/DrawingTool/Step2/GeometryOmschrijvingField.tsx,src/hooks/useContent.ts,Code call,typescript.call,recurring,1,1,
src/Components/HomePage/Body/Left/Voorbereiding/EnrichedAddPoint/Steps/Step1/index.tsx,src/hooks/useContent.ts,Code call,typescript.call,recurring,1,1,
src/Components/HomePage/Body/Left/Voorbereiding/EnrichedAddPoint/Steps/Step1/index.tsx,src/hooks/useLogAction.ts,Code call,typescript.call,recurring,1,1,
src/Components/HomePage/Body/Left/Voorbereiding/EnrichedAddPoint/Steps/Step2/CoordinatesInput.tsx,src/hooks/useContent.ts,Code call,typescript.call,recurring,1,1,
src/Components/HomePage/Body/Left/Voorbereiding/EnrichedAddPoint/Steps/Step2/CoordinatesInput.tsx,src/hooks/useLogAction.ts,Code call,typescript.call,recurring,1,1,
src/Components/HomePage/Body/Left/Voorbereiding/EnrichedAddPoint/Steps/Step2/NextBtn.tsx,src/hooks/useContent.ts,Code call,typescript.call,recurring,1,1,
src/Components/HomePage/Body/Left/Voorbereiding/EnrichedAddPoint/Steps/Step2/NextBtn.tsx,src/hooks/useLogAction.ts,Code call,typescript.call,recurring,1,1,
src/Components/HomePage/Body/Left/Voorbereiding/EnrichedAddPoint/Steps/Step2/UpdateBtn.tsx,src/hooks/useContent.ts,Code call,typescript.call,recurring,1,1,
src/Components/HomePage/Body/Left/Voorbereiding/EnrichedAddPoint/Steps/Step2/UpdateBtn.tsx,src/hooks/useLogAction.ts,Code call,typescript.call,recurring,1,1,
src/Components/HomePage/Body/Left/Voorbereiding/EnrichedAddPoint/Steps/Step2/UpdateBtn.tsx,src/hooks/zustand/pickEnrichedCoordinateControls.ts,Code call,typescript.call,new,1,,
src/Components/HomePage/Body/Left/Voorbereiding/EnrichedAddPoint/Steps/Step2/index.tsx,src/hooks/useContent.ts,Code call,typescript.call,recurring,1,1,
src/Components/HomePage/Body/Left/Voorbereiding/EnrichedAddPoint/Steps/Step2/index.tsx,src/hooks/useLogAction.ts,Code call,typescript.call,recurring,1,1,
src/Components/HomePage/Body/Left/Voorbereiding/EnrichedAddPoint/Steps/Step2/useCoordinatesWatcher.ts,src/hooks/editPoint/useCoordinateSystemSync.ts,Code call,typescript.call,recurring,1,1,
src/Components/HomePage/Body/Left/Voorbereiding/EnrichedAddPoint/Steps/Step2/useCoordinatesWatcher.ts,src/hooks/zustand/pickEnrichedCoordinateControls.ts,Code call,typescript.call,new,1,,
src/Components/HomePage/Body/Left/Voorbereiding/EnrichedAddPoint/Steps/Step3/Buttons.tsx,src/hooks/features/useFetchInitialFeatures.ts,Code call,typescript.call,recurring,1,1,
src/Components/HomePage/Body/Left/Voorbereiding/EnrichedAddPoint/Steps/Step3/Buttons.tsx,src/hooks/wizard/useWizardButtons.ts,Code call,typescript.call,new,1,,
src/Components/HomePage/Body/Left/Voorbereiding/EnrichedAddPoint/Steps/Step3/Omschrijving.tsx,src/hooks/useContent.ts,Code call,typescript.call,recurring,1,1,
src/Components/HomePage/Body/Left/Voorbereiding/EnrichedAddPoint/useEnrichedAddPointMapClick.ts,src/hooks/useLogAction.ts,Code call,typescript.call,new,1,,
src/Components/HomePage/Body/Left/Voorbereiding/EnrichedAddPoint/useEnrichedAddPointMapWiring.ts,src/hooks/useContent.ts,Code call,typescript.call,new,1,,
src/Components/HomePage/Body/Left/Voorbereiding/FlightPlan/Common/Filter.tsx,src/hooks/useContent.ts,Code call,typescript.call,recurring,1,1,
src/Components/HomePage/Body/Left/Voorbereiding/FlightPlan/Common/Header.tsx,src/hooks/useContent.ts,Code call,typescript.call,recurring,1,1,
src/Components/HomePage/Body/Left/Voorbereiding/FlightPlan/Common/PointsList.tsx,src/hooks/hover-click-handlers/usePointClick.ts,Code call,typescript.call,recurring,1,1,
src/Components/HomePage/Body/Left/Voorbereiding/FlightPlan/Common/PointsList.tsx,src/hooks/useLogAction.ts,Code call,typescript.call,recurring,1,1,
src/Components/HomePage/Body/Left/Voorbereiding/FlightPlan/Common/SelectButtons.tsx,src/hooks/points/useHerhalenSelectionHandlers.ts,Code call,typescript.call,new,1,,
src/Components/HomePage/Body/Left/Voorbereiding/FlightPlan/Common/useGeometriesListBase.ts,src/hooks/hover-click-handlers/useGeometryListHover.ts,Code call,typescript.call,new,1,,
src/Components/HomePage/Body/Left/Voorbereiding/FlightPlan/Common/useGeometriesListLogEffect.ts,src/hooks/useLogAction.ts,Code call,typescript.call,new,1,,
src/Components/HomePage/Body/Left/Voorbereiding/FlightPlan/Common/useGeometryListMapClick.ts,src/hooks/hover-click-handlers/useGeometryClick.ts,Code call,typescript.call,new,1,,
src/Components/HomePage/Body/Left/Voorbereiding/FlightPlan/Steps/Step1/Buttons.tsx,src/hooks/handleCancel/useHandleCancel.ts,Code call,typescript.call,recurring,1,1,
src/Components/HomePage/Body/Left/Voorbereiding/FlightPlan/Steps/Step1/Buttons.tsx,src/hooks/wizard/useWizardButtons.ts,Code call,typescript.call,new,1,,
src/Components/HomePage/Body/Left/Voorbereiding/FlightPlan/Steps/Step1/Buttons.tsx,src/hooks/wizard/useWizardCleanup.ts,Code call,typescript.call,new,1,,
src/Components/HomePage/Body/Left/Voorbereiding/FlightPlan/Steps/Step1/ImportVluchtPlan.tsx,src/hooks/consts/useConstSelectOptions.ts,Code call,typescript.call,new,1,,
src/Components/HomePage/Body/Left/Voorbereiding/FlightPlan/Steps/Step1/ImportVluchtPlan.tsx,src/hooks/features/useResetFeatures.ts,Code call,typescript.call,recurring,1,1,
src/Components/HomePage/Body/Left/Voorbereiding/FlightPlan/Steps/Step1/ImportVluchtPlan.tsx,src/hooks/useContent.ts,Code call,typescript.call,recurring,1,1,
src/Components/HomePage/Body/Left/Voorbereiding/FlightPlan/Steps/Step1/ImportVluchtPlan.tsx,src/hooks/useLogAction.ts,Code call,typescript.call,recurring,1,1,
src/Components/HomePage/Body/Left/Voorbereiding/FlightPlan/Steps/Step1/TemplateFlights/Fase1.tsx,src/hooks/useContent.ts,Code call,typescript.call,recurring,1,1,
src/Components/HomePage/Body/Left/Voorbereiding/FlightPlan/Steps/Step1/TemplateFlights/Fase2.tsx,src/hooks/useContent.ts,Code call,typescript.call,recurring,1,1,
src/Components/HomePage/Body/Left/Voorbereiding/FlightPlan/Steps/Step1/TemplateFlights/Fase3.tsx,src/hooks/hover-click-handlers/useDrawYellowGeometries.ts,Code call,typescript.call,recurring,1,1,
src/Components/HomePage/Body/Left/Voorbereiding/FlightPlan/Steps/Step1/TemplateFlights/Fase3.tsx,src/hooks/hover-click-handlers/useDrawYellowMarkers.ts,Code call,typescript.call,recurring,1,1,
src/Components/HomePage/Body/Left/Voorbereiding/FlightPlan/Steps/Step1/TemplateFlights/Fase3.tsx,src/hooks/hover-click-handlers/useGeometryListHover.ts,Code call,typescript.call,new,1,,
src/Components/HomePage/Body/Left/Voorbereiding/FlightPlan/Steps/Step1/TemplateFlights/Fase3.tsx,src/hooks/hover-click-handlers/usePointHover.ts,Code call,typescript.call,recurring,1,1,
src/Components/HomePage/Body/Left/Voorbereiding/FlightPlan/Steps/Step1/TemplateFlights/Fase3.tsx,src/hooks/useContent.ts,Code call,typescript.call,recurring,1,1,
src/Components/HomePage/Body/Left/Voorbereiding/FlightPlan/Steps/Step1/TemplateFlights/index.tsx,src/hooks/flightPlan/submitCollectedFlightPlanCreate.ts,Code call,typescript.call,new,1,,
src/Components/HomePage/Body/Left/Voorbereiding/FlightPlan/Steps/Step1/Vluchtnummer.tsx,src/hooks/useContent.ts,Code call,typescript.call,recurring,1,1,
src/Components/HomePage/Body/Left/Voorbereiding/FlightPlan/Steps/Step1/index.tsx,src/hooks/flightPlan/useFlightPlanFormSelectOptions.ts,Code call,typescript.call,new,1,,
src/Components/HomePage/Body/Left/Voorbereiding/FlightPlan/Steps/Step1/index.tsx,src/hooks/useContent.ts,Code call,typescript.call,recurring,1,1,
src/Components/HomePage/Body/Left/Voorbereiding/FlightPlan/Steps/Step2/Buttons.tsx,src/hooks/features/useResetFeatures.ts,Code call,typescript.call,recurring,1,1,
src/Components/HomePage/Body/Left/Voorbereiding/FlightPlan/Steps/Step2/Buttons.tsx,src/hooks/handleCancel/useHandleCancel.ts,Code call,typescript.call,recurring,1,1,
src/Components/HomePage/Body/Left/Voorbereiding/FlightPlan/Steps/Step2/Buttons.tsx,src/hooks/wizard/useWizardCleanup.ts,Code call,typescript.call,new,2,,
src/Components/HomePage/Body/Left/Voorbereiding/FlightPlan/Steps/Step3/Buttons.tsx,src/hooks/features/useResetFeatures.ts,Code call,typescript.call,recurring,1,1,
src/Components/HomePage/Body/Left/Voorbereiding/FlightPlan/Steps/Step3/Buttons.tsx,src/hooks/flightPlan/submitCollectedFlightPlanCreate.ts,Code call,typescript.call,new,1,,
src/Components/HomePage/Body/Left/Voorbereiding/FlightPlan/Steps/Step3/Buttons.tsx,src/hooks/handleCancel/useCancelCreateFlightPlan.ts,Code call,typescript.call,recurring,1,1,
src/Components/HomePage/Body/Left/Voorbereiding/FlightPlan/Steps/Step3/Buttons.tsx,src/hooks/wizard/useWizardButtons.ts,Code call,typescript.call,recurring,1,1,
src/Components/HomePage/Body/Left/Voorbereiding/FlightPlan/Steps/Step3/Buttons.tsx,src/hooks/wizard/useWizardCleanup.ts,Code call,typescript.call,recurring,2,2,
src/Components/HomePage/Body/Left/Voorbereiding/PrepareFlightPlan/Steps/CongfirmationModal.tsx,src/hooks/useContent.ts,Code call,typescript.call,recurring,1,1,
src/Components/HomePage/Body/Left/Voorbereiding/PrepareFlightPlan/Steps/CongfirmationModal.tsx,src/hooks/useLogAction.ts,Code call,typescript.call,recurring,1,1,
src/Components/HomePage/Body/Left/Voorbereiding/PrepareFlightPlan/Steps/Step1.tsx,src/hooks/handleCancel/useHandleCancel.ts,Code call,typescript.call,recurring,1,1,
src/Components/HomePage/Body/Left/Voorbereiding/PrepareFlightPlan/Steps/Step1.tsx,src/hooks/useContent.ts,Code call,typescript.call,recurring,1,1,
src/Components/HomePage/Body/Left/Voorbereiding/PrepareFlightPlan/Steps/Step1.tsx,src/hooks/useLogAction.ts,Code call,typescript.call,recurring,1,1,
src/Components/HomePage/Body/Left/Voorbereiding/PrepareFlightPlan/index.tsx,src/hooks/useContent.ts,Code call,typescript.call,recurring,1,1,
src/Components/HomePage/Body/Left/Voorbereiding/RemoveFlightPlan/Buttons.tsx,src/hooks/wizard/useWizardButtons.ts,Code call,typescript.call,new,1,,
src/Components/HomePage/Body/Left/Voorbereiding/RemoveFlightPlan/CongfirmationModal.tsx,src/hooks/useContent.ts,Code call,typescript.call,recurring,1,1,
src/Components/HomePage/Body/Left/Voorbereiding/RemoveFlightPlan/CongfirmationModal.tsx,src/hooks/useLogAction.ts,Code call,typescript.call,recurring,1,1,
src/Components/HomePage/Body/Left/Voorbereiding/RemoveFlightPlan/SinglePlan.tsx,src/hooks/hover-click-handlers/usePlanClick.ts,Code call,typescript.call,recurring,1,1,
src/Components/HomePage/Body/Left/Voorbereiding/RemoveFlightPlan/SinglePlan.tsx,src/hooks/hover-click-handlers/usePlanHover.ts,Code call,typescript.call,recurring,1,1,
src/Components/HomePage/Body/Left/Voorbereiding/RemoveFlightPlan/SinglePlan.tsx,src/hooks/useLogAction.ts,Code call,typescript.call,recurring,1,1,
src/Components/HomePage/Body/Left/Voorbereiding/RemoveFlightPlan/index.tsx,src/hooks/useContent.ts,Code call,typescript.call,recurring,1,1,
src/Components/HomePage/Body/Left/Voorbereiding/RemoveFlightPlan/useRemoveFlightPlanModel.ts,src/hooks/filters/useFilterPlans.ts,Code call,typescript.call,new,1,,
src/Components/HomePage/Body/Left/Voorbereiding/ReuseFlightPlan/Steps/Step1/Buttons.tsx,src/hooks/handleCancel/useHandleCancel.ts,Code call,typescript.call,recurring,1,1,
src/Components/HomePage/Body/Left/Voorbereiding/ReuseFlightPlan/Steps/Step1/Buttons.tsx,src/hooks/wizard/useWizardButtons.ts,Code call,typescript.call,recurring,1,1,
src/Components/HomePage/Body/Left/Voorbereiding/ReuseFlightPlan/Steps/Step1/Buttons.tsx,src/hooks/wizard/useWizardCleanup.ts,Code call,typescript.call,recurring,1,1,
src/Components/HomePage/Body/Left/Voorbereiding/ReuseFlightPlan/Steps/Step1/SinglePlan.tsx,src/hooks/hover-click-handlers/usePlanClick.ts,Code call,typescript.call,recurring,1,1,
src/Components/HomePage/Body/Left/Voorbereiding/ReuseFlightPlan/Steps/Step1/SinglePlan.tsx,src/hooks/hover-click-handlers/usePlanHover.ts,Code call,typescript.call,recurring,1,1,
src/Components/HomePage/Body/Left/Voorbereiding/ReuseFlightPlan/Steps/Step1/SinglePlan.tsx,src/hooks/useContent.ts,Code call,typescript.call,recurring,1,1,
src/Components/HomePage/Body/Left/Voorbereiding/ReuseFlightPlan/Steps/Step1/SinglePlan.tsx,src/hooks/useLogAction.ts,Code call,typescript.call,recurring,1,1,
src/Components/HomePage/Body/Left/Voorbereiding/ReuseFlightPlan/Steps/Step2/Buttons.tsx,src/hooks/flightPlan/assembleFlightPlanCreateAttributes.ts,Code call,typescript.call,new,1,,
src/Components/HomePage/Body/Left/Voorbereiding/ReuseFlightPlan/Steps/Step2/Buttons.tsx,src/hooks/handleCancel/useHandleCancel.ts,Code call,typescript.call,recurring,1,1,
src/Components/HomePage/Body/Left/Voorbereiding/ReuseFlightPlan/Steps/Step2/Buttons.tsx,src/hooks/wizard/useWizardButtons.ts,Code call,typescript.call,recurring,1,1,
src/Components/HomePage/Body/Left/Voorbereiding/ReuseFlightPlan/Steps/Step2/Buttons.tsx,src/hooks/wizard/useWizardCleanup.ts,Code call,typescript.call,recurring,2,2,
src/Components/HomePage/Body/Left/Voorbereiding/ReuseFlightPlan/Steps/Step2/CurrentGeometriesList.tsx,src/hooks/useContent.ts,Code call,typescript.call,recurring,1,1,
src/Components/HomePage/Body/Left/Voorbereiding/ReuseFlightPlan/Steps/Step2/CurrentPointsList.tsx,src/hooks/useContent.ts,Code call,typescript.call,recurring,1,1,
src/Components/HomePage/Body/Left/Voorbereiding/ReuseFlightPlan/Steps/Step2/FormInputs.tsx,src/hooks/flightPlan/flightPlanStandardSelectProps.ts,Code call,typescript.call,new,1,,
src/Components/HomePage/Body/Left/Voorbereiding/ReuseFlightPlan/Steps/Step2/FormInputs.tsx,src/hooks/flightPlan/usePopulateFlightPlanFormEffect.ts,Code call,typescript.call,recurring,1,1,
src/Components/HomePage/Body/Left/Voorbereiding/ReuseFlightPlan/Steps/Step2/NewGeometriesList.tsx,src/hooks/useContent.ts,Code call,typescript.call,recurring,1,1,
src/Components/HomePage/Body/Left/Voorbereiding/ReuseFlightPlan/Steps/Step2/NewPointsList.tsx,src/hooks/hover-click-handlers/usePointClick.ts,Code call,typescript.call,recurring,1,1,
src/Components/HomePage/Body/Left/Voorbereiding/ReuseFlightPlan/Steps/Step2/NewPointsList.tsx,src/hooks/useContent.ts,Code call,typescript.call,recurring,1,1,
src/Components/HomePage/Body/Left/Voorbereiding/SelectedPoint/AddToPlan/Step1.tsx,src/hooks/useLogAction.ts,Code call,typescript.call,recurring,1,1,
src/Components/HomePage/Body/Left/Voorbereiding/SelectedPoint/AddToPlan/StepNo/Buttons.tsx,src/hooks/useLogAction.ts,Code call,typescript.call,recurring,1,1,
src/Components/HomePage/Body/Left/Voorbereiding/SelectedPoint/AddToPlan/StepNo/index.tsx,src/hooks/useLogAction.ts,Code call,typescript.call,recurring,1,1,
src/Components/HomePage/Body/Left/Voorbereiding/SelectedPoint/AddToPlan/StepYes.tsx,src/hooks/useLogAction.ts,Code call,typescript.call,recurring,1,1,
src/Components/HomePage/Body/Left/Voorbereiding/SelectedPoint/AddToPlan/index.tsx,src/hooks/hover-click-handlers/useDrawYellowMarkers.ts,Code call,typescript.call,recurring,1,1,
src/Components/HomePage/Body/Left/Voorbereiding/SelectedPoint/DeletePoint/index.tsx,src/hooks/features/useFetchInitialFeatures.ts,Code call,typescript.call,recurring,1,1,
src/Components/HomePage/Body/Left/Voorbereiding/SelectedPoint/DeletePoint/index.tsx,src/hooks/useContent.ts,Code call,typescript.call,recurring,1,1,
src/Components/HomePage/Body/Left/Voorbereiding/SelectedPoint/DeletePoint/index.tsx,src/hooks/useLogAction.ts,Code call,typescript.call,recurring,1,1,
src/Components/HomePage/Body/Left/Voorbereiding/SelectedPoint/EditPointDetails/Steps/Step1.tsx,src/hooks/consts/useConstSelectOptions.ts,Code call,typescript.call,new,2,,
src/Components/HomePage/Body/Left/Voorbereiding/SelectedPoint/EditPointDetails/Steps/Step1Buttons.tsx,src/hooks/features/useFetchInitialFeatures.ts,Code call,typescript.call,new,1,,
src/Components/HomePage/Body/Left/Voorbereiding/SelectedPoint/EditPointDetails/Steps/Step1Buttons.tsx,src/hooks/features/useResetFeatures.ts,Code call,typescript.call,new,1,,
src/Components/HomePage/Body/Left/Voorbereiding/SelectedPoint/EditPointDetails/Steps/Step1Buttons.tsx,src/hooks/useLogAction.ts,Code call,typescript.call,new,1,,
src/Components/HomePage/Body/Left/Voorbereiding/SelectedPoint/EditPointDetails/Steps/Step2/Step2Sub2.tsx,src/hooks/editPoint/useCoordinateSystemSync.ts,Code call,typescript.call,recurring,1,1,
src/Components/HomePage/Body/Left/Voorbereiding/SelectedPoint/EditPointDetails/Steps/Step2/Step2Sub2.tsx,src/hooks/useLogAction.ts,Code call,typescript.call,recurring,1,1,
src/Components/HomePage/Body/Left/Voorbereiding/SelectedPoint/EditPointDetails/Steps/Step2/index.tsx,src/hooks/features/useFetchInitialFeatures.ts,Code call,typescript.call,recurring,1,1,
src/Components/HomePage/Body/Left/Voorbereiding/SelectedPoint/EditPointDetails/Steps/Step2/useEditPointFormMapClick.ts,src/hooks/useLogAction.ts,Code call,typescript.call,new,1,,
src/Components/HomePage/Body/Left/Voorbereiding/SelectedPoint/EditPointDetails/Steps/Step2/useEditPointStep2Sub1.ts,src/hooks/useLogAction.ts,Code call,typescript.call,new,1,,
src/Components/HomePage/Body/Left/Voorbereiding/SelectedPoint/EditPointDetails/index.tsx,src/hooks/useLogAction.ts,Code call,typescript.call,recurring,1,1,
src/Components/HomePage/Body/Left/Voorbereiding/SelectedPoint/SelectedPointDetails/index.tsx,src/hooks/consts/useConstSelectOptions.ts,Code call,typescript.call,new,2,,
src/Components/HomePage/Body/Left/Voorbereiding/SelectedPoint/SelectedPointDetails/index.tsx,src/hooks/useContent.ts,Code call,typescript.call,recurring,1,1,
src/Components/HomePage/Body/Left/Voorbereiding/SelectedPoint/SelectedPointDetails/index.tsx,src/hooks/useLogAction.ts,Code call,typescript.call,recurring,1,1,
src/Components/HomePage/Body/Left/Voorbereiding/SelectedPoint/ViewPlans/PlansList.tsx,src/hooks/useLogAction.ts,Code call,typescript.call,recurring,1,1,
src/Components/HomePage/Body/Left/Voorbereiding/TemplateFlight/PointsList.tsx,src/hooks/points/useWizardPointsFilterHeaderCore.tsx,Code call,typescript.call,new,1,,
src/Components/HomePage/Body/Left/Voorbereiding/TemplateFlight/PointsList.tsx,src/hooks/useContent.ts,Code call,typescript.call,recurring,1,1,
src/Components/HomePage/Body/Left/Voorbereiding/TemplateFlight/Steps/Filter.tsx,src/hooks/filters/useFilterPoints.ts,Code call,typescript.call,recurring,1,1,
src/Components/HomePage/Body/Left/Voorbereiding/TemplateFlight/Steps/Filter.tsx,src/hooks/useContent.ts,Code call,typescript.call,recurring,1,1,
src/Components/HomePage/Body/Left/Voorbereiding/TemplateFlight/Steps/Step1/Buttons.tsx,src/hooks/wizard/useWizardButtons.ts,Code call,typescript.call,new,1,,
src/Components/HomePage/Body/Left/Voorbereiding/TemplateFlight/Steps/Step1/index.tsx,src/hooks/useContent.ts,Code call,typescript.call,recurring,1,1,
src/Components/HomePage/Body/Left/Voorbereiding/TemplateFlight/Steps/Step2/Buttons.tsx,src/hooks/features/useResetFeatures.ts,Code call,typescript.call,recurring,1,1,
src/Components/HomePage/Body/Left/Voorbereiding/TemplateFlight/Steps/Step2/Buttons.tsx,src/hooks/handleCancel/useHandleCancel.ts,Code call,typescript.call,recurring,1,1,
src/Components/HomePage/Body/Left/Voorbereiding/TemplateFlight/Steps/Step3/Buttons.tsx,src/hooks/features/useResetFeatures.ts,Code call,typescript.call,recurring,1,1,
src/Components/HomePage/Body/Left/Voorbereiding/TemplateFlight/Steps/Step3/Buttons.tsx,src/hooks/handleCancel/useCancelCreateFlightPlan.ts,Code call,typescript.call,recurring,1,1,
src/Components/HomePage/Body/Left/Voorbereiding/TemplateFlight/Steps/Step3/Buttons.tsx,src/hooks/wizard/useWizardButtons.ts,Code call,typescript.call,recurring,1,1,
src/Components/HomePage/Body/Left/Voorbereiding/TemplateFlight/Steps/useTemplateFlightSelectionStepProps.ts,src/hooks/useContent.ts,Code call,typescript.call,new,1,,
src/Components/HomePage/Body/Left/Voorbereiding/TemplateFlight/helpers/templateFlightWizardCleanup.ts,src/hooks/wizard/useWizardCleanup.ts,Code call,typescript.call,new,1,,
src/Components/HomePage/Body/Left/Voorbereiding/TemplateFlight/templateFlightStates.ts,src/hooks/zustand/shared/planContentSelectionSetters.ts,Code call,typescript.call,new,1,,
src/Components/HomePage/Body/Left/Voorbereiding/ViewPlan/Steps/AddPointStep/Steps/Step1/index.tsx,src/hooks/useContent.ts,Code call,typescript.call,recurring,1,1,
src/Components/HomePage/Body/Left/Voorbereiding/ViewPlan/Steps/AddPointStep/Steps/Step1/index.tsx,src/hooks/useLogAction.ts,Code call,typescript.call,recurring,1,1,
src/Components/HomePage/Body/Left/Voorbereiding/ViewPlan/Steps/AddPointStep/Steps/Step2/index.tsx,src/hooks/useContent.ts,Code call,typescript.call,recurring,1,1,
src/Components/HomePage/Body/Left/Voorbereiding/ViewPlan/Steps/AddPointStep/Steps/Step2/index.tsx,src/hooks/zustand/pickEnrichedCoordinateControls.ts,Code call,typescript.call,new,1,,
src/Components/HomePage/Body/Left/Voorbereiding/ViewPlan/Steps/AddPointStep/Steps/Step3/Buttons.tsx,src/hooks/wizard/useWizardButtons.ts,Code call,typescript.call,new,1,,
src/Components/HomePage/Body/Left/Voorbereiding/ViewPlan/Steps/AddPointToPlan/Buttons.tsx,src/hooks/useContent.ts,Code call,typescript.call,recurring,1,1,
src/Components/HomePage/Body/Left/Voorbereiding/ViewPlan/Steps/AddPointToPlan/Buttons.tsx,src/hooks/useLogAction.ts,Code call,typescript.call,recurring,1,1,
src/Components/HomePage/Body/Left/Voorbereiding/ViewPlan/Steps/AddPointToPlan/useAddPointToPlanMapEffects.ts,src/hooks/features/useHoverPointsAndGeometries.ts,Code call,typescript.call,new,1,,
src/Components/HomePage/Body/Left/Voorbereiding/ViewPlan/Steps/AddPointToPlan/useAddPointToPlanModel.ts,src/hooks/features/useRenderLocalGeometries.ts,Code call,typescript.call,new,1,,
src/Components/HomePage/Body/Left/Voorbereiding/ViewPlan/Steps/AddPointsFromPlan/SelectFromSource/PlansList.tsx,src/hooks/useContent.ts,Code call,typescript.call,recurring,1,1,
src/Components/HomePage/Body/Left/Voorbereiding/ViewPlan/Steps/AddPointsFromPlan/SelectFromSource/SelectFromSourceButtons.tsx,src/hooks/useContent.ts,Code call,typescript.call,new,1,,
src/Components/HomePage/Body/Left/Voorbereiding/ViewPlan/Steps/AddPointsFromPlan/Tabs.tsx,src/hooks/useContent.ts,Code call,typescript.call,recurring,1,1,
src/Components/HomePage/Body/Left/Voorbereiding/ViewPlan/Steps/DuplicateFlightPlan/Step2/Buttons.tsx,src/hooks/flightPlan/assembleFlightPlanCreateAttributes.ts,Code call,typescript.call,new,1,,
src/Components/HomePage/Body/Left/Voorbereiding/ViewPlan/Steps/DuplicateFlightPlan/Step2/Buttons.tsx,src/hooks/wizard/useWizardButtons.ts,Code call,typescript.call,recurring,1,1,
src/Components/HomePage/Body/Left/Voorbereiding/ViewPlan/Steps/DuplicateFlightPlan/Step2/Buttons.tsx,src/hooks/wizard/useWizardCleanup.ts,Code call,typescript.call,recurring,1,1,
src/Components/HomePage/Body/Left/Voorbereiding/ViewPlan/Steps/DuplicateFlightPlan/Step2/Form.tsx,src/hooks/flightPlan/flightPlanStandardSelectProps.ts,Code call,typescript.call,new,1,,
src/Components/HomePage/Body/Left/Voorbereiding/ViewPlan/Steps/DuplicateFlightPlan/Step2/Vluchtnummer.tsx,src/hooks/useContent.ts,Code call,typescript.call,recurring,1,1,
src/Components/HomePage/Body/Left/Voorbereiding/ViewPlan/Steps/EditPoint/Buttons/RemovePoint.tsx,src/hooks/useContent.ts,Code call,typescript.call,recurring,1,1,
src/Components/HomePage/Body/Left/Voorbereiding/ViewPlan/Steps/EditPoint/Buttons/Submit.tsx,src/hooks/useContent.ts,Code call,typescript.call,recurring,1,1,
src/Components/HomePage/Body/Left/Voorbereiding/ViewPlan/Steps/EditPoint/Buttons/index.tsx,src/hooks/useContent.ts,Code call,typescript.call,recurring,1,1,
src/Components/HomePage/Body/Left/Voorbereiding/ViewPlan/Steps/EditPoint/Buttons/removePointSuccess.ts,src/hooks/flightPlan/pickFlightPlanPersistenceFields.ts,Code call,typescript.call,new,2,,
src/Components/HomePage/Body/Left/Voorbereiding/ViewPlan/Steps/EditPoint/Form.tsx,src/hooks/consts/useConstSelectOptions.ts,Code call,typescript.call,new,2,,
src/Components/HomePage/Body/Left/Voorbereiding/ViewPlan/Steps/Step1/Buttons.tsx,src/hooks/useContent.ts,Code call,typescript.call,recurring,1,1,
src/Components/HomePage/Body/Left/Voorbereiding/ViewPlan/Steps/Step1/Buttons.tsx,src/hooks/wizard/useWizardButtons.ts,Code call,typescript.call,new,1,,
src/Components/HomePage/Body/Left/Voorbereiding/ViewPlan/Steps/Step1/SinglePlan.tsx,src/hooks/hover-click-handlers/usePlanClick.ts,Code call,typescript.call,recurring,1,1,
src/Components/HomePage/Body/Left/Voorbereiding/ViewPlan/Steps/Step1/SinglePlan.tsx,src/hooks/hover-click-handlers/usePlanHover.ts,Code call,typescript.call,recurring,1,1,
src/Components/HomePage/Body/Left/Voorbereiding/ViewPlan/Steps/Step1/SinglePlan.tsx,src/hooks/useLogAction.ts,Code call,typescript.call,recurring,1,1,
src/Components/HomePage/Body/Left/Voorbereiding/ViewPlan/Steps/Step2/Buttons.tsx,src/hooks/features/useResetFeatures.ts,Code call,typescript.call,recurring,1,1,
src/Components/HomePage/Body/Left/Voorbereiding/ViewPlan/Steps/Step2/Buttons.tsx,src/hooks/wizard/useWizardButtons.ts,Code call,typescript.call,recurring,1,1,
src/Components/HomePage/Body/Left/Voorbereiding/ViewPlan/Steps/Step2/Buttons.tsx,src/hooks/wizard/useWizardCleanup.ts,Code call,typescript.call,recurring,1,1,
src/Components/HomePage/Body/Left/Voorbereiding/ViewPlan/Steps/Step2/Form.tsx,src/hooks/flightPlan/flightPlanStandardSelectProps.ts,Code call,typescript.call,new,1,,
src/Components/HomePage/Body/Left/Voorbereiding/ViewPlan/Steps/Step2/PointsAdding.tsx,src/hooks/useContent.ts,Code call,typescript.call,recurring,1,1,
src/Components/HomePage/Body/Left/Voorbereiding/ViewPlan/Steps/Step2/PointsList.tsx,src/hooks/useLogAction.ts,Code call,typescript.call,recurring,1,1,
src/Components/HomePage/Body/Left/Voorbereiding/ViewPlan/Steps/Step2/submitViewPlanStep2.ts,src/hooks/zustand/shared/flightPlanFormValues.ts,Code call,typescript.call,new,1,,
src/Components/HomePage/Body/Left/Voorbereiding/ViewPlan/helpers/usePlanDuplicateState.ts,src/hooks/zustand/shared/flightPlanFormSettersCore.ts,Code call,typescript.call,new,1,,
src/Components/HomePage/Body/Left/Voorbereiding/ViewPlan/useViewPlanController.ts,src/hooks/useRenderVluchtPlans.ts,Code call,typescript.call,new,1,,
src/Components/HomePage/Body/Left/Voorbereiding/ViewPlan/viewPlanSession.ts,src/hooks/features/useResetFeatures.ts,Code call,typescript.call,new,1,,
src/Components/HomePage/Body/Left/Voorbereiding/ViewPlan/viewPlanSession.ts,src/hooks/zustand/shared/flightPlanFormSettersCore.ts,Code call,typescript.call,new,1,,
src/Components/HomePage/Body/Left/Voorbereiding/common/createFilterStepAdvanceHandler.ts,src/hooks/wizard/clearMapSelectionGraphics.ts,Code call,typescript.call,new,1,,
src/Components/HomePage/Body/Left/Voorbereiding/common/useFilterStepWizardSelection.ts,src/hooks/wizard/useWizardButtons.ts,Code call,typescript.call,new,1,,
src/Components/HomePage/Body/Left/Voorbereiding/common/wizardFilterStepSelection.ts,src/hooks/wizard/clearMapSelectionGraphics.ts,Code call,typescript.call,new,1,,
src/Components/HomePage/Body/MapViewComp/MapComp.tsx,src/hooks/features/useRenderGeometries.ts,Code call,typescript.call,recurring,1,1,
src/Components/HomePage/Body/MapViewComp/MapComp.tsx,src/hooks/features/useRenderPoints.ts,Code call,typescript.call,recurring,1,1,
src/Components/HomePage/Body/MapViewComp/MapComp.tsx,src/hooks/useMapInitialization.ts,Code call,typescript.call,recurring,1,1,
src/Components/HomePage/Body/MapViewComp/useMapViewCompModel.ts,src/hooks/hover-click-handlers/useFeatureLayerLabels.ts,Code call,typescript.call,new,1,,
src/Components/HomePage/Head/Common/CommonTabBtn.tsx,src/hooks/features/useResetFeatures.ts,Code call,typescript.call,recurring,1,1,
src/Components/HomePage/Head/Common/CommonTabBtn.tsx,src/hooks/useLogAction.ts,Code call,typescript.call,recurring,1,1,
src/Components/HomePage/Head/Common/FilterTabs.tsx,src/hooks/features/useResetPointFilters.ts,Code call,typescript.call,new,1,,
src/Components/HomePage/Head/Common/FilterTabs.tsx,src/hooks/useContent.ts,Code call,typescript.call,recurring,1,1,
src/Components/HomePage/Head/Common/usePageSelection.ts,src/hooks/useLogAction.ts,Code call,typescript.call,new,1,,
src/Components/HomePage/Head/HeadButtonsNabewerking.tsx,src/hooks/features/useResetFeatures.ts,Code call,typescript.call,recurring,1,1,
src/Components/HomePage/Head/HeadButtonsNabewerking.tsx,src/hooks/popUpModal/useHandleClosePopUp.ts,Code call,typescript.call,recurring,1,1,
src/Components/HomePage/Head/HeadButtonsNabewerking.tsx,src/hooks/useContent.ts,Code call,typescript.call,recurring,1,1,
src/Components/HomePage/Head/HeadButtonsNabewerking.tsx,src/hooks/useResetTabs.ts,Code call,typescript.call,recurring,1,1,
src/Components/HomePage/Head/HeadButtonsTimeslider.tsx,src/hooks/useContent.ts,Code call,typescript.call,recurring,1,1,
src/Components/HomePage/Head/HeadButtonsTools.tsx,src/hooks/features/useResetFeatures.ts,Code call,typescript.call,recurring,1,1,
src/Components/HomePage/Head/HeadButtonsTools.tsx,src/hooks/popUpModal/useHandleClosePopUp.ts,Code call,typescript.call,recurring,1,1,
src/Components/HomePage/Head/HeadButtonsTools.tsx,src/hooks/useContent.ts,Code call,typescript.call,recurring,1,1,
src/Components/HomePage/Head/HeadButtonsTools.tsx,src/hooks/useResetTabs.ts,Code call,typescript.call,recurring,1,1,
src/Components/HomePage/Head/HeadButtonsVoorbereiding.tsx,src/hooks/features/useResetFeatures.ts,Code call,typescript.call,recurring,1,1,
src/Components/HomePage/Head/HeadButtonsVoorbereiding.tsx,src/hooks/popUpModal/useHandleClosePopUp.ts,Code call,typescript.call,recurring,1,1,
src/Components/HomePage/Head/HeadButtonsVoorbereiding.tsx,src/hooks/useContent.ts,Code call,typescript.call,recurring,1,1,
src/Components/HomePage/Head/HeadButtonsVoorbereiding.tsx,src/hooks/useResetTabs.ts,Code call,typescript.call,recurring,1,1,
src/Components/HomePage/Head/Search/index.tsx,src/hooks/useLogAction.ts,Code call,typescript.call,recurring,1,1,
src/Components/HomePage/Head/Users/LogoutModal.tsx,src/hooks/useContent.ts,Code call,typescript.call,recurring,1,1,
src/Components/HomePage/Head/Users/LogoutModal.tsx,src/hooks/useLogAction.ts,Code call,typescript.call,recurring,1,1,
src/Components/HomePage/Head/Users/UserList.tsx,src/hooks/consts/useConstSelectOptions.ts,Code call,typescript.call,new,1,,
src/Components/HomePage/Head/Users/UserList.tsx,src/hooks/useLogAction.ts,Code call,typescript.call,recurring,1,1,
src/Components/HomePage/Head/Users/index.tsx,src/hooks/useLogAction.ts,Code call,typescript.call,recurring,1,1,
src/Components/HomePage/Head/timeslider/useTimesliderRangeBounds.ts,src/hooks/useTimeRangeCore.ts,Code call,typescript.call,new,1,,
src/Components/TimesliderItemDetailPage/sections/LoginRequiredModal.tsx,src/hooks/useContent.ts,Code call,typescript.call,recurring,1,1,
src/Components/HomePage/Body/Bottom/ClickedTableFunctions/PointsList.tsx,src/hooks/useLogAction.ts,Code call,typescript.call,removed,0,1,
src/Components/HomePage/Body/Bottom/PointsView/FlightPlansTable/Data.tsx,src/hooks/useGetFlightTimesDistance.ts,Code call,typescript.call,removed,0,1,
src/Components/HomePage/Body/Bottom/PointsView/FlightPlansTable/index.tsx,src/hooks/hover-click-handlers/usePlanStarGraphic.ts,Code call,typescript.call,removed,0,1,
src/Components/HomePage/Body/Bottom/PointsView/GeometriesTable/index.tsx,src/hooks/consts/useGetActiviteis.ts,Code call,typescript.call,removed,0,1,
src/Components/HomePage/Body/Bottom/PointsView/GeometriesTable/index.tsx,src/hooks/consts/useGetOrganisaties.ts,Code call,typescript.call,removed,0,1,
src/Components/HomePage/Body/Bottom/PointsView/PointsTable/index.tsx,src/hooks/consts/useGetActiviteis.ts,Code call,typescript.call,removed,0,1,
src/Components/HomePage/Body/Bottom/PointsView/PointsTable/index.tsx,src/hooks/consts/useGetOrganisaties.ts,Code call,typescript.call,removed,0,1,
src/Components/HomePage/Body/Common/FeatureLayerPopup/index.tsx,src/hooks/hover-click-handlers/useFeatureLayerPopup.ts,Code call,typescript.call,removed,0,1,
src/Components/HomePage/Body/Common/NotLoggedInWarning.tsx,src/hooks/useContent.ts,Code call,typescript.call,removed,0,1,
src/Components/HomePage/Body/Common/ResizableSidebarPanel.tsx,src/hooks/layout/useResizableSidebar.ts,Code call,typescript.call,removed,0,1,
src/Components/HomePage/Body/Common/ViewPlan/PointsSelectionList.tsx,src/hooks/viewPlan/useMapPointSelectionClick.ts,Code call,typescript.call,removed,0,2,
src/Components/HomePage/Body/Left/Common/AandachtspuntDetailsFields.tsx,src/hooks/consts/useGetActiviteis.ts,Code call,typescript.call,removed,0,1,
src/Components/HomePage/Body/Left/Common/AandachtspuntDetailsFields.tsx,src/hooks/consts/useGetOrganisaties.ts,Code call,typescript.call,removed,0,1,
src/Components/HomePage/Body/Left/Common/BottomTabs/KaartlagenlijstTab.tsx,src/hooks/useLogAction.ts,Code call,typescript.call,removed,0,1,
src/Components/HomePage/Body/Left/Common/BottomTabs/SearchedTab.tsx,src/hooks/useLogAction.ts,Code call,typescript.call,removed,0,1,
src/Components/HomePage/Body/Left/Common/FiltersSection/index.tsx,src/hooks/consts/useGetActiviteis.ts,Code call,typescript.call,removed,0,1,
src/Components/HomePage/Body/Left/Common/FiltersSection/index.tsx,src/hooks/consts/useGetOrganisaties.ts,Code call,typescript.call,removed,0,1,
src/Components/HomePage/Body/Left/Common/FiltersSection/index.tsx,src/hooks/consts/useGetRegios.ts,Code call,typescript.call,removed,0,1,
src/Components/HomePage/Body/Left/Common/FiltersSection/index.tsx,src/hooks/features/useResetFeatures.ts,Code call,typescript.call,removed,0,1,
src/Components/HomePage/Body/Left/Common/KaartLegend/LayersList/Common/ParentItem.tsx,src/hooks/useLogAction.ts,Code call,typescript.call,removed,0,1,
src/Components/HomePage/Body/Left/Common/PointItemCheckBox.tsx,src/hooks/consts/useGetActiviteis.ts,Code call,typescript.call,removed,0,1,
src/Components/HomePage/Body/Left/Common/PointItemCheckBox.tsx,src/hooks/consts/useGetOrganisaties.ts,Code call,typescript.call,removed,0,1,
src/Components/HomePage/Body/Left/Common/ResultTab/PointListBuffer.tsx,src/hooks/useLogAction.ts,Code call,typescript.call,removed,0,1,
src/Components/HomePage/Body/Left/Common/ResultTab/PointsList.tsx,src/hooks/resultTab/useResultTabStarredPointActions.ts,Code call,typescript.call,removed,0,1,
src/Components/HomePage/Body/Left/Common/ResultTab/PointsList.tsx,src/hooks/useLogAction.ts,Code call,typescript.call,removed,0,1,
src/Components/HomePage/Body/Left/Common/ResultTab/PointsListEdit.tsx,src/hooks/resultTab/useResultTabStarredPointActions.ts,Code call,typescript.call,removed,0,1,
src/Components/HomePage/Body/Left/Common/ResultTab/PointsListEdit.tsx,src/hooks/useLogAction.ts,Code call,typescript.call,removed,0,1,
src/Components/HomePage/Body/Left/Common/SearchedResultsTab/FlightPlans/FlightPlansList/DropDown.tsx,src/hooks/hover-click-handlers/usePlanStarGraphic.ts,Code call,typescript.call,removed,0,1,
src/Components/HomePage/Body/Left/Common/SearchedResultsTab/FlightPlans/FlightPlansList/DropDown.tsx,src/hooks/useContent.ts,Code call,typescript.call,removed,0,1,
src/Components/HomePage/Body/Left/Common/SearchedResultsTab/FlightPlans/FlightPlansList/List.tsx,src/hooks/hover-click-handlers/usePlanStarGraphic.ts,Code call,typescript.call,removed,0,1,
src/Components/HomePage/Body/Left/Common/SearchedResultsTab/Points/DropDown.tsx,src/hooks/useContent.ts,Code call,typescript.call,removed,0,1,
src/Components/HomePage/Body/Left/Common/SearchedResultsTab/Points/index.tsx,src/hooks/useContent.ts,Code call,typescript.call,removed,0,1,
src/Components/HomePage/Body/Left/Common/TabHeader/index.tsx,src/hooks/features/useResetFeatures.ts,Code call,typescript.call,removed,0,1,
src/Components/HomePage/Body/Left/Common/TabHeader/index.tsx,src/hooks/useContent.ts,Code call,typescript.call,removed,0,1,
src/Components/HomePage/Body/Left/Nabewerking/ChangeFlightPlanStatus/Buttons.tsx,src/hooks/useContent.ts,Code call,typescript.call,removed,0,1,
src/Components/HomePage/Body/Left/Nabewerking/ChangeFlightPlanStatus/Buttons.tsx,src/hooks/useLogAction.ts,Code call,typescript.call,removed,0,1,
src/Components/HomePage/Body/Left/Nabewerking/ChangeFlightPlanStatus/index.tsx,src/hooks/filters/useFilterPlans.ts,Code call,typescript.call,removed,0,1,
src/Components/HomePage/Body/Left/Nabewerking/CreateReport/Steps/Step1/Buttons.tsx,src/hooks/useContent.ts,Code call,typescript.call,removed,0,1,
src/Components/HomePage/Body/Left/Nabewerking/CreateReport/Steps/Step1/Buttons.tsx,src/hooks/useLogAction.ts,Code call,typescript.call,removed,0,1,
src/Components/HomePage/Body/Left/Nabewerking/CreateReport/Steps/Step1/SinglePlan.tsx,src/hooks/useLogAction.ts,Code call,typescript.call,removed,0,1,
src/Components/HomePage/Body/Left/Nabewerking/CreateReport/Steps/Step1/index.tsx,src/hooks/filters/useFilterPlans.ts,Code call,typescript.call,removed,0,1,
src/Components/HomePage/Body/Left/Nabewerking/CreateReport/Steps/Step2/Buttons.tsx,src/hooks/consts/useGetActiviteis.ts,Code call,typescript.call,removed,0,1,
src/Components/HomePage/Body/Left/Nabewerking/CreateReport/Steps/Step2/Buttons.tsx,src/hooks/consts/useGetOrganisaties.ts,Code call,typescript.call,removed,0,1,
src/Components/HomePage/Body/Left/Nabewerking/CreateReport/Steps/Step2/Buttons.tsx,src/hooks/features/useResetFeatures.ts,Code call,typescript.call,removed,0,1,
src/Components/HomePage/Body/Left/Nabewerking/CreateReport/Steps/Step2/Buttons.tsx,src/hooks/handleCancel/useHandleCancel.ts,Code call,typescript.call,removed,0,1,
src/Components/HomePage/Body/Left/Nabewerking/CreateReport/Steps/Step2/Buttons.tsx,src/hooks/useContent.ts,Code call,typescript.call,removed,0,1,
src/Components/HomePage/Body/Left/Nabewerking/CreateReport/Steps/Step2/Buttons.tsx,src/hooks/useLogAction.ts,Code call,typescript.call,removed,0,1,
src/Components/HomePage/Body/Left/Nabewerking/CreateReport/Steps/Step2/Geometries.tsx,src/hooks/hover-click-handlers/useGeometryHover.ts,Code call,typescript.call,removed,0,1,
src/Components/HomePage/Body/Left/Nabewerking/CreateReport/helpers/useHandleStep2/index.ts,src/hooks/consts/useGetPiloot.ts,Code call,typescript.call,removed,0,1,
src/Components/HomePage/Body/Left/Nabewerking/VluchtenZoeken/Steps/Step1/Content/Buttons.tsx,src/hooks/useLogAction.ts,Code call,typescript.call,removed,0,1,
src/Components/HomePage/Body/Left/Nabewerking/VluchtenZoeken/Steps/Step2/Actions/EditFlight/Buttons.tsx,src/hooks/flightPlan/usePopulateFlightPlanFormEffect.ts,Code call,typescript.call,removed,0,1,
src/Components/HomePage/Body/Left/Nabewerking/VluchtenZoeken/Steps/Step2/Actions/EditFlight/FormElements.tsx,src/hooks/consts/useGetLuchtvaartuig.ts,Code call,typescript.call,removed,0,1,
src/Components/HomePage/Body/Left/Nabewerking/VluchtenZoeken/Steps/Step2/Actions/EditFlight/FormElements.tsx,src/hooks/consts/useGetPiloot.ts,Code call,typescript.call,removed,0,1,
src/Components/HomePage/Body/Left/Nabewerking/VluchtenZoeken/Steps/Step2/Actions/Waarnemingen/EditGeometryDetails/Actions/Buttons.tsx,src/hooks/useLogAction.ts,Code call,typescript.call,removed,0,1,
src/Components/HomePage/Body/Left/Nabewerking/VluchtenZoeken/Steps/Step2/Actions/Waarnemingen/EditPointDetails/Actions/ChangePoint/Buttons.tsx,src/hooks/useLogAction.ts,Code call,typescript.call,removed,0,1,
src/Components/HomePage/Body/Left/Nabewerking/VluchtenZoeken/Steps/Step2/Actions/Waarnemingen/EditPointDetails/Actions/EditPointCoordinates/index.tsx,src/hooks/useLogAction.ts,Code call,typescript.call,removed,0,1,
src/Components/HomePage/Body/Left/Nabewerking/VluchtenZoeken/Steps/Step2/Actions/Waarnemingen/EditPointDetails/Actions/Form/Buttons.tsx,src/hooks/useContent.ts,Code call,typescript.call,removed,0,1,
src/Components/HomePage/Body/Left/Nabewerking/VluchtenZoeken/Steps/Step2/Actions/Waarnemingen/EditPointDetails/Actions/Form/Buttons.tsx,src/hooks/useLogAction.ts,Code call,typescript.call,removed,0,1,
src/Components/HomePage/Body/Left/Nabewerking/VluchtenZoeken/Steps/Step2/Actions/Waarnemingen/SingleGeometry.tsx,src/hooks/hover-click-handlers/useGeometryHover.ts,Code call,typescript.call,removed,0,1,
src/Components/HomePage/Body/Left/Nabewerking/VluchtenZoeken/Steps/Step2/Actions/Waarnemingen/common/Foto/CreateImageBtn.tsx,src/hooks/useContent.ts,Code call,typescript.call,removed,0,1,
src/Components/HomePage/Body/Left/Nabewerking/VluchtenZoeken/Steps/Step2/Actions/Waarnemingen/common/Foto/FotoPanel.tsx,src/hooks/useContent.ts,Code call,typescript.call,removed,0,1,
src/Components/HomePage/Body/Left/Nabewerking/VluchtenZoeken/Steps/Step2/Actions/Waarnemingen/index.tsx,src/hooks/useContent.ts,Code call,typescript.call,removed,0,1,
src/Components/HomePage/Body/Left/Nabewerking/VluchtenZoeken/Steps/Step2/Actions/Waarnemingen/index.tsx,src/hooks/useLogAction.ts,Code call,typescript.call,removed,0,1,
src/Components/HomePage/Body/Left/Nabewerking/VluchtenZoeken/Steps/Step2/Buttons.tsx,src/hooks/useContent.ts,Code call,typescript.call,removed,0,1,
src/Components/HomePage/Body/Left/Nabewerking/VluchtenZoeken/Steps/Step2/Buttons.tsx,src/hooks/useLogAction.ts,Code call,typescript.call,removed,0,1,
src/Components/HomePage/Body/Left/Nabewerking/VluchtenZoeken/Steps/Step2/index.tsx,src/hooks/hover-click-handlers/useDrawPath.ts,Code call,typescript.call,removed,0,1,
src/Components/HomePage/Body/Left/Nabewerking/VluchtenZoeken/hooks/useFilterAndSortPlans.ts,src/hooks/filters/useFilterPlans.ts,Code call,typescript.call,removed,0,1,
src/Components/HomePage/Body/Left/Tools/AandachtspuntenVerwijderen/Actions/AddToPlan/StepNo/Buttons.tsx,src/hooks/useContent.ts,Code call,typescript.call,removed,0,1,
src/Components/HomePage/Body/Left/Tools/AandachtspuntenVerwijderen/Actions/AddToPlan/StepNo/Buttons.tsx,src/hooks/useLogAction.ts,Code call,typescript.call,removed,0,1,
src/Components/HomePage/Body/Left/Tools/AandachtspuntenVerwijderen/Actions/EditPointDetails/Steps/Step1/Buttons.tsx,src/hooks/useContent.ts,Code call,typescript.call,removed,0,1,
src/Components/HomePage/Body/Left/Tools/AandachtspuntenVerwijderen/Actions/EditPointDetails/Steps/Step1/Buttons.tsx,src/hooks/useLogAction.ts,Code call,typescript.call,removed,0,1,
src/Components/HomePage/Body/Left/Tools/AandachtspuntenVerwijderen/Actions/EditPointDetails/Steps/Step1/Form.tsx,src/hooks/useContent.ts,Code call,typescript.call,removed,0,1,
src/Components/HomePage/Body/Left/Tools/AandachtspuntenVerwijderen/Actions/EditPointDetails/Steps/Step2/Step2Sub1.tsx,src/hooks/useContent.ts,Code call,typescript.call,removed,0,1,
src/Components/HomePage/Body/Left/Tools/AandachtspuntenVerwijderen/Actions/EditPointDetails/Steps/Step2/Step2Sub1.tsx,src/hooks/useLogAction.ts,Code call,typescript.call,removed,0,1,
src/Components/HomePage/Body/Left/Tools/AandachtspuntenVerwijderen/Actions/Main/Buttons.tsx,src/hooks/useContent.ts,Code call,typescript.call,removed,0,1,
src/Components/HomePage/Body/Left/Tools/AandachtspuntenVerwijderen/Actions/Main/index.tsx,src/hooks/useContent.ts,Code call,typescript.call,removed,0,1,
src/Components/HomePage/Body/Left/Tools/EditGeometry/Buttons.tsx,src/hooks/useContent.ts,Code call,typescript.call,removed,0,1,
src/Components/HomePage/Body/Left/Tools/EditGeometry/EditForm/index.tsx,src/hooks/hover-click-handlers/useEditGeometryVerticesOnMap.ts,Code call,typescript.call,removed,0,1,
src/Components/HomePage/Body/Left/Tools/EditGeometry/EditForm/index.tsx,src/hooks/useContent.ts,Code call,typescript.call,removed,0,1,
src/Components/HomePage/Body/Left/Tools/EditGeometry/SingleGeometry.tsx,src/hooks/hover-click-handlers/useGeometryHover.ts,Code call,typescript.call,removed,0,1,
src/Components/HomePage/Body/Left/Tools/EditGeometry/index.tsx,src/hooks/hover-click-handlers/useGeometryHover.ts,Code call,typescript.call,removed,0,1,
src/Components/HomePage/Body/Left/Tools/EditGeometry/index.tsx,src/hooks/useLogAction.ts,Code call,typescript.call,removed,0,1,
src/Components/HomePage/Body/Left/Tools/Emailijst/List/Buttons.tsx,src/hooks/useContent.ts,Code call,typescript.call,removed,0,1,
src/Components/HomePage/Body/Left/Tools/Emailijst/List/Buttons.tsx,src/hooks/useLogAction.ts,Code call,typescript.call,removed,0,1,
src/Components/HomePage/Body/Left/Voorbereiding/AddPointsVluchtPlan/Common/Filter.tsx,src/hooks/consts/useGetActiviteis.ts,Code call,typescript.call,removed,0,1,
src/Components/HomePage/Body/Left/Voorbereiding/AddPointsVluchtPlan/Common/Filter.tsx,src/hooks/filters/useFilterPoints.ts,Code call,typescript.call,removed,0,1,
src/Components/HomePage/Body/Left/Voorbereiding/AddPointsVluchtPlan/Common/PointsList.tsx,src/hooks/hover-click-handlers/useDrawYellowMarkers.ts,Code call,typescript.call,removed,0,1,
src/Components/HomePage/Body/Left/Voorbereiding/AddPointsVluchtPlan/Common/PointsList.tsx,src/hooks/points/sortPointsWithSelectionOrder.ts,Code call,typescript.call,removed,0,1,
src/Components/HomePage/Body/Left/Voorbereiding/AddPointsVluchtPlan/Common/PointsList.tsx,src/hooks/useLogAction.ts,Code call,typescript.call,removed,0,1,
src/Components/HomePage/Body/Left/Voorbereiding/AddPointsVluchtPlan/Common/StepContent.tsx,src/hooks/features/useHoverPointsAndGeometries.ts,Code call,typescript.call,removed,0,1,
src/Components/HomePage/Body/Left/Voorbereiding/AddPointsVluchtPlan/Common/StepContent.tsx,src/hooks/features/useRenderLocalGeometries.ts,Code call,typescript.call,removed,0,1,
src/Components/HomePage/Body/Left/Voorbereiding/AddPointsVluchtPlan/Step2/Buttons.tsx,src/hooks/useContent.ts,Code call,typescript.call,removed,0,1,
src/Components/HomePage/Body/Left/Voorbereiding/AddPointsVluchtPlan/Step2/Buttons.tsx,src/hooks/useLogAction.ts,Code call,typescript.call,removed,0,1,
src/Components/HomePage/Body/Left/Voorbereiding/AddPointsVluchtPlan/Step3/Buttons.tsx,src/hooks/useContent.ts,Code call,typescript.call,removed,0,1,
src/Components/HomePage/Body/Left/Voorbereiding/AddPointsVluchtPlan/Step3/Buttons.tsx,src/hooks/useLogAction.ts,Code call,typescript.call,removed,0,1,
src/Components/HomePage/Body/Left/Voorbereiding/DrawingTool/Step1/index.tsx,src/hooks/useContent.ts,Code call,typescript.call,removed,0,1,
src/Components/HomePage/Body/Left/Voorbereiding/DrawingTool/Step2/Buttons.tsx,src/hooks/useContent.ts,Code call,typescript.call,removed,0,1,
src/Components/HomePage/Body/Left/Voorbereiding/EnrichedAddPoint/Steps/Step3/Buttons.tsx,src/hooks/useContent.ts,Code call,typescript.call,removed,0,1,
src/Components/HomePage/Body/Left/Voorbereiding/EnrichedAddPoint/Steps/Step3/Buttons.tsx,src/hooks/useLogAction.ts,Code call,typescript.call,removed,0,1,
src/Components/HomePage/Body/Left/Voorbereiding/EnrichedAddPoint/index.tsx,src/hooks/useContent.ts,Code call,typescript.call,removed,0,1,
src/Components/HomePage/Body/Left/Voorbereiding/EnrichedAddPoint/index.tsx,src/hooks/useLogAction.ts,Code call,typescript.call,removed,0,1,
src/Components/HomePage/Body/Left/Voorbereiding/FlightPlan/Common/Filter.tsx,src/hooks/consts/useGetActiviteis.ts,Code call,typescript.call,removed,0,1,
src/Components/HomePage/Body/Left/Voorbereiding/FlightPlan/Common/Filter.tsx,src/hooks/filters/useFilterGeometries.ts,Code call,typescript.call,removed,0,1,
src/Components/HomePage/Body/Left/Voorbereiding/FlightPlan/Common/Filter.tsx,src/hooks/filters/useFilterPoints.ts,Code call,typescript.call,removed,0,1,
src/Components/HomePage/Body/Left/Voorbereiding/FlightPlan/Common/GeometriesList.tsx,src/hooks/hover-click-handlers/useGeometryClick.ts,Code call,typescript.call,removed,0,1,
src/Components/HomePage/Body/Left/Voorbereiding/FlightPlan/Common/GeometriesList.tsx,src/hooks/hover-click-handlers/useGeometryHover.ts,Code call,typescript.call,removed,0,1,
src/Components/HomePage/Body/Left/Voorbereiding/FlightPlan/Common/GeometriesList.tsx,src/hooks/useLogAction.ts,Code call,typescript.call,removed,0,1,
src/Components/HomePage/Body/Left/Voorbereiding/FlightPlan/Common/PointsList.tsx,src/hooks/hover-click-handlers/useNearestPointClick.ts,Code call,typescript.call,removed,0,1,
src/Components/HomePage/Body/Left/Voorbereiding/FlightPlan/Common/PointsList.tsx,src/hooks/hover-click-handlers/usePointHover.ts,Code call,typescript.call,removed,0,1,
src/Components/HomePage/Body/Left/Voorbereiding/FlightPlan/Common/PointsList.tsx,src/hooks/points/sortPointsWithSelectionOrder.ts,Code call,typescript.call,removed,0,1,
src/Components/HomePage/Body/Left/Voorbereiding/FlightPlan/Common/SelectButtons.tsx,src/hooks/useContent.ts,Code call,typescript.call,removed,0,1,
src/Components/HomePage/Body/Left/Voorbereiding/FlightPlan/Steps/Step1/Buttons.tsx,src/hooks/useContent.ts,Code call,typescript.call,removed,0,1,
src/Components/HomePage/Body/Left/Voorbereiding/FlightPlan/Steps/Step1/Buttons.tsx,src/hooks/useLogAction.ts,Code call,typescript.call,removed,0,1,
src/Components/HomePage/Body/Left/Voorbereiding/FlightPlan/Steps/Step1/ImportVluchtPlan.tsx,src/hooks/consts/useGetOrganisaties.ts,Code call,typescript.call,removed,0,1,
src/Components/HomePage/Body/Left/Voorbereiding/FlightPlan/Steps/Step1/TemplateFlights/Fase3.tsx,src/hooks/hover-click-handlers/useGeometryHover.ts,Code call,typescript.call,removed,0,1,
src/Components/HomePage/Body/Left/Voorbereiding/FlightPlan/Steps/Step1/index.tsx,src/hooks/consts/useGetLuchtvaartuig.ts,Code call,typescript.call,removed,0,1,
src/Components/HomePage/Body/Left/Voorbereiding/FlightPlan/Steps/Step1/index.tsx,src/hooks/consts/useGetPiloot.ts,Code call,typescript.call,removed,0,1,
src/Components/HomePage/Body/Left/Voorbereiding/FlightPlan/Steps/Step1/index.tsx,src/hooks/consts/useGetWaarnemers.ts,Code call,typescript.call,removed,0,1,
src/Components/HomePage/Body/Left/Voorbereiding/FlightPlan/Steps/Step2/Buttons.tsx,src/hooks/useLogAction.ts,Code call,typescript.call,removed,0,1,
src/Components/HomePage/Body/Left/Voorbereiding/RemoveFlightPlan/Buttons.tsx,src/hooks/useContent.ts,Code call,typescript.call,removed,0,1,
src/Components/HomePage/Body/Left/Voorbereiding/RemoveFlightPlan/Buttons.tsx,src/hooks/useLogAction.ts,Code call,typescript.call,removed,0,1,
src/Components/HomePage/Body/Left/Voorbereiding/RemoveFlightPlan/Filter/index.tsx,src/hooks/filters/useFilterPlans.ts,Code call,typescript.call,removed,0,1,
src/Components/HomePage/Body/Left/Voorbereiding/RemoveFlightPlan/Filter/index.tsx,src/hooks/useContent.ts,Code call,typescript.call,removed,0,1,
src/Components/HomePage/Body/Left/Voorbereiding/RemoveFlightPlan/index.tsx,src/hooks/filters/useFilterPlans.ts,Code call,typescript.call,removed,0,1,
src/Components/HomePage/Body/Left/Voorbereiding/ReuseFlightPlan/Common/Filter.tsx,src/hooks/filters/useFilterPlans.ts,Code call,typescript.call,removed,0,1,
src/Components/HomePage/Body/Left/Voorbereiding/ReuseFlightPlan/Steps/Step2/FormInputs.tsx,src/hooks/consts/useGetLuchtvaartuig.ts,Code call,typescript.call,removed,0,1,
src/Components/HomePage/Body/Left/Voorbereiding/ReuseFlightPlan/Steps/Step2/FormInputs.tsx,src/hooks/consts/useGetPiloot.ts,Code call,typescript.call,removed,0,1,
src/Components/HomePage/Body/Left/Voorbereiding/ReuseFlightPlan/Steps/Step2/FormInputs.tsx,src/hooks/consts/useGetWaarnemers.ts,Code call,typescript.call,removed,0,1,
src/Components/HomePage/Body/Left/Voorbereiding/SelectedPoint/EditPointDetails/Steps/Step1.tsx,src/hooks/consts/useGetActiviteis.ts,Code call,typescript.call,removed,0,1,
src/Components/HomePage/Body/Left/Voorbereiding/SelectedPoint/EditPointDetails/Steps/Step1.tsx,src/hooks/consts/useGetOrganisaties.ts,Code call,typescript.call,removed,0,1,
src/Components/HomePage/Body/Left/Voorbereiding/SelectedPoint/EditPointDetails/Steps/Step1.tsx,src/hooks/features/useFetchInitialFeatures.ts,Code call,typescript.call,removed,0,1,
src/Components/HomePage/Body/Left/Voorbereiding/SelectedPoint/EditPointDetails/Steps/Step1.tsx,src/hooks/features/useResetFeatures.ts,Code call,typescript.call,removed,0,1,
src/Components/HomePage/Body/Left/Voorbereiding/SelectedPoint/EditPointDetails/Steps/Step1.tsx,src/hooks/useLogAction.ts,Code call,typescript.call,removed,0,1,
src/Components/HomePage/Body/Left/Voorbereiding/SelectedPoint/EditPointDetails/Steps/Step2/Step2Sub1.tsx,src/hooks/useLogAction.ts,Code call,typescript.call,removed,0,1,
src/Components/HomePage/Body/Left/Voorbereiding/SelectedPoint/SelectedPointDetails/index.tsx,src/hooks/consts/useGetActiviteis.ts,Code call,typescript.call,removed,0,1,
src/Components/HomePage/Body/Left/Voorbereiding/SelectedPoint/SelectedPointDetails/index.tsx,src/hooks/consts/useGetOrganisaties.ts,Code call,typescript.call,removed,0,1,
src/Components/HomePage/Body/Left/Voorbereiding/TemplateFlight/PointsList.tsx,src/hooks/hover-click-handlers/useDrawYellowMarkers.ts,Code call,typescript.call,removed,0,1,
src/Components/HomePage/Body/Left/Voorbereiding/TemplateFlight/PointsList.tsx,src/hooks/hover-click-handlers/useNearestPointClick.ts,Code call,typescript.call,removed,0,1,
src/Components/HomePage/Body/Left/Voorbereiding/TemplateFlight/PointsList.tsx,src/hooks/useLogAction.ts,Code call,typescript.call,removed,0,1,
src/Components/HomePage/Body/Left/Voorbereiding/TemplateFlight/Steps/Step1/Buttons.tsx,src/hooks/useContent.ts,Code call,typescript.call,removed,0,1,
src/Components/HomePage/Body/Left/Voorbereiding/TemplateFlight/Steps/Step1/Buttons.tsx,src/hooks/useLogAction.ts,Code call,typescript.call,removed,0,1,
src/Components/HomePage/Body/Left/Voorbereiding/TemplateFlight/Steps/Step2/Buttons.tsx,src/hooks/useContent.ts,Code call,typescript.call,removed,0,1,
src/Components/HomePage/Body/Left/Voorbereiding/TemplateFlight/Steps/Step2/Buttons.tsx,src/hooks/useLogAction.ts,Code call,typescript.call,removed,0,1,
src/Components/HomePage/Body/Left/Voorbereiding/TemplateFlight/Steps/Step2/index.tsx,src/hooks/useContent.ts,Code call,typescript.call,removed,0,1,
src/Components/HomePage/Body/Left/Voorbereiding/TemplateFlight/Steps/Step3/index.tsx,src/hooks/useContent.ts,Code call,typescript.call,removed,0,1,
src/Components/HomePage/Body/Left/Voorbereiding/ViewPlan/Filter/index.tsx,src/hooks/filters/useFilterPlans.ts,Code call,typescript.call,removed,0,1,
src/Components/HomePage/Body/Left/Voorbereiding/ViewPlan/Steps/AddPointStep/Steps/Step2/index.tsx,src/hooks/editPoint/useCoordinateSystemSync.ts,Code call,typescript.call,removed,0,1,
src/Components/HomePage/Body/Left/Voorbereiding/ViewPlan/Steps/AddPointStep/Steps/Step3/Buttons.tsx,src/hooks/useContent.ts,Code call,typescript.call,removed,0,1,
src/Components/HomePage/Body/Left/Voorbereiding/ViewPlan/Steps/AddPointStep/Steps/Step3/Form.tsx,src/hooks/consts/useGetActiviteis.ts,Code call,typescript.call,removed,0,1,
src/Components/HomePage/Body/Left/Voorbereiding/ViewPlan/Steps/AddPointStep/Steps/Step3/Form.tsx,src/hooks/consts/useGetOrganisaties.ts,Code call,typescript.call,removed,0,1,
src/Components/HomePage/Body/Left/Voorbereiding/ViewPlan/Steps/AddPointToPlan/index.tsx,src/hooks/features/useHoverPointsAndGeometries.ts,Code call,typescript.call,removed,0,1,
src/Components/HomePage/Body/Left/Voorbereiding/ViewPlan/Steps/AddPointToPlan/index.tsx,src/hooks/features/useRenderLocalGeometries.ts,Code call,typescript.call,removed,0,1,
src/Components/HomePage/Body/Left/Voorbereiding/ViewPlan/Steps/AddPointsFromPlan/SelectFromSource/index.tsx,src/hooks/useContent.ts,Code call,typescript.call,removed,0,1,
src/Components/HomePage/Body/Left/Voorbereiding/ViewPlan/Steps/DuplicateFlightPlan/Step2/Form.tsx,src/hooks/consts/useGetLuchtvaartuig.ts,Code call,typescript.call,removed,0,1,
src/Components/HomePage/Body/Left/Voorbereiding/ViewPlan/Steps/DuplicateFlightPlan/Step2/Form.tsx,src/hooks/consts/useGetPiloot.ts,Code call,typescript.call,removed,0,1,
src/Components/HomePage/Body/Left/Voorbereiding/ViewPlan/Steps/DuplicateFlightPlan/Step2/Form.tsx,src/hooks/consts/useGetWaarnemers.ts,Code call,typescript.call,removed,0,1,
src/Components/HomePage/Body/Left/Voorbereiding/ViewPlan/Steps/EditPoint/Form.tsx,src/hooks/consts/useGetActiviteis.ts,Code call,typescript.call,removed,0,1,
src/Components/HomePage/Body/Left/Voorbereiding/ViewPlan/Steps/EditPoint/Form.tsx,src/hooks/consts/useGetOrganisaties.ts,Code call,typescript.call,removed,0,1,
src/Components/HomePage/Body/Left/Voorbereiding/ViewPlan/Steps/Step1/Buttons.tsx,src/hooks/useLogAction.ts,Code call,typescript.call,removed,0,1,
src/Components/HomePage/Body/Left/Voorbereiding/ViewPlan/Steps/Step2/Form.tsx,src/hooks/consts/useGetPiloot.ts,Code call,typescript.call,removed,0,1,
src/Components/HomePage/Body/Left/Voorbereiding/ViewPlan/Steps/Step2/Form.tsx,src/hooks/consts/useGetWaarnemers.ts,Code call,typescript.call,removed,0,1,
src/Components/HomePage/Body/Left/Voorbereiding/ViewPlan/helpers/usePlanDuplicateState.ts,src/hooks/zustand/shared/flightPlanFormFields.ts,Code call,typescript.call,removed,0,1,
src/Components/HomePage/Body/Left/Voorbereiding/ViewPlan/helpers/usePlanDuplicateState.ts,src/hooks/zustand/shared/flightPlanFormFields.ts,Code call,typescript.extends,removed,0,2,
src/Components/HomePage/Body/Left/Voorbereiding/ViewPlan/index.tsx,src/hooks/features/useResetFeatures.ts,Code call,typescript.call,removed,0,1,
src/Components/HomePage/Body/Left/Voorbereiding/ViewPlan/index.tsx,src/hooks/useRenderVluchtPlans.ts,Code call,typescript.call,removed,0,1,
src/Components/HomePage/Body/MapViewComp/index.tsx,src/hooks/hover-click-handlers/useFeatureLayerLabels.ts,Code call,typescript.call,removed,0,1,
src/Components/HomePage/Head/Common/FilterTabs.tsx,src/hooks/features/useResetFeatures.ts,Code call,typescript.call,removed,0,1,
src/Components/HomePage/Head/Common/Pages.tsx,src/hooks/useLogAction.ts,Code call,typescript.call,removed,0,1,
src/Components/HomePage/Head/HeadButtonsTimeslider.tsx,src/hooks/useTimeRange.ts,Code call,typescript.call,removed,0,1,
src/Components/HomePage/Head/Users/UserList.tsx,src/hooks/consts/useGetRegios.ts,Code call,typescript.call,removed,0,1,
src/api-hooks/flightPlans/useFlightPlanLookupQueries.ts,src/lib/useDebouncedValue.ts,Code call,typescript.call,new,2,,
src/api-hooks/mutations/useApiMutation.ts,src/lib/invalidateAfterMutation.ts,Code call,typescript.call,new,1,,
src/api-hooks/points/usePointLookupQueries.ts,src/lib/useDebouncedValue.ts,Code call,typescript.call,new,2,,
src/utils/useCreateData.ts,src/lib/invalidateAfterMutation.ts,Code call,typescript.call,removed,0,1,
src/utils/useDeleteData.ts,src/lib/invalidateAfterMutation.ts,Code call,typescript.call,removed,0,1,
src/utils/useUpdateData.ts,src/lib/invalidateAfterMutation.ts,Code call,typescript.call,removed,0,1,
src/Components/HomePage/Body/Bottom/ClickedPointFunctions.tsx,src/utils/useDeleteData.ts,Code call,typescript.call,removed,0,1,
src/Components/HomePage/Body/Bottom/ClickedTableFunctions/PlansList.tsx,src/utils/useDeleteData.ts,Code call,typescript.call,removed,0,1,
src/Components/HomePage/Body/Left/Common/SearchedResultsTab/FlightPlans/FlightPlanDetails/DropDown.tsx,src/utils/useDeleteData.ts,Code call,typescript.call,removed,0,1,
src/Components/HomePage/Body/Left/Common/SearchedResultsTab/Functions/AddPoint/Step2/Buttons.tsx,src/utils/useUpdateData.ts,Code call,typescript.call,removed,0,1,
src/Components/HomePage/Body/Left/Nabewerking/ChangeFlightPlanStatus/ConfirmModal.tsx,src/utils/useUpdateData.ts,Code call,typescript.call,removed,0,1,
src/Components/HomePage/Body/Left/Nabewerking/VluchtenZoeken/Steps/Step2/Actions/EditFlight/Buttons.tsx,src/utils/useUpdateData.ts,Code call,typescript.call,removed,0,1,
src/Components/HomePage/Body/Left/Nabewerking/VluchtenZoeken/Steps/Step2/Actions/Waarnemingen/EditPointDetails/Actions/ChangePoint/index.tsx,src/utils/useUpdateData.ts,Code call,typescript.call,removed,0,1,
src/Components/HomePage/Body/Left/Nabewerking/VluchtenZoeken/Steps/Step2/Actions/Waarnemingen/EditPointDetails/Actions/DeletePoint/index.tsx,src/utils/useDeleteData.ts,Code call,typescript.call,removed,0,1,
src/Components/HomePage/Body/Left/Nabewerking/VluchtenZoeken/Steps/Step2/Actions/Waarnemingen/EditPointDetails/Actions/EditPointCoordinates/index.tsx,src/utils/useUpdateData.ts,Code call,typescript.call,removed,0,1,
src/Components/HomePage/Body/Left/Nabewerking/VluchtenZoeken/Steps/Step2/Actions/Waarnemingen/EditPointDetails/Actions/Form/index.tsx,src/utils/useUpdateData.ts,Code call,typescript.call,removed,0,1,
src/Components/HomePage/Body/Left/Nabewerking/VluchtenZoeken/Steps/Step2/Actions/Waarnemingen/common/Foto/CreateImageBtn.tsx,src/utils/useCreateData.ts,Code call,typescript.call,removed,0,1,
src/Components/HomePage/Body/Left/Nabewerking/VluchtenZoeken/Steps/Step2/Actions/Waarnemingen/common/Foto/CreateImageBtn.tsx,src/utils/useUpdateData.ts,Code call,typescript.call,removed,0,1,
src/Components/HomePage/Body/Left/Nabewerking/VluchtenZoeken/Steps/Step2/Actions/Waarnemingen/common/Foto/FotoPanel.tsx,src/utils/useUpdateData.ts,Code call,typescript.call,removed,0,1,
src/Components/HomePage/Body/Left/Tools/AandachtspuntenVerwijderen/Actions/AddToPlan/StepNo/Buttons.tsx,src/utils/useUpdateData.ts,Code call,typescript.call,removed,0,1,
src/Components/HomePage/Body/Left/Tools/AandachtspuntenVerwijderen/Actions/DeletePoint/index.tsx,src/utils/useDeleteData.ts,Code call,typescript.call,removed,0,1,
src/Components/HomePage/Body/Left/Tools/AandachtspuntenVerwijderen/Actions/EditPointDetails/Steps/Step1/Buttons.tsx,src/utils/useUpdateData.ts,Code call,typescript.call,removed,0,1,
src/Components/HomePage/Body/Left/Tools/AandachtspuntenVerwijderen/Actions/EditPointDetails/Steps/Step2/index.tsx,src/utils/useUpdateData.ts,Code call,typescript.call,removed,0,1,
src/Components/HomePage/Body/Left/Tools/AandachtspuntenVerwijderen/Actions/Main/Buttons.tsx,src/utils/useDeleteData.ts,Code call,typescript.call,removed,0,1,
src/Components/HomePage/Body/Left/Tools/EditGeometry/EditForm/index.tsx,src/utils/useUpdateData.ts,Code call,typescript.call,removed,0,1,
src/Components/HomePage/Body/Left/Tools/EditGeometry/index.tsx,src/utils/useDeleteData.ts,Code call,typescript.call,removed,0,1,
src/Components/HomePage/Body/Left/Tools/EditGeometry/index.tsx,src/utils/useUpdateData.ts,Code call,typescript.call,removed,0,1,
src/Components/HomePage/Body/Left/Tools/Emailijst/AddEmail/index.tsx,src/utils/useCreateData.ts,Code call,typescript.call,removed,0,1,
src/Components/HomePage/Body/Left/Tools/Emailijst/DeleteEmail/index.tsx,src/utils/useDeleteData.ts,Code call,typescript.call,removed,0,1,
src/Components/HomePage/Body/Left/Tools/Emailijst/EditEmail/index.tsx,src/utils/useUpdateData.ts,Code call,typescript.call,removed,0,1,
src/Components/HomePage/Body/Left/Voorbereiding/AddPointsVluchtPlan/Step3/Buttons.tsx,src/utils/useUpdateData.ts,Code call,typescript.call,removed,0,1,
src/Components/HomePage/Body/Left/Voorbereiding/DrawingTool/Step2/Buttons.tsx,src/utils/useCreateData.ts,Code call,typescript.call,removed,0,1,
src/Components/HomePage/Body/Left/Voorbereiding/EnrichedAddPoint/Steps/Step3/Buttons.tsx,src/utils/useCreateData.ts,Code call,typescript.call,removed,0,1,
src/Components/HomePage/Body/Left/Voorbereiding/FlightPlan/Steps/Step1/ImportVluchtPlan.tsx,src/utils/useCreateData.ts,Code call,typescript.call,removed,0,1,
src/Components/HomePage/Body/Left/Voorbereiding/FlightPlan/Steps/Step1/TemplateFlights/index.tsx,src/utils/useCreateData.ts,Code call,typescript.call,removed,0,1,
src/Components/HomePage/Body/Left/Voorbereiding/FlightPlan/Steps/Step3/Buttons.tsx,src/utils/useCreateData.ts,Code call,typescript.call,removed,0,1,
src/Components/HomePage/Body/Left/Voorbereiding/PrepareFlightPlan/index.tsx,src/utils/useUpdateData.ts,Code call,typescript.call,removed,0,1,
src/Components/HomePage/Body/Left/Voorbereiding/RemoveFlightPlan/CongfirmationModal.tsx,src/utils/useDeleteData.ts,Code call,typescript.call,removed,0,1,
src/Components/HomePage/Body/Left/Voorbereiding/ReuseFlightPlan/Steps/Step2/Buttons.tsx,src/utils/useCreateData.ts,Code call,typescript.call,removed,0,1,
src/Components/HomePage/Body/Left/Voorbereiding/SelectedPoint/AddToPlan/StepMultiplePoints/Buttons.tsx,src/utils/useUpdateData.ts,Code call,typescript.call,removed,0,1,
src/Components/HomePage/Body/Left/Voorbereiding/SelectedPoint/AddToPlan/StepNo/Buttons.tsx,src/utils/useUpdateData.ts,Code call,typescript.call,removed,0,1,
src/Components/HomePage/Body/Left/Voorbereiding/SelectedPoint/DeletePoint/index.tsx,src/utils/useUpdateData.ts,Code call,typescript.call,removed,0,1,
src/Components/HomePage/Body/Left/Voorbereiding/SelectedPoint/EditPointDetails/Steps/Step1.tsx,src/utils/useUpdateData.ts,Code call,typescript.call,removed,0,1,
src/Components/HomePage/Body/Left/Voorbereiding/SelectedPoint/EditPointDetails/Steps/Step2/index.tsx,src/utils/useUpdateData.ts,Code call,typescript.call,removed,0,1,
src/Components/HomePage/Body/Left/Voorbereiding/TemplateFlight/Steps/Step1/Buttons.tsx,src/utils/useCreateData.ts,Code call,typescript.call,removed,0,1,
src/Components/HomePage/Body/Left/Voorbereiding/TemplateFlight/Steps/Step3/Buttons.tsx,src/utils/useCreateData.ts,Code call,typescript.call,removed,0,1,
src/Components/HomePage/Body/Left/Voorbereiding/ViewPlan/Steps/AddPointStep/Steps/Step3/Buttons.tsx,src/utils/useCreateData.ts,Code call,typescript.call,removed,0,1,
src/Components/HomePage/Body/Left/Voorbereiding/ViewPlan/Steps/AddPointStep/Steps/Step3/Buttons.tsx,src/utils/useUpdateData.ts,Code call,typescript.call,removed,0,1,
src/Components/HomePage/Body/Left/Voorbereiding/ViewPlan/Steps/AddPointToPlan/index.tsx,src/utils/useUpdateData.ts,Code call,typescript.call,removed,0,1,
src/Components/HomePage/Body/Left/Voorbereiding/ViewPlan/Steps/AddPointsFromPlan/SelectFromSource/index.tsx,src/utils/useUpdateData.ts,Code call,typescript.call,removed,0,1,
src/Components/HomePage/Body/Left/Voorbereiding/ViewPlan/Steps/DuplicateFlightPlan/Step2/Buttons.tsx,src/utils/useCreateData.ts,Code call,typescript.call,removed,0,1,
src/Components/HomePage/Body/Left/Voorbereiding/ViewPlan/Steps/EditPoint/Buttons/RemovePoint.tsx,src/utils/useUpdateData.ts,Code call,typescript.call,removed,0,1,
src/Components/HomePage/Body/Left/Voorbereiding/ViewPlan/Steps/EditPoint/Buttons/Submit.tsx,src/utils/useUpdateData.ts,Code call,typescript.call,removed,0,1,
src/Components/HomePage/Body/Left/Voorbereiding/ViewPlan/Steps/Step2/Buttons.tsx,src/utils/useUpdateData.ts,Code call,typescript.call,removed,0,1,
src/api-hooks/flightPlans/useSearchedFlightPlans.ts,src/utils/useDebouncedValue.ts,Code call,typescript.call,removed,0,1,
src/api-hooks/flightPlans/useVluchtnummerExists.ts,src/utils/useDebouncedValue.ts,Code call,typescript.call,removed,0,1,
src/api-hooks/points/useDuplicateOmschrijvingCount.ts,src/utils/useDebouncedValue.ts,Code call,typescript.call,removed,0,1,
src/api-hooks/points/useSearchedPoints.ts,src/utils/useDebouncedValue.ts,Code call,typescript.call,removed,0,1,
src/hooks/useLogAction.ts,src/utils/useCreateData.ts,Code call,typescript.call,removed,0,1,
