Name,Status,Lines of code,Lines of code (Before),Duplication,Duplication (Before)
src/App.tsx,recurring,43,56,0,0
src/applyAuthMeBootstrap.ts,new,46,-,0,-
src/bootstrapAuthMe.ts,new,37,-,0,-
src/index.css,recurring,195,195,0,0
src/index.tsx,recurring,24,24,0,0
dockerfile,recurring,14,14,0,0
index.html,recurring,22,22,0,31.58
package.json,recurring,-,-,-,-
tsconfig.json,recurring,-,-,-,-
tsconfig.node.json,recurring,-,-,-,-
backend/dockerfile,recurring,59,59,0,0
backend/package.json,recurring,-,-,-,-
backend/src/app.ts,recurring,6,105,0,0
backend/src/configureExpressApp.ts,new,8,-,0,-
backend/src/db.ts,recurring,20,20,0,0
backend/src/server.ts,recurring,19,47,0,0
backend/src/serverEnv.ts,new,36,-,0,-
backend/src/serverListen.ts,new,29,-,0,-
backend/tsconfig.json,recurring,-,-,-,-
backend/scripts/flightPlanRegioCaseDefinitions.ts,new,21,-,0,-
backend/scripts/regioPlanAssertions.ts,new,46,-,0,-
backend/scripts/regioVerificationTypes.ts,new,9,-,0,-
backend/scripts/runAdditionalFlightPlanRegioChecks.ts,new,24,-,0,-
backend/scripts/runFlightPlanRegioCases.ts,new,36,-,0,-
backend/scripts/verify-regio-apis.ts,recurring,88,419,0,4.05
backend/scripts/verifyRegioApisHelpers.ts,new,83,-,0,-
backend/scripts/verifyRegioFlightPlanCases.ts,new,7,-,0,-
backend/scripts/verifyRegioPointsGeometries.ts,new,73,-,22.22,-
backend/src/config/allowlist.ts,recurring,13,13,0,0
backend/src/configure/configureBodyParsersAndSwagger.ts,new,29,-,0,-
backend/src/configure/configureCorsMiddleware.ts,new,20,-,0,-
backend/src/configure/configureRequestMiddleware.ts,new,12,-,0,-
backend/src/configure/registerApplicationRoutes.ts,new,49,-,0,-
backend/src/helpers/firstNonEmpty.ts,new,9,-,0,-
backend/src/helpers/buildErrorPayload.ts,removed,-,13,-,0
backend/src/helpers/entityDeleteHelpers.ts,removed,-,77,-,0
backend/src/helpers/escapeHtml.ts,removed,-,8,-,0
backend/src/helpers/fileDownloadHelpers.ts,removed,-,32,-,0
backend/src/helpers/finishedPlanRouteHelpers.ts,removed,-,32,-,0
backend/src/helpers/renderDownloadPage.ts,removed,-,53,-,0
backend/src/helpers/requirePassword.ts,removed,-,35,-,0
backend/src/helpers/requireSessionAuth.ts,removed,-,10,-,0
backend/src/helpers/resolveRegioFilter.ts,removed,-,57,-,0
backend/src/helpers/routeResponses.ts,removed,-,35,-,0
backend/src/helpers/runReturningUpdate.ts,removed,-,77,-,37.29
backend/src/helpers/validateBody.ts,removed,-,20,-,0
backend/src/helpers/auth/ensureFreshSession.ts,new,19,-,0,-
backend/src/helpers/auth/ensureFreshSessionHelpers.ts,new,37,-,0,-
backend/src/helpers/auth/ensureFreshSessionTypes.ts,new,5,-,0,-
backend/src/helpers/auth/legacyAuthUsageMonitor.ts,new,41,-,0,-
backend/src/helpers/auth/realmAdminAuth.ts,new,31,-,0,-
backend/src/helpers/auth/requirePassword.ts,new,35,-,0,-
backend/src/helpers/auth/requireSessionAuth.ts,new,12,-,0,-
backend/src/helpers/cors/allowedOrigins.ts,new,15,-,0,-
backend/src/helpers/downloads/fileDownloadHelpers.ts,new,36,-,0,-
backend/src/helpers/entities/entityDeleteHelpers.ts,new,94,-,0,-
backend/src/helpers/finished-plans/createFinishedPlanDb.ts,new,262,-,0,-
backend/src/helpers/finished-plans/finishedPlanRouteHelpers.ts,new,32,-,0,-
backend/src/helpers/html/buildHtml.ts,recurring,37,37,0,0
backend/src/helpers/html/escapeHtml.ts,new,8,-,0,-
backend/src/helpers/html/renderDownloadPage.ts,new,53,-,0,-
backend/src/helpers/http/buildErrorPayload.ts,new,13,-,0,-
backend/src/helpers/http/createStatusUpdateHandler.ts,new,21,-,0,-
backend/src/helpers/http/outboundHttpProxy.ts,new,22,-,0,-
backend/src/helpers/http/rejectIfMissingFields.ts,new,21,-,0,-
backend/src/helpers/http/rollbackTransactionWithServerError.ts,new,36,-,0,-
backend/src/helpers/http/routeResponses.ts,new,41,-,0,-
backend/src/helpers/http/runReturningUpdate.ts,new,132,-,0,-
backend/src/helpers/http/validateBody.ts,new,20,-,0,-
backend/src/helpers/points/createPointFromImportDb.ts,new,148,-,0,-
backend/src/helpers/points/importPointRowNormalization.ts,new,114,-,0,-
backend/src/helpers/queries/consts/fetchConstLookup.ts,new,37,-,0,-
backend/src/helpers/queries/finished-plans/buildFinishedFlightPlansListQuery.ts,new,24,-,0,-
backend/src/helpers/queries/finished-plans/buildFinishedFlightPlansListSelect.ts,new,4,-,0,-
backend/src/helpers/queries/finished-plans/buildFinishedPlanQuery.ts,new,39,-,0,-
backend/src/helpers/queries/finished-plans/buildFinishedPlanRegioWhereClause.ts,new,31,-,0,-
backend/src/helpers/queries/finished-plans/buildFinishedPlansTimeRangeQuery.ts,new,23,-,0,-
backend/src/helpers/queries/finished-plans/buildFinishedPlansWithPointsHelpers.ts,new,62,-,0,-
backend/src/helpers/queries/finished-plans/buildSingleFinishedFlightPlanQuery.ts,new,13,-,0,-
backend/src/helpers/queries/finished-plans/fetchAttachmentsForPlanPoint.ts,new,19,-,0,-
backend/src/helpers/queries/finished-plans/singleFinishedPlanCtes.ts,new,3,-,0,-
backend/src/helpers/queries/finished-plans/updateFinishedPointAttachmentsTx.ts,new,48,-,0,-
backend/src/helpers/queries/flight-plans/appendFlightPlanWhereClause.ts,new,49,-,0,-
backend/src/helpers/queries/flight-plans/buildFlightPlanQuery.ts,new,32,-,0,-
backend/src/helpers/queries/flight-plans/buildFlightPlanQueryParts.ts,new,4,-,0,-
backend/src/helpers/queries/flight-plans/buildFlightPlanSelectBody.ts,new,1,-,0,-
backend/src/helpers/queries/flight-plans/deleteFinishedFlightPlan.ts,new,48,-,0,-
backend/src/helpers/queries/flight-plans/fetchFlightPlanList.ts,new,58,-,0,-
backend/src/helpers/queries/flight-plans/fetchFlightPlanListHelpers.ts,new,71,-,0,-
backend/src/helpers/queries/flight-plans/flightPlanColumnTypes.ts,new,12,-,0,-
backend/src/helpers/queries/flight-plans/flightPlanColumns.ts,new,16,-,0,-
backend/src/helpers/queries/flight-plans/flightPlanExtraColumns.ts,new,8,-,0,-
backend/src/helpers/queries/flight-plans/flightPlanFieldNormalize.ts,new,17,-,0,-
backend/src/helpers/queries/flight-plans/flightPlanFieldSql.ts,new,6,-,0,-
backend/src/helpers/queries/flight-plans/flightPlanFields.ts,new,13,-,0,-
backend/src/helpers/queries/flight-plans/flightPlanJoin.ts,new,5,-,0,-
backend/src/helpers/queries/flight-plans/flightPlansByPointQuery.ts,new,1,-,0,-
backend/src/helpers/queries/flight-plans/resolveFlightPlanColumnPreset.ts,new,39,-,0,-
backend/src/helpers/queries/flight-plans/resolveFlightPlanQueryDefaults.ts,new,84,-,0,-
backend/src/helpers/queries/flight-plans/sendFlightPlanListError.ts,new,34,-,0,-
backend/src/helpers/queries/geometries/buildTemplateGeometryGroup.ts,new,50,-,0,-
backend/src/helpers/queries/geometries/createGeometryDb.ts,new,18,-,0,-
backend/src/helpers/queries/geometries/createGeometryInsert.ts,new,19,-,0,-
backend/src/helpers/queries/geometries/formatPlanGeometries.ts,new,191,-,0,-
backend/src/helpers/queries/geometries/geometryJson.ts,new,56,-,0,-
backend/src/helpers/queries/geometries/geometryMetadataValues.ts,new,34,-,0,-
backend/src/helpers/queries/geometries/geometryRouteHelpers.ts,new,37,-,0,-
backend/src/helpers/queries/geometries/updateGeometryPoints.ts,new,39,-,0,-
backend/src/helpers/queries/geometries/updateGeometryTransaction.ts,new,25,-,0,-
backend/src/helpers/queries/geometries/updateGeometryTransactionHelpers.ts,new,49,-,0,-
backend/src/helpers/queries/points/buildPointSearchQuery.ts,new,13,-,0,-
backend/src/helpers/queries/points/buildPointsListQuery.ts,new,96,-,0,-
backend/src/helpers/queries/points/normalizePointCoreFields.ts,new,53,-,0,-
backend/src/helpers/queries/points/pointCoreColumns.ts,new,40,-,0,-
backend/src/helpers/queries/points/pointFields.ts,new,21,-,0,-
backend/src/helpers/queries/points/pointJson.ts,new,174,-,0,-
backend/src/helpers/queries/points/pointSqlBuilders.ts,new,39,-,0,-
backend/src/helpers/queries/shared/parsePlanIds.ts,new,15,-,0,-
backend/src/helpers/queries/shared/regioFilter.ts,new,99,-,0,-
backend/src/helpers/queries/shared/resolveRegioFilter.ts,new,92,-,0,-
backend/src/helpers/queries/templates/fetchTemplateFlightPlanListHelpers.ts,new,37,-,0,-
backend/src/helpers/queries/templates/templatePlanHelpers.ts,new,36,-,0,-
backend/src/helpers/queries/timeslider/timesliderPlanImages.ts,new,44,-,0,-
backend/src/helpers/queries/timeslider/timesliderPlanImagesFetch.ts,new,27,-,0,-
backend/src/helpers/queries/timeslider/timesliderPlanImagesMap.ts,new,29,-,0,-
backend/src/helpers/queries/timeslider/timesliderPlanImagesParse.ts,new,39,-,0,-
backend/src/helpers/queries/timeslider/timesliderPlanImagesQuery.ts,new,27,-,0,-
backend/src/helpers/queries/buildFinishedPlanQuery.ts,removed,-,195,-,0
backend/src/helpers/queries/buildFlightPlanQuery.ts,removed,-,82,-,0
backend/src/helpers/queries/buildPointSearchQuery.ts,removed,-,20,-,0
backend/src/helpers/queries/fetchConstLookup.ts,removed,-,38,-,0
backend/src/helpers/queries/fetchFlightPlanList.ts,removed,-,53,-,0
backend/src/helpers/queries/flightPlanColumns.ts,removed,-,56,-,0
backend/src/helpers/queries/flightPlanFields.ts,removed,-,98,-,0
backend/src/helpers/queries/flightPlanJoin.ts,removed,-,18,-,0
backend/src/helpers/queries/formatPlanGeometries.ts,removed,-,194,-,8.55
backend/src/helpers/queries/geometryJson.ts,removed,-,54,-,15.69
backend/src/helpers/queries/geometryRouteHelpers.ts,removed,-,72,-,0
backend/src/helpers/queries/logFields.ts,removed,-,65,-,0
backend/src/helpers/queries/parsePlanIds.ts,removed,-,15,-,0
backend/src/helpers/queries/pointFields.ts,removed,-,102,-,14.89
backend/src/helpers/queries/pointJson.ts,removed,-,174,-,0
backend/src/helpers/queries/regioFilter.ts,removed,-,73,-,0
backend/src/helpers/queries/templatePlanHelpers.ts,removed,-,55,-,0
backend/src/helpers/queries/timesliderPlanImages.ts,removed,-,128,-,0
backend/src/helpers/redis/connectRedisClient.ts,new,44,-,0,-
backend/src/helpers/redis/getRedisClient.ts,new,58,-,0,-
backend/src/helpers/repositories/attachmentsRepo.ts,new,108,-,0,-
backend/src/helpers/repositories/finishedPlansPathRepo.ts,new,30,-,0,-
backend/src/helpers/repositories/finishedPlansQuerySql.ts,new,125,-,0,-
backend/src/helpers/repositories/finishedPlansRepo.ts,new,102,-,0,-
backend/src/helpers/repositories/finishedPlansTimesliderQuery.ts,new,43,-,0,-
backend/src/helpers/repositories/flightPlanJoinSql.ts,new,58,-,0,-
backend/src/helpers/repositories/flightPlanSelectSql.ts,new,34,-,0,-
backend/src/helpers/repositories/flightPlansByPointQuery.ts,new,29,-,0,-
backend/src/helpers/repositories/flightPlansRepo.ts,new,248,-,9.94,-
backend/src/helpers/repositories/geometriesRepo.ts,new,93,-,0,-
backend/src/helpers/repositories/pointsRepo.ts,new,212,-,0,-
backend/src/helpers/repositories/queryable.ts,new,2,-,0,-
backend/src/helpers/repositories/templatePlansRepo.ts,new,53,-,0,-
backend/src/helpers/repositories/usersRepo.ts,new,41,-,0,-
backend/src/helpers/session/createSessionMiddleware.ts,new,23,-,0,-
backend/src/helpers/session/sessionStoreSetup.ts,new,74,-,0,-
backend/src/helpers/uploads/multerErrorMessage.ts,new,22,-,0,-
backend/src/helpers/uploads/multerSecurityLimits.ts,new,4,-,0,-
backend/src/helpers/uploads/reportUploadResponse.ts,new,18,-,0,-
backend/src/helpers/validators/finishedPlan.ts,recurring,82,80,0,11.76
backend/src/helpers/validators/incomingPointCoreFields.ts,new,17,-,0,-
backend/src/helpers/validators/validateFinishedPlanPoint.ts,new,20,-,0,-
backend/src/routes/apiMain.ts,recurring,6,6,0,0
backend/src/routes/directDownload.ts,recurring,14,14,0,0
backend/src/routes/fileDownload.ts,recurring,93,104,0,0
backend/src/routes/fileDownloadHelpers.ts,new,63,-,0,-
backend/src/routes/installers.ts,recurring,30,138,0,5.83
backend/src/routes/installersHandlers.ts,new,55,-,0,-
backend/src/routes/installersStorage.ts,new,40,-,0,-
backend/src/routes/installersUpload.ts,new,31,-,0,-
backend/src/routes/main.ts,recurring,6,6,0,0
backend/src/routes/passwordStore.ts,recurring,41,41,0,0
backend/src/routes/reportUpload.ts,recurring,96,107,0,0
backend/src/routes/swagger.ts,recurring,1,69,0,0
backend/src/routes/swaggerInfo.ts,new,16,-,0,-
backend/src/routes/swaggerOptions.ts,new,20,-,0,-
backend/src/routes/swaggerServers.ts,new,17,-,0,-
backend/src/routes/swaggerSetup.ts,new,20,-,0,-
backend/src/routes/swaggerTags.ts,new,12,-,0,-
backend/src/routes/arcgis/arcgisGetProxyHelpers.ts,new,43,-,0,-
backend/src/routes/arcgis/arcgisRouteHandlers.ts,new,29,-,0,-
backend/src/routes/arcgis/index.ts,recurring,9,50,0,0
backend/src/routes/arcgis/postProxyHandler.ts,recurring,21,88,0,0
backend/src/routes/arcgis/postProxyHelpers.ts,new,93,-,0,-
backend/src/routes/arcgis/postProxyTarget.ts,new,48,-,0,-
backend/src/routes/arcgis/proxyShared.ts,recurring,74,48,0,0
backend/src/routes/auth2/attemptPasswordGrant.ts,new,20,-,0,-
backend/src/routes/auth2/auth2ClassifierDebug.ts,new,19,-,0,-
backend/src/routes/auth2/authClientHeader.ts,new,22,-,0,-
backend/src/routes/auth2/authErrorResponses.ts,new,39,-,0,-
backend/src/routes/auth2/authRateLimit.ts,new,63,-,0,-
backend/src/routes/auth2/authRateLimitHelpers.ts,new,70,-,0,-
backend/src/routes/auth2/authSecurityConfig.ts,new,16,-,0,-
backend/src/routes/auth2/authSecurityLog.ts,new,26,-,0,-
backend/src/routes/auth2/authSecurityLogHelpers.ts,new,34,-,0,-
backend/src/routes/auth2/authenticateOrRespondToVerifyFailure.ts,new,24,-,0,-
backend/src/routes/auth2/buildAuth2MeBody.ts,new,27,-,0,-
backend/src/routes/auth2/buildStep2LoginFailureBody.ts,new,30,-,0,-
backend/src/routes/auth2/classifyGrantFailure.ts,new,57,-,0,-
backend/src/routes/auth2/classifyStep2OtpLoginFailure.ts,new,59,-,0,-
backend/src/routes/auth2/grantError.ts,new,89,-,0,-
backend/src/routes/auth2/grantFailureSignals.ts,new,48,-,0,-
backend/src/routes/auth2/grantHelpers.ts,new,10,-,0,-
backend/src/routes/auth2/index.ts,new,26,-,0,-
backend/src/routes/auth2/keycloakUserLookup.ts,new,82,-,0,-
backend/src/routes/auth2/keycloakUserResolve.ts,new,64,-,0,-
backend/src/routes/auth2/loginErrorDecision.ts,new,38,-,0,-
backend/src/routes/auth2/loginErrorDecisionTypes.ts,new,10,-,0,-
backend/src/routes/auth2/loginFlow.ts,new,39,-,0,-
backend/src/routes/auth2/loginFlowHelpers.ts,new,80,-,0,-
backend/src/routes/auth2/loginHandler.ts,new,24,-,0,-
backend/src/routes/auth2/logoutHandler.ts,new,28,-,0,-
backend/src/routes/auth2/mapLoginError.ts,new,35,-,0,-
backend/src/routes/auth2/mapLoginErrorDebug.ts,new,59,-,0,-
backend/src/routes/auth2/meHandler.ts,new,29,-,0,-
backend/src/routes/auth2/persistLoginSession.ts,new,27,-,0,-
backend/src/routes/auth2/requireAuthClientHeader.ts,new,19,-,0,-
backend/src/routes/auth2/resolveCredentialOrAmbiguousLoginError.ts,new,57,-,0,-
backend/src/routes/auth2/respondToVerifyGrantFailure.ts,new,80,-,0,-
backend/src/routes/auth2/validateLoginInput.ts,new,51,-,0,-
backend/src/routes/auth2/verifyCredentialsFlow.ts,new,66,-,0,-
backend/src/routes/auth2/verifyCredentialsHandler.ts,new,66,-,0,-
backend/src/routes/auth2/verifyCredentialsResponses.ts,new,47,-,0,-
backend/src/routes/auth2/verifyLoggedResponse.ts,new,49,-,0,-
backend/src/routes/auth/index.ts,recurring,5,5,0,0
backend/src/routes/auth/jwt.ts,recurring,13,13,0,0
backend/src/routes/auth/loginUser.ts,recurring,26,58,0,0
backend/src/routes/auth/loginUserHelpers.ts,new,47,-,0,-
backend/src/routes/auth/oidc.ts,recurring,14,74,0,0
backend/src/routes/auth/oidcClientCache.ts,new,81,-,0,-
backend/src/routes/auth/oidcProfile.ts,new,29,-,0,-
backend/src/routes/auth/oidcProfiles.ts,recurring,26,26,0,0
backend/src/routes/auth/authKeycloak/buildMeResponse.ts,new,78,-,0,-
backend/src/routes/auth/authKeycloak/callbackHandler.ts,recurring,25,37,0,0
backend/src/routes/auth/authKeycloak/desktopOkHandler.ts,recurring,8,8,0,0
backend/src/routes/auth/authKeycloak/index.ts,recurring,15,15,0,0
backend/src/routes/auth/authKeycloak/loginDirectHandler.ts,recurring,16,56,0,0
backend/src/routes/auth/authKeycloak/loginDirectHelpers.ts,new,49,-,0,-
backend/src/routes/auth/authKeycloak/loginHandler.ts,recurring,31,38,0,0
backend/src/routes/auth/authKeycloak/loginHandlerHelpers.ts,new,36,-,0,-
backend/src/routes/auth/authKeycloak/logoutHandler.ts,recurring,37,25,0,0
backend/src/routes/auth/authKeycloak/mapDirectLoginError.ts,new,22,-,0,-
backend/src/routes/auth/authKeycloak/meHandler.ts,recurring,12,40,0,0
backend/src/routes/auth/authKeycloak/persistDirectLoginSession.ts,new,12,-,0,-
backend/src/routes/auth/authKeycloak/resolveCallbackRedirect.ts,new,21,-,0,-
backend/src/routes/auth/authKeycloak/resolvePostLoginRedirect.ts,recurring,43,43,0,0
backend/src/routes/auth/authKeycloak/resolveProfile.ts,recurring,5,5,0,0
backend/src/routes/auth/authKeycloak/safeReturnPath.ts,recurring,28,15,0,0
backend/src/routes/auth/authKeycloak/safeServerRedirect.ts,new,54,-,0,-
backend/src/routes/consts/createConstLookupHandler.ts,new,11,-,0,-
backend/src/routes/consts/getActiviteiten.ts,recurring,14,13,0,0
backend/src/routes/consts/getLuchtvaartuig.ts,recurring,6,12,0,0
backend/src/routes/consts/getOrganisaties.ts,recurring,7,13,0,0
backend/src/routes/consts/getPiloten.ts,recurring,12,11,0,0
backend/src/routes/consts/getRegios.ts,recurring,11,10,0,0
backend/src/routes/consts/getWaarnemers.ts,recurring,13,12,0,0
backend/src/routes/consts/index.ts,recurring,15,15,0,0
backend/src/routes/devices-updates/applyAgentReportSql.ts,new,54,-,0,-
backend/src/routes/devices-updates/checkDeviceStatus.ts,recurring,27,27,0,0
backend/src/routes/devices-updates/commandGuard.ts,recurring,42,38,0,0
backend/src/routes/devices-updates/db.ts,recurring,154,307,0,6.92
backend/src/routes/devices-updates/getDevices.ts,recurring,11,11,0,0
backend/src/routes/devices-updates/getacDevicesSchemaSql.ts,new,20,-,0,-
backend/src/routes/devices-updates/index.ts,recurring,15,15,0,0
backend/src/routes/devices-updates/mapGetacDeviceRow.ts,new,29,-,0,-
backend/src/routes/devices-updates/middleware.ts,recurring,52,60,0,0
backend/src/routes/devices-updates/staleCommandSql.ts,new,33,-,0,-
backend/src/routes/devices-updates/triggerDeviceUpdate.ts,recurring,12,12,0,0
backend/src/routes/devices-updates/types.ts,recurring,10,35,0,48.48
backend/src/routes/devices-updates/upsertRegisteredDevice.ts,new,74,-,0,-
backend/src/routes/devices-updates/agent/getAgentCommands.ts,recurring,17,17,0,0
backend/src/routes/devices-updates/agent/index.ts,recurring,10,10,0,0
backend/src/routes/devices-updates/agent/parseAgentReport.ts,new,42,-,0,-
backend/src/routes/devices-updates/agent/registerAgent.ts,recurring,45,31,0,0
backend/src/routes/devices-updates/agent/reportAgentStatus.ts,recurring,36,52,0,0
backend/src/routes/emails/blockExternalPuppeteerRequests.ts,new,18,-,0,-
backend/src/routes/emails/buildAndSendSpoedReport.ts,new,35,-,0,-
backend/src/routes/emails/createEmail.ts,recurring,31,27,0,0
backend/src/routes/emails/deleteSingleEmail.ts,recurring,21,34,0,0
backend/src/routes/emails/getAllEmails.ts,recurring,18,18,0,0
backend/src/routes/emails/index.ts,recurring,33,28,0,0
backend/src/routes/emails/launchPdfBrowser.ts,new,17,-,0,-
backend/src/routes/emails/renderPdfPageFromHtml.ts,new,20,-,0,-
backend/src/routes/emails/sendEmail.ts,recurring,5,97,0,0
backend/src/routes/emails/spoedReportHtml.ts,recurring,100,99,0,0
backend/src/routes/emails/spoedReportMail.ts,recurring,44,44,0,0
backend/src/routes/emails/spoedReportPdf.ts,recurring,10,72,0,0
backend/src/routes/emails/spoedReportSendHelpers.ts,new,78,-,0,-
backend/src/routes/emails/updateSingleEmail.ts,recurring,24,34,0,0
backend/src/routes/emails/validateSpoedReportRequest.ts,new,70,-,0,-
backend/src/routes/emails/waitForEmbeddedAssets.ts,new,26,-,0,-
backend/src/routes/finished_plans/createAttachment.ts,recurring,29,37,0,0
backend/src/routes/finished_plans/createAttachmentHelpers.ts,new,53,-,0,-
backend/src/routes/finished_plans/createFinishedPlan.ts,recurring,33,190,0,0
backend/src/routes/finished_plans/createFinishedPlanHelpers.ts,new,61,-,0,-
backend/src/routes/finished_plans/deletePoint.ts,recurring,34,32,0,0
backend/src/routes/finished_plans/getAttachmentsPlanSinglePoint.ts,recurring,29,58,0,0
backend/src/routes/finished_plans/getFinishedFlightPlans.ts,recurring,18,18,0,0
backend/src/routes/finished_plans/getPartialFinishedPlans.ts,recurring,20,20,0,0
backend/src/routes/finished_plans/getPlanPath.ts,recurring,13,18,0,0
backend/src/routes/finished_plans/getSingleFinishedFlightPlan.ts,recurring,24,24,0,0
backend/src/routes/finished_plans/index.ts,recurring,24,24,0,0
backend/src/routes/finished_plans/updateFinishedPointAttachments.ts,recurring,32,83,0,0
backend/src/routes/finished_plans/updateFinishedPointAttachmentsHelpers.ts,new,64,-,0,-
backend/src/routes/flightPlans/createFlightPlan.ts,recurring,21,41,0,0
backend/src/routes/flightPlans/createFlightPlanHelpers.ts,new,39,-,0,-
backend/src/routes/flightPlans/createRegionalFlightPlanListHandler.ts,new,12,-,0,-
backend/src/routes/flightPlans/deleteFlightPlan.ts,recurring,15,93,0,0
backend/src/routes/flightPlans/deleteFlightPlanHelpers.ts,new,73,-,0,-
backend/src/routes/flightPlans/getAllFlightPlans.ts,recurring,12,20,0,0
backend/src/routes/flightPlans/getFlighPlansNummer.ts,recurring,19,26,0,0
backend/src/routes/flightPlans/getFlightPlanById.ts,recurring,32,32,0,0
backend/src/routes/flightPlans/getFullPreparedFlightPlans.ts,recurring,8,17,0,0
backend/src/routes/flightPlans/getPreparedFlightPlans.ts,recurring,22,32,0,0
backend/src/routes/flightPlans/getPrepreparedFlightPlans.ts,recurring,8,16,0,0
backend/src/routes/flightPlans/getSearchedFlightPlans.ts,recurring,22,20,0,0
backend/src/routes/flightPlans/getUnPreparedPlans.ts,recurring,8,17,0,0
backend/src/routes/flightPlans/index.ts,recurring,29,29,0,0
backend/src/routes/flightPlans/partialFlightPlanListErrorOptions.ts,new,5,-,0,-
backend/src/routes/flightPlans/updateFlightPlanStatus.ts,recurring,15,23,0,53.33
backend/src/routes/flightPlans/updateVluchtPlan.ts,recurring,21,25,0,0
backend/src/routes/flightPlans/updateVluchtPlanPoints.ts,recurring,21,24,0,0
backend/src/routes/geometries/buildGeometriesListQuery.ts,new,31,-,0,-
backend/src/routes/geometries/createGeometry.ts,recurring,19,82,0,0
backend/src/routes/geometries/createGeometryHelpers.ts,new,49,-,0,-
backend/src/routes/geometries/deleteGeometry.ts,recurring,35,59,0,0
backend/src/routes/geometries/deleteGeometryCascade.ts,new,47,-,0,-
backend/src/routes/geometries/getGeometries.ts,recurring,16,42,0,57.58
backend/src/routes/geometries/getSingleGeometry.ts,recurring,34,51,0,0
backend/src/routes/geometries/getSingleGeometryHelpers.ts,new,29,-,0,-
backend/src/routes/geometries/index.ts,recurring,13,13,0,0
backend/src/routes/geometries/updateGeometry.ts,recurring,29,116,0,9.09
backend/src/routes/geometries/updateGeometryHelpers.ts,new,46,-,0,-
backend/src/routes/keycloak/index.ts,recurring,5,5,0,0
backend/src/routes/keycloak/management/index.ts,recurring,5,5,0,0
backend/src/routes/keycloak/management/users/computeRealmRoleDiff.ts,new,43,-,0,-
backend/src/routes/keycloak/management/users/createKeycloakUser.ts,new,111,-,0,-
backend/src/routes/keycloak/management/users/createUser.ts,recurring,28,120,0,0
backend/src/routes/keycloak/management/users/deleteUser.ts,recurring,34,32,0,0
backend/src/routes/keycloak/management/users/fetchClientRoleNamesHelpers.ts,new,32,-,0,-
backend/src/routes/keycloak/management/users/getAllUsers.ts,recurring,43,43,0,0
backend/src/routes/keycloak/management/users/getAvailableRoles.ts,recurring,38,38,0,0
backend/src/routes/keycloak/management/users/getUserById.ts,recurring,37,37,0,0
backend/src/routes/keycloak/management/users/helpers.ts,recurring,55,44,0,0
backend/src/routes/keycloak/management/users/index.ts,recurring,19,19,0,0
backend/src/routes/keycloak/management/users/keycloakAdminClient.ts,recurring,114,123,0,0
backend/src/routes/keycloak/management/users/resetPassword.ts,recurring,22,41,0,0
backend/src/routes/keycloak/management/users/resetPasswordHelpers.ts,new,48,-,0,-
backend/src/routes/keycloak/management/users/syncRealmRoleMappings.ts,new,51,-,0,-
backend/src/routes/keycloak/management/users/types.ts,recurring,1,12,0,100
backend/src/routes/keycloak/management/users/updateUser.ts,recurring,40,38,0,0
backend/src/routes/keycloak/management/users/updateUserRoles.ts,recurring,45,77,0,0
backend/src/routes/points/createPoint.ts,recurring,37,39,0,0
backend/src/routes/points/createPointFromImport.ts,recurring,36,205,0,0
backend/src/routes/points/createPointFromImportHelpers.ts,new,72,-,0,-
backend/src/routes/points/deletePoint.ts,recurring,30,50,0,0
backend/src/routes/points/deletePointHelpers.ts,new,28,-,0,-
backend/src/routes/points/editPoint.ts,recurring,19,21,0,0
backend/src/routes/points/editPointStatus.ts,recurring,16,29,0,38.1
backend/src/routes/points/getFlightPlansByPoint.ts,recurring,21,50,0,0
backend/src/routes/points/getFlightPlansByPointHelpers.ts,new,23,-,0,-
backend/src/routes/points/getPoints.ts,recurring,26,84,0,8.96
backend/src/routes/points/getPointsDescription.ts,recurring,19,23,0,0
backend/src/routes/points/getPrePreparedPlanPoints.ts,recurring,23,23,0,0
backend/src/routes/points/getSearchedPoints.ts,recurring,25,25,0,0
backend/src/routes/points/index.ts,recurring,23,23,0,0
backend/src/routes/template_plans/createTemplateFlightPlan.ts,recurring,27,52,0,51.85
backend/src/routes/template_plans/createTemplateFlightPlanHelpers.ts,new,39,-,0,-
backend/src/routes/template_plans/createTemplateName.ts,recurring,21,36,0,82.35
backend/src/routes/template_plans/getTemplateFlightPlans.ts,recurring,8,8,0,0
backend/src/routes/template_plans/index.ts,recurring,9,9,0,0
backend/src/routes/timeslider/createTimesliderPlanImagesHandler.ts,new,16,-,0,-
backend/src/routes/timeslider/getFinishedPlansTimeslider.ts,recurring,38,38,0,0
backend/src/routes/timeslider/getGeometryPlanImages.ts,recurring,10,16,0,0
backend/src/routes/timeslider/getPointPlanImages.ts,recurring,10,16,0,0
backend/src/routes/timeslider/getTimeRange.ts,recurring,23,23,0,0
backend/src/routes/timeslider/index.ts,recurring,11,11,0,0
backend/src/routes/users/createUser.ts,recurring,34,26,0,0
backend/src/routes/users/getUsers.ts,recurring,20,19,0,0
backend/src/routes/users/index.ts,recurring,9,9,0,0
backend/src/routes/users/updateUser.ts,recurring,26,38,0,0
backend/src/routes/users/updateUserHelpers.ts,new,37,-,0,-
backend/src/services/arcgis.ts,recurring,91,262,0,0
backend/src/services/arcgisAdminTokenExpiry.ts,new,10,-,0,-
backend/src/services/arcgisAdminTokenFetch.ts,new,16,-,0,-
backend/src/services/arcgisAdminTokenParse.ts,new,24,-,0,-
backend/src/services/arcgisAdminTokenPost.ts,new,30,-,0,-
backend/src/services/arcgisAdminTokenRequest.ts,new,36,-,0,-
backend/src/services/arcgisOAuthTokenPost.ts,new,45,-,0,-
backend/src/services/arcgisTokenConfig.ts,new,49,-,0,-
backend/src/services/arcgisTokenConfigResolve.ts,new,51,-,0,-
backend/src/services/arcgisTokenFetch.ts,new,20,-,0,-
backend/src/services/arcgisTokenFetchShared.ts,new,34,-,0,-
backend/src/services/arcgisTokenStringFieldSpecs.ts,new,69,-,0,-
backend/src/services/getKeycloakAdminToken.ts,recurring,25,71,0,22.22
backend/src/services/keycloakAdminTokenCache.ts,new,32,-,0,-
backend/src/services/keycloakAdminTokenContext.ts,new,18,-,0,-
backend/src/services/keycloakAdminTokenRequest.ts,new,60,-,0,-
backend/src/services/parseKeycloakAdminTokenResponse.ts,new,37,-,0,-
backend/src/services/parseKeycloakIssuer.ts,new,7,-,0,-
backend/src/shared/devices.ts,new,26,-,0,-
backend/src/shared/flightPlanFields.ts,new,17,-,0,-
backend/src/shared/geometryFormFields.ts,new,16,-,0,-
backend/src/shared/installer.ts,new,8,-,0,-
backend/src/shared/keycloakUser.ts,new,12,-,0,-
backend/src/shared/pointCoreKeys.ts,new,8,-,0,-
scripts/tsconfig.json,new,-,-,-,-
src/Components/Common/ArcGISAuthProvider.tsx,recurring,29,29,0,0
src/Components/Common/PostLoginRedirect.tsx,recurring,20,20,0,0
src/Components/DashboardPage/Navbar.tsx,recurring,47,47,0,0
src/Components/DashboardPage/Sidebar.tsx,recurring,31,31,0,0
src/Components/DashboardPage/index.tsx,recurring,36,36,0,0
src/Components/DashboardPage/AddUser/index.tsx,recurring,93,163,0,10.53
src/Components/DashboardPage/AddUser/submitCreateUser.ts,new,45,-,0,-
src/Components/DashboardPage/AllRoles/index.tsx,recurring,45,45,0,0
src/Components/DashboardPage/AllUsersTable/DeleteConfirmModal.tsx,recurring,75,75,0,0
src/Components/DashboardPage/AllUsersTable/Table.tsx,recurring,76,76,0,0
src/Components/DashboardPage/AllUsersTable/deleteUserHelpers.ts,new,21,-,0,-
src/Components/DashboardPage/AllUsersTable/index.tsx,recurring,113,132,0,9.33
src/Components/DashboardPage/EditUser/EditUserForm.tsx,new,30,-,0,-
src/Components/DashboardPage/EditUser/EditUserFormChrome.tsx,new,37,-,0,-
src/Components/DashboardPage/EditUser/EditUserFormFields.tsx,new,35,-,0,-
src/Components/DashboardPage/EditUser/EditUserProfileFields.tsx,new,27,-,0,-
src/Components/DashboardPage/EditUser/EditUserTextField.tsx,new,21,-,0,-
src/Components/DashboardPage/EditUser/buildEditUserFormHandlers.ts,new,23,-,0,-
src/Components/DashboardPage/EditUser/index.tsx,recurring,8,178,0,20
src/Components/DashboardPage/EditUser/submitEditUser.ts,new,47,-,0,-
src/Components/DashboardPage/EditUser/useEditUserFormModel.ts,new,36,-,0,-
src/Components/DashboardPage/EditUser/useSyncEditUserForm.ts,new,20,-,0,-
src/Components/DashboardPage/ResetPassword/ResetPasswordForm.tsx,new,46,-,0,-
src/Components/DashboardPage/ResetPassword/buildResetPasswordHandlers.ts,new,25,-,0,-
src/Components/DashboardPage/ResetPassword/index.tsx,recurring,8,121,0,17.02
src/Components/DashboardPage/ResetPassword/submitResetPassword.ts,new,35,-,0,-
src/Components/DashboardPage/ResetPassword/useResetPasswordModel.ts,new,29,-,0,-
src/Components/DashboardPage/shared/NoUserSelectedPanel.tsx,new,7,-,0,-
src/Components/DashboardPage/shared/PasswordConfirmFields.tsx,new,50,-,0,-
src/Components/DashboardPage/shared/RoleSelect.tsx,recurring,36,36,0,0
src/Components/DashboardPage/shared/createAsyncFormSubmitHandler.ts,new,16,-,0,-
src/Components/DashboardPage/shared/createDashboardFormHandlers.ts,new,17,-,0,-
src/Components/DashboardPage/shared/createDashboardSubmitHandlers.ts,new,22,-,0,-
src/Components/DashboardPage/shared/createFormFieldChangeHandler.ts,new,8,-,0,-
src/Components/DashboardPage/shared/keycloakRoleTypes.ts,recurring,26,23,0,38.89
src/Components/DashboardPage/shared/keycloakUserApi.ts,new,87,-,0,-
src/Components/DashboardPage/shared/useKeycloakRoles.ts,recurring,42,42,0,0
src/Components/DevicesUpdatesPage/devicesUpdatesApi.ts,new,45,-,0,-
src/Components/DevicesUpdatesPage/index.tsx,recurring,177,234,0,0
src/Components/DevicesUpdatesPage/useDeviceActionPolling.ts,new,43,-,0,-
src/Components/HomePage/index.tsx,recurring,27,27,0,0
src/Components/HomePage/Body/index.tsx,recurring,27,27,0,0
src/Components/HomePage/Body/Bottom/ClickedPointFunctions.tsx,recurring,71,70,0,0
src/Components/HomePage/Body/Bottom/Head.tsx,recurring,57,57,0,0
src/Components/HomePage/Body/Bottom/index.tsx,recurring,42,42,0,0
src/Components/HomePage/Body/Bottom/ClickedTableFunctions/BottomTableActionItem.tsx,new,26,-,0,-
src/Components/HomePage/Body/Bottom/ClickedTableFunctions/PlansList.tsx,recurring,44,72,0,77.78
src/Components/HomePage/Body/Bottom/ClickedTableFunctions/PointsList.tsx,recurring,11,292,0,62.36
src/Components/HomePage/Body/Bottom/ClickedTableFunctions/PointsListItems.tsx,new,19,-,0,-
src/Components/HomePage/Body/Bottom/ClickedTableFunctions/buildPointsListItemSpecs.tsx,new,41,-,0,-
src/Components/HomePage/Body/Bottom/ClickedTableFunctions/index.tsx,recurring,12,12,0,0
src/Components/HomePage/Body/Bottom/ClickedTableFunctions/usePointsListActions.ts,new,39,-,0,-
src/Components/HomePage/Body/Bottom/ClickedTableFunctions/zoomMapToPointsTable.ts,new,32,-,0,-
src/Components/HomePage/Body/Bottom/PlansView/TabsComp.tsx,recurring,34,34,0,0
src/Components/HomePage/Body/Bottom/PlansView/index.tsx,recurring,42,46,0,0
src/Components/HomePage/Body/Bottom/PlansView/Details/index.tsx,recurring,102,149,0,62.5
src/Components/HomePage/Body/Bottom/PlansView/GpsLocations/index.tsx,recurring,3,3,0,0
src/Components/HomePage/Body/Bottom/PlansView/GpsTracks/index.tsx,recurring,3,3,0,0
src/Components/HomePage/Body/Bottom/PlansView/Tracks/index.tsx,recurring,3,3,0,0
src/Components/HomePage/Body/Bottom/PlansView/Waypoints/index.tsx,recurring,3,3,0,0
src/Components/HomePage/Body/Bottom/PointsView/PointsViewTables.tsx,new,93,-,0,-
src/Components/HomePage/Body/Bottom/PointsView/index.tsx,recurring,70,180,0,14.46
src/Components/HomePage/Body/Bottom/PointsView/toPointsViewControllerResult.ts,new,18,-,0,-
src/Components/HomePage/Body/Bottom/PointsView/usePointsViewController.ts,new,20,-,0,-
src/Components/HomePage/Body/Bottom/PointsView/FlightPlansTable/Data.tsx,recurring,20,60,0,0
src/Components/HomePage/Body/Bottom/PointsView/FlightPlansTable/flightPlanColumnHelpers.ts,new,34,-,0,-
src/Components/HomePage/Body/Bottom/PointsView/FlightPlansTable/index.tsx,recurring,125,174,0,18.6
src/Components/HomePage/Body/Bottom/PointsView/FlightPlansTable/useSyncFlightPlanTimes.ts,new,45,-,0,-
src/Components/HomePage/Body/Bottom/PointsView/GeometriesTable/index.tsx,recurring,85,124,0,23.68
src/Components/HomePage/Body/Bottom/PointsView/PointsTable/index.tsx,recurring,82,115,0,28.13
src/Components/HomePage/Body/Bottom/PointsView/common/PointsViewTableFrame.tsx,new,23,-,0,-
src/Components/HomePage/Body/Bottom/PointsView/common/components/ClickedPointPopup.tsx,recurring,27,27,0,0
src/Components/HomePage/Body/Bottom/PointsView/common/components/DraggableTableHeader.tsx,new,55,-,0,-
src/Components/HomePage/Body/Bottom/PointsView/common/components/HorizontalScrollControls.tsx,recurring,64,57,0,0
src/Components/HomePage/Body/Bottom/PointsView/common/components/TabButtons.tsx,recurring,61,61,0,0
src/Components/HomePage/Body/Bottom/PointsView/common/functions/columnDragHandlers.ts,recurring,24,24,0,0
src/Components/HomePage/Body/Bottom/PointsView/common/functions/removeColumn.ts,recurring,6,6,0,0
src/Components/HomePage/Body/Bottom/PointsView/common/functions/scrollHorizontally.ts,recurring,12,11,0,0
src/Components/HomePage/Body/Bottom/PointsView/common/functions/syncScrollPositions.ts,recurring,23,21,0,0
src/Components/HomePage/Body/Bottom/PointsView/common/hooks/buildPointsViewLengths.ts,new,21,-,0,-
src/Components/HomePage/Body/Bottom/PointsView/common/hooks/buildSyncTableTabGraphicsArgs.ts,new,18,-,0,-
src/Components/HomePage/Body/Bottom/PointsView/common/hooks/pointsViewStatePieces.ts,new,2,-,0,-
src/Components/HomePage/Body/Bottom/PointsView/common/hooks/syncTableTabGraphics.ts,new,105,-,0,-
src/Components/HomePage/Body/Bottom/PointsView/common/hooks/useClickOutside.ts,recurring,24,22,0,37.5
src/Components/HomePage/Body/Bottom/PointsView/common/hooks/useHeaderHeight.ts,recurring,15,15,0,0
src/Components/HomePage/Body/Bottom/PointsView/common/hooks/useMapGraphics.ts,recurring,23,92,0,34.29
src/Components/HomePage/Body/Bottom/PointsView/common/hooks/useMapGraphicsTypes.ts,new,20,-,0,-
src/Components/HomePage/Body/Bottom/PointsView/common/hooks/usePointsViewInteractions.ts,new,38,-,0,-
src/Components/HomePage/Body/Bottom/PointsView/common/hooks/usePointsViewLayoutAndGraphics.ts,new,30,-,0,-
src/Components/HomePage/Body/Bottom/PointsView/common/hooks/usePointsViewLayoutController.ts,new,38,-,0,-
src/Components/HomePage/Body/Bottom/PointsView/common/hooks/usePointsViewRefs.ts,new,12,-,0,-
src/Components/HomePage/Body/Bottom/PointsView/common/hooks/usePointsViewSideEffects.ts,new,16,-,0,-
src/Components/HomePage/Body/Bottom/PointsView/common/hooks/usePointsViewStateAndRefs.ts,new,10,-,0,-
src/Components/HomePage/Body/Bottom/PointsView/common/hooks/usePointsViewUiState.ts,new,20,-,0,-
src/Components/HomePage/Body/Bottom/PointsView/common/hooks/useScrollOrResize.ts,recurring,14,14,0,0
src/Components/HomePage/Body/Bottom/PointsView/common/hooks/useTableLayout.ts,recurring,50,26,0,0
src/Components/HomePage/Body/Bottom/PointsView/common/hooks/useTableScrollWidth.ts,recurring,52,53,0,34.78
src/Components/HomePage/Body/Bottom/common/MenuItem.tsx,recurring,27,27,0,0
src/Components/HomePage/Body/Common/CancelModal.tsx,recurring,70,70,0,0
src/Components/HomePage/Body/Common/ChevronButton.tsx,recurring,33,33,0,0
src/Components/HomePage/Body/Common/ImageGallery.tsx,recurring,103,217,0,0
src/Components/HomePage/Body/Common/ImageGalleryLightModal.tsx,new,30,-,0,-
src/Components/HomePage/Body/Common/ImageGalleryToolbar.tsx,new,59,-,0,-
src/Components/HomePage/Body/Common/ImageGalleryToolbarButtons.tsx,new,61,-,0,-
src/Components/HomePage/Body/Common/LoadingBars.tsx,recurring,9,9,0,0
src/Components/HomePage/Body/Common/LoginBannerCard.tsx,new,22,-,0,-
src/Components/HomePage/Body/Common/LoginBannerCardBody.tsx,new,19,-,0,-
src/Components/HomePage/Body/Common/LoginBannerOverlay.tsx,new,35,-,0,-
src/Components/HomePage/Body/Common/LoginBannerTheme.ts,new,10,-,0,-
src/Components/HomePage/Body/Common/Modal.tsx,recurring,35,35,0,0
src/Components/HomePage/Body/Common/NotLoggedInWarning.tsx,recurring,11,117,0,0
src/Components/HomePage/Body/Common/ResizableSidebarPanel.tsx,recurring,54,54,0,0
src/Components/HomePage/Body/Common/notLoggedInAuthHelpers.ts,new,27,-,0,-
src/Components/HomePage/Body/Common/notLoggedInBannerTheme.ts,new,32,-,0,-
src/Components/HomePage/Body/Common/useImageGalleryPreload.ts,new,26,-,0,-
src/Components/HomePage/Body/Common/useLoginBannerEffects.ts,new,27,-,0,-
src/Components/HomePage/Body/Common/useNotLoggedInBanner.ts,new,35,-,0,-
src/Components/HomePage/Body/Common/EditPoint/AddToPlanQuestionStep.tsx,recurring,59,59,0,0
src/Components/HomePage/Body/Common/EditPoint/EditPointMapClickStep.tsx,recurring,47,47,0,0
src/Components/HomePage/Body/Common/EditPoint/EditPointMapStepProps.ts,new,9,-,0,-
src/Components/HomePage/Body/Common/EditPoint/FlightPlanPickerList.tsx,recurring,51,70,0,0
src/Components/HomePage/Body/Common/EditPoint/FlightPlanPickerRow.tsx,new,36,-,0,-
src/Components/HomePage/Body/Common/EditPoint/editPointMapClickCoords.ts,new,35,-,0,-
src/Components/HomePage/Body/Common/FeatureLayerPopup/featureLayerPopupFormatting.ts,new,69,-,0,-
src/Components/HomePage/Body/Common/FeatureLayerPopup/index.tsx,recurring,49,113,0,0
src/Components/HomePage/Body/Common/PopupModal/Header.tsx,recurring,20,20,0,0
src/Components/HomePage/Body/Common/PopupModal/ModalContainer.tsx,recurring,24,24,0,0
src/Components/HomePage/Body/Common/PopupModal/index.tsx,recurring,102,102,0,0
src/Components/HomePage/Body/Common/ViewPlan/PointsSelectionHeader.tsx,recurring,44,44,0,0
src/Components/HomePage/Body/Common/ViewPlan/PointsSelectionList.tsx,recurring,48,48,0,0
src/Components/HomePage/Body/Common/Wizard/WizardButtonBar.tsx,recurring,47,47,0,0
src/Components/HomePage/Body/Common/Wizard/WizardLoadingOverlay.tsx,recurring,37,37,0,0
src/Components/HomePage/Body/Common/Wizard/wizardButtonBarClass.ts,new,1,-,0,-
src/Components/HomePage/Body/Left/index.tsx,recurring,87,87,0,0
src/Components/HomePage/Body/Left/Common/AandachtspuntDetailsFields.tsx,recurring,127,93,0,42.55
src/Components/HomePage/Body/Left/Common/CompactPointItem.tsx,new,32,-,0,-
src/Components/HomePage/Body/Left/Common/CoordinateFields.tsx,new,84,-,0,-
src/Components/HomePage/Body/Left/Common/DefaultPointItem.tsx,new,48,-,0,-
src/Components/HomePage/Body/Left/Common/FlightPlanClickableRow.tsx,new,30,-,0,-
src/Components/HomePage/Body/Left/Common/FlightPlanFilterPanel.tsx,new,73,-,0,-
src/Components/HomePage/Body/Left/Common/FlightPlanSummary.tsx,new,49,-,0,-
src/Components/HomePage/Body/Left/Common/PeriodFilter.tsx,recurring,5,5,0,0
src/Components/HomePage/Body/Left/Common/PeriodFilterPanel.tsx,recurring,95,94,0,20.69
src/Components/HomePage/Body/Left/Common/PlanInformationFields.tsx,new,29,-,0,-
src/Components/HomePage/Body/Left/Common/PlanInformationPanel.tsx,new,46,-,0,-
src/Components/HomePage/Body/Left/Common/PointDetailsFieldsList.tsx,new,29,-,0,-
src/Components/HomePage/Body/Left/Common/PointDetailsPanel.tsx,new,44,-,0,-
src/Components/HomePage/Body/Left/Common/PointGeometryFilterPanel.tsx,new,107,-,0,-
src/Components/HomePage/Body/Left/Common/PointItemCheckBox.tsx,recurring,43,139,0,0
src/Components/HomePage/Body/Left/Common/ScrollButtonsLayout.tsx,recurring,38,38,0,0
src/Components/HomePage/Body/Left/Common/WizardHerhalenSelectButtons.tsx,new,20,-,0,-
src/Components/HomePage/Body/Left/Common/WizardPointsList.tsx,new,133,-,0,-
src/Components/HomePage/Body/Left/Common/aandachtspuntDetailsValues.ts,new,4,-,0,-
src/Components/HomePage/Body/Left/Common/editPointStep2Sub2Props.ts,new,4,-,0,-
src/Components/HomePage/Body/Left/Common/formatPlanSpoedLabel.ts,new,3,-,0,-
src/Components/HomePage/Body/Left/Common/goBackFromPlanInformation.ts,new,8,-,0,-
src/Components/HomePage/Body/Left/Common/logFlightPlanRowClick.ts,new,9,-,0,-
src/Components/HomePage/Body/Left/Common/planInformationProps.ts,new,6,-,0,-
src/Components/HomePage/Body/Left/Common/pointItemTypes.ts,new,28,-,0,-
src/Components/HomePage/Body/Left/Common/wizardPointsListSelectionProps.ts,new,6,-,0,-
src/Components/HomePage/Body/Left/Common/BottomTabs/BottomTabButton.tsx,new,37,-,0,-
src/Components/HomePage/Body/Left/Common/BottomTabs/EditPointTabs.tsx,recurring,104,77,0,0
src/Components/HomePage/Body/Left/Common/BottomTabs/KaartlagenlijstTab.tsx,recurring,13,26,0,43.75
src/Components/HomePage/Body/Left/Common/BottomTabs/ResultTab.tsx,recurring,29,29,0,0
src/Components/HomePage/Body/Left/Common/BottomTabs/SearchedTab.tsx,recurring,14,29,0,43.75
src/Components/HomePage/Body/Left/Common/BottomTabs/SelectedTab.tsx,recurring,35,61,0,0
src/Components/HomePage/Body/Left/Common/BottomTabs/SelectedTabButton.tsx,new,21,-,0,-
src/Components/HomePage/Body/Left/Common/BottomTabs/index.tsx,recurring,26,26,0,0
src/Components/HomePage/Body/Left/Common/BottomTabs/resolveSelectedTabItem.ts,new,30,-,0,-
src/Components/HomePage/Body/Left/Common/FiltersSection/FilterInput.tsx,recurring,22,48,0,70.59
src/Components/HomePage/Body/Left/Common/FiltersSection/FilterSelect.tsx,recurring,12,28,0,91.67
src/Components/HomePage/Body/Left/Common/FiltersSection/FiltersSectionActions.tsx,new,31,-,0,-
src/Components/HomePage/Body/Left/Common/FiltersSection/FiltersSectionCoreFields.tsx,new,21,-,0,-
src/Components/HomePage/Body/Left/Common/FiltersSection/FiltersSectionFields.tsx,new,24,-,0,-
src/Components/HomePage/Body/Left/Common/FiltersSection/PeriodeComp.tsx,recurring,39,39,0,0
src/Components/HomePage/Body/Left/Common/FiltersSection/index.tsx,recurring,28,136,0,18.75
src/Components/HomePage/Body/Left/Common/FiltersSection/mapRegiosForUserRole.ts,new,11,-,0,-
src/Components/HomePage/Body/Left/Common/FlightPlanForm/FlightPlanStandardFields.tsx,new,33,-,0,-
src/Components/HomePage/Body/Left/Common/FlightPlanForm/FlightPlanStandardFieldsView.tsx,new,125,-,0,-
src/Components/HomePage/Body/Left/Common/FormComponents/CheckBoxComp.tsx,recurring,25,25,0,0
src/Components/HomePage/Body/Left/Common/FormComponents/InputComp.tsx,recurring,123,56,0,85.71
src/Components/HomePage/Body/Left/Common/FormComponents/InputCompNum.tsx,recurring,30,30,0,0
src/Components/HomePage/Body/Left/Common/FormComponents/SelectComp.tsx,recurring,53,39,0,91.67
src/Components/HomePage/Body/Left/Common/FormComponents/TextAreaComp.tsx,recurring,21,21,0,0
src/Components/HomePage/Body/Left/Common/KaartLegend/BasemapOptionsList.tsx,new,49,-,0,-
src/Components/HomePage/Body/Left/Common/KaartLegend/BasemapsList.tsx,recurring,29,134,0,0
src/Components/HomePage/Body/Left/Common/KaartLegend/Head.tsx,recurring,10,10,0,0
src/Components/HomePage/Body/Left/Common/KaartLegend/OndergrondHeader.tsx,new,35,-,0,-
src/Components/HomePage/Body/Left/Common/KaartLegend/basemapsListHelpers.ts,new,37,-,0,-
src/Components/HomePage/Body/Left/Common/KaartLegend/index.tsx,recurring,20,20,0,0
src/Components/HomePage/Body/Left/Common/KaartLegend/useBasemapsListModel.ts,new,43,-,0,-
src/Components/HomePage/Body/Left/Common/KaartLegend/LayersList/index.tsx,recurring,16,16,0,0
src/Components/HomePage/Body/Left/Common/KaartLegend/LayersList/Block1/Section1.tsx,recurring,26,26,0,0
src/Components/HomePage/Body/Left/Common/KaartLegend/LayersList/Block1/Section2.tsx,recurring,27,27,0,0
src/Components/HomePage/Body/Left/Common/KaartLegend/LayersList/Block1/Section3.tsx,recurring,22,22,0,0
src/Components/HomePage/Body/Left/Common/KaartLegend/LayersList/Block1/index.tsx,recurring,12,12,0,0
src/Components/HomePage/Body/Left/Common/KaartLegend/LayersList/Common/LayerItem.tsx,recurring,82,85,0,0
src/Components/HomePage/Body/Left/Common/KaartLegend/LayersList/Common/LegendSection.tsx,recurring,10,112,0,0
src/Components/HomePage/Body/Left/Common/KaartLegend/LayersList/Common/LegendSectionCore.ts,new,171,-,0,-
src/Components/HomePage/Body/Left/Common/KaartLegend/LayersList/Common/LegendSectionLayout.tsx,new,4,-,0,-
src/Components/HomePage/Body/Left/Common/KaartLegend/LayersList/Common/LegendSectionLayoutCore.tsx,new,150,-,0,-
src/Components/HomePage/Body/Left/Common/KaartLegend/LayersList/Common/ParentItem.tsx,recurring,23,61,0,0
src/Components/HomePage/Body/Left/Common/KaartLegend/LayersList/Common/ParentItemBody.tsx,new,17,-,0,-
src/Components/HomePage/Body/Left/Common/KaartLegend/LayersList/Common/ParentItemCheckbox.tsx,new,37,-,0,-
src/Components/HomePage/Body/Left/Common/KaartLegend/LayersList/Common/ParentItemControls.tsx,new,3,-,0,-
src/Components/HomePage/Body/Left/Common/KaartLegend/LayersList/Common/ParentItemHeader.tsx,new,29,-,0,-
src/Components/HomePage/Body/Left/Common/KaartLegend/LayersList/Common/ParentItemProps.ts,new,7,-,0,-
src/Components/HomePage/Body/Left/Common/KaartLegend/LayersList/Common/ParentItemRow.tsx,new,17,-,0,-
src/Components/HomePage/Body/Left/Common/KaartLegend/LayersList/Common/ParentItemToggle.tsx,new,28,-,0,-
src/Components/HomePage/Body/Left/Common/KaartLegend/LayersList/Common/legendSectionLayoutProps.ts,new,26,-,0,-
src/Components/HomePage/Body/Left/Common/KaartLegend/LayersList/NNederland/index.tsx,recurring,12,12,0,0
src/Components/HomePage/Body/Left/Common/KaartLegend/LayersList/NNederland/nnederlandIconPrimitives.tsx,new,26,-,0,-
src/Components/HomePage/Body/Left/Common/KaartLegend/LayersList/NNederland/nnederlandLayerBuilders.ts,new,50,-,0,-
src/Components/HomePage/Body/Left/Common/KaartLegend/LayersList/NNederland/nnederlandLayerConstants.ts,new,2,-,0,-
src/Components/HomePage/Body/Left/Common/KaartLegend/LayersList/NNederland/nnederlandLayerIconMap.tsx,new,44,-,0,-
src/Components/HomePage/Body/Left/Common/KaartLegend/LayersList/NNederland/nnederlandLayerIcons.tsx,new,2,-,0,-
src/Components/HomePage/Body/Left/Common/KaartLegend/LayersList/NNederland/nnederlandLayerSpecEnvelope.ts,new,26,-,0,-
src/Components/HomePage/Body/Left/Common/KaartLegend/LayersList/NNederland/nnederlandLayerSpecsPart1.ts,new,10,-,0,-
src/Components/HomePage/Body/Left/Common/KaartLegend/LayersList/NNederland/nnederlandLayerSpecsPart1a.ts,new,25,-,0,-
src/Components/HomePage/Body/Left/Common/KaartLegend/LayersList/NNederland/nnederlandLayerSpecsPart1b.ts,new,26,-,0,-
src/Components/HomePage/Body/Left/Common/KaartLegend/LayersList/NNederland/nnederlandLayerSpecsPart1c.ts,new,26,-,0,-
src/Components/HomePage/Body/Left/Common/KaartLegend/LayersList/NNederland/nnederlandLayerSpecsPart1d.ts,new,19,-,0,-
src/Components/HomePage/Body/Left/Common/KaartLegend/LayersList/NNederland/nnederlandLayerSpecsPart2.ts,new,10,-,0,-
src/Components/HomePage/Body/Left/Common/KaartLegend/LayersList/NNederland/nnederlandLayerSpecsPart2a.ts,new,26,-,0,-
src/Components/HomePage/Body/Left/Common/KaartLegend/LayersList/NNederland/nnederlandLayerSpecsPart2b.ts,new,26,-,0,-
src/Components/HomePage/Body/Left/Common/KaartLegend/LayersList/NNederland/nnederlandLayerSpecsPart2c.ts,new,26,-,0,-
src/Components/HomePage/Body/Left/Common/KaartLegend/LayersList/NNederland/nnederlandLayerSpecsPart2d.ts,new,19,-,0,-
src/Components/HomePage/Body/Left/Common/KaartLegend/LayersList/NNederland/nnederlandLayerSpecsPart3.ts,new,10,-,0,-
src/Components/HomePage/Body/Left/Common/KaartLegend/LayersList/NNederland/nnederlandLayerSpecsPart3a.ts,new,26,-,0,-
src/Components/HomePage/Body/Left/Common/KaartLegend/LayersList/NNederland/nnederlandLayerSpecsPart3b.ts,new,26,-,0,-
src/Components/HomePage/Body/Left/Common/KaartLegend/LayersList/NNederland/nnederlandLayerSpecsPart3c.ts,new,23,-,0,-
src/Components/HomePage/Body/Left/Common/KaartLegend/LayersList/NNederland/nnederlandLayerSpecsPart3d.ts,new,26,-,0,-
src/Components/HomePage/Body/Left/Common/KaartLegend/LayersList/NNederland/nnederlandLayers.tsx,recurring,9,425,0,0
src/Components/HomePage/Body/Left/Common/KaartLegend/LayersList/NNederland/nnederlandLegendDefinitions.ts,new,14,-,0,-
src/Components/HomePage/Body/Left/Common/KaartLegend/LayersList/Overig/Section1.tsx,recurring,40,40,0,0
src/Components/HomePage/Body/Left/Common/KaartLegend/LayersList/Overig/Section2.tsx,recurring,41,41,0,25
src/Components/HomePage/Body/Left/Common/KaartLegend/LayersList/Overig/Section3.tsx,recurring,40,40,0,0
src/Components/HomePage/Body/Left/Common/KaartLegend/LayersList/Overig/Section4.tsx,recurring,10,78,0,13.04
src/Components/HomePage/Body/Left/Common/KaartLegend/LayersList/Overig/index.tsx,recurring,25,25,0,0
src/Components/HomePage/Body/Left/Common/KaartLegend/LayersList/Overig/overigLayerSpecs.tsx,new,12,-,0,-
src/Components/HomePage/Body/Left/Common/KaartLegend/LayersList/Overig/overigLayerSpecsPartA.tsx,new,27,-,0,-
src/Components/HomePage/Body/Left/Common/KaartLegend/LayersList/Overig/overigLayerSpecsPartB.tsx,new,16,-,0,-
src/Components/HomePage/Body/Left/Common/KaartLegend/LayersList/Overig/overigLayerSpecsPartBd.tsx,new,15,-,0,-
src/Components/HomePage/Body/Left/Common/KaartLegend/LayersList/Overig/overigLayerSpecsPartC.tsx,new,16,-,0,-
src/Components/HomePage/Body/Left/Common/KaartLegend/LayersList/helpers/layerTypes.ts,recurring,9,9,0,0
src/Components/HomePage/Body/Left/Common/KaartLegend/LayersList/helpers/legendLayerFilters.ts,new,18,-,0,-
src/Components/HomePage/Body/Left/Common/KaartLegend/LayersList/helpers/useHandleLayerChange.ts,recurring,17,17,0,0
src/Components/HomePage/Body/Left/Common/KaartLegend/LayersList/helpers/useLegendLayerSyncEffects.ts,new,56,-,0,-
src/Components/HomePage/Body/Left/Common/KaartLegend/LayersList/helpers/useLegendLayers.ts,recurring,45,79,0,0
src/Components/HomePage/Body/Left/Common/Layout/index.tsx,recurring,26,26,0,0
src/Components/HomePage/Body/Left/Common/ResultTab/PointDetails.tsx,recurring,30,107,0,25
src/Components/HomePage/Body/Left/Common/ResultTab/PointListBuffer.tsx,recurring,26,116,0,25
src/Components/HomePage/Body/Left/Common/ResultTab/PointListBufferActions.tsx,new,25,-,0,-
src/Components/HomePage/Body/Left/Common/ResultTab/PointListBufferDistanceField.tsx,new,16,-,0,-
src/Components/HomePage/Body/Left/Common/ResultTab/PointListBufferFieldInputs.tsx,new,2,-,0,-
src/Components/HomePage/Body/Left/Common/ResultTab/PointListBufferFields.tsx,new,26,-,0,-
src/Components/HomePage/Body/Left/Common/ResultTab/PointListBufferForm.tsx,new,15,-,0,-
src/Components/HomePage/Body/Left/Common/ResultTab/PointListBufferFormTypes.ts,new,12,-,0,-
src/Components/HomePage/Body/Left/Common/ResultTab/PointListBufferUnitField.tsx,new,23,-,0,-
src/Components/HomePage/Body/Left/Common/ResultTab/PointsList.tsx,recurring,21,166,0,45.28
src/Components/HomePage/Body/Left/Common/ResultTab/PointsListEdit.tsx,recurring,49,190,0,48.65
src/Components/HomePage/Body/Left/Common/ResultTab/ResultTabClickedPointPopup.tsx,new,25,-,0,-
src/Components/HomePage/Body/Left/Common/ResultTab/ResultTabPointRow.tsx,new,78,-,0,-
src/Components/HomePage/Body/Left/Common/ResultTab/ResultTabPointsFooter.tsx,new,25,-,0,-
src/Components/HomePage/Body/Left/Common/ResultTab/ResultTabPointsHeader.tsx,new,51,-,0,-
src/Components/HomePage/Body/Left/Common/ResultTab/ResultTabPointsListFrame.tsx,new,81,-,0,-
src/Components/HomePage/Body/Left/Common/ResultTab/addPointBufferGraphic.ts,new,34,-,0,-
src/Components/HomePage/Body/Left/Common/ResultTab/bufferCenterPoint.ts,new,11,-,0,-
src/Components/HomePage/Body/Left/Common/ResultTab/bufferEachPoint.ts,new,14,-,0,-
src/Components/HomePage/Body/Left/Common/ResultTab/index.tsx,recurring,28,28,0,0
src/Components/HomePage/Body/Left/Common/ResultTab/runPointListBuffer.ts,new,11,-,0,-
src/Components/HomePage/Body/Left/Common/ResultTab/runPointListBufferTypes.ts,new,14,-,0,-
src/Components/HomePage/Body/Left/Common/ResultTab/usePointListBufferActions.ts,new,27,-,0,-
src/Components/HomePage/Body/Left/Common/ResultTab/ListPointsFunctions/index.tsx,recurring,244,269,0,33.71
src/Components/HomePage/Body/Left/Common/SearchedResultsTab/SearchedResults.tsx,recurring,156,156,0,0
src/Components/HomePage/Body/Left/Common/SearchedResultsTab/index.tsx,recurring,71,71,0,0
src/Components/HomePage/Body/Left/Common/SearchedResultsTab/FlightPlans/index.tsx,recurring,69,69,0,0
src/Components/HomePage/Body/Left/Common/SearchedResultsTab/FlightPlans/FlightPlanDetails/Details.tsx,recurring,102,102,0,0
src/Components/HomePage/Body/Left/Common/SearchedResultsTab/FlightPlans/FlightPlanDetails/DropDown.tsx,recurring,50,83,0,64.86
src/Components/HomePage/Body/Left/Common/SearchedResultsTab/FlightPlans/FlightPlanDetails/Header.tsx,recurring,36,36,0,0
src/Components/HomePage/Body/Left/Common/SearchedResultsTab/FlightPlans/FlightPlanDetails/index.tsx,recurring,20,20,0,0
src/Components/HomePage/Body/Left/Common/SearchedResultsTab/FlightPlans/FlightPlansList/ClickedPlan.tsx,recurring,93,91,0,21.88
src/Components/HomePage/Body/Left/Common/SearchedResultsTab/FlightPlans/FlightPlansList/DropDown.tsx,recurring,71,183,0,68.87
src/Components/HomePage/Body/Left/Common/SearchedResultsTab/FlightPlans/FlightPlansList/Header.tsx,recurring,51,51,0,0
src/Components/HomePage/Body/Left/Common/SearchedResultsTab/FlightPlans/FlightPlansList/List.tsx,recurring,148,162,0,10.94
src/Components/HomePage/Body/Left/Common/SearchedResultsTab/FlightPlans/FlightPlansList/index.tsx,recurring,52,52,0,0
src/Components/HomePage/Body/Left/Common/SearchedResultsTab/Functions/GroupFunctions.tsx,recurring,49,264,0,37.43
src/Components/HomePage/Body/Left/Common/SearchedResultsTab/Functions/GroupFunctionsButtonItem.tsx,new,34,-,0,-
src/Components/HomePage/Body/Left/Common/SearchedResultsTab/Functions/PointsBuffer.tsx,recurring,102,107,0,22.86
src/Components/HomePage/Body/Left/Common/SearchedResultsTab/Functions/AddPoint/index.tsx,recurring,26,26,0,0
src/Components/HomePage/Body/Left/Common/SearchedResultsTab/Functions/AddPoint/Step1/index.tsx,recurring,20,20,0,0
src/Components/HomePage/Body/Left/Common/SearchedResultsTab/Functions/AddPoint/Step2/Buttons.tsx,recurring,39,38,0,0
src/Components/HomePage/Body/Left/Common/SearchedResultsTab/Functions/AddPoint/Step2/index.tsx,recurring,51,51,0,0
src/Components/HomePage/Body/Left/Common/SearchedResultsTab/Functions/ListPointsFunctions/index.tsx,recurring,88,241,0,60.78
src/Components/HomePage/Body/Left/Common/SearchedResultsTab/Points/DropDown.tsx,recurring,72,150,0,53.75
src/Components/HomePage/Body/Left/Common/SearchedResultsTab/Points/Header.tsx,recurring,53,53,0,0
src/Components/HomePage/Body/Left/Common/SearchedResultsTab/Points/Navigation.tsx,recurring,18,18,0,0
src/Components/HomePage/Body/Left/Common/SearchedResultsTab/Points/PointDetails.tsx,recurring,16,90,0,85.71
src/Components/HomePage/Body/Left/Common/SearchedResultsTab/Points/PointsListRow.tsx,new,51,-,0,-
src/Components/HomePage/Body/Left/Common/SearchedResultsTab/Points/PointsRowActionLinks.tsx,new,26,-,0,-
src/Components/HomePage/Body/Left/Common/SearchedResultsTab/Points/index.tsx,recurring,115,183,0,0
src/Components/HomePage/Body/Left/Common/SearchedResultsTab/Points/usePointsTableMapEffects.ts,new,58,-,0,-
src/Components/HomePage/Body/Left/Common/SearchedResultsTab/shared/SearchedResultsActionsMenu.tsx,new,26,-,0,-
src/Components/HomePage/Body/Left/Common/SearchedResultsTab/shared/searchedResultsExports.ts,new,79,-,0,-
src/Components/HomePage/Body/Left/Common/SearchedResultsTab/shared/searchedResultsTargetProps.ts,new,7,-,0,-
src/Components/HomePage/Body/Left/Common/SearchedResultsTab/shared/useSearchedResultsDropdownChrome.ts,new,27,-,0,-
src/Components/HomePage/Body/Left/Common/TabHeader/TabHeaderChrome.tsx,new,25,-,0,-
src/Components/HomePage/Body/Left/Common/TabHeader/buildTabHeaderLabelMap.ts,new,32,-,0,-
src/Components/HomePage/Body/Left/Common/TabHeader/handleTabHeaderClose.ts,new,23,-,0,-
src/Components/HomePage/Body/Left/Common/TabHeader/index.tsx,recurring,6,83,0,32.14
src/Components/HomePage/Body/Left/Common/TabHeader/resolveTabHeaderText.ts,new,13,-,0,-
src/Components/HomePage/Body/Left/Common/TabHeader/useTabHeaderModel.ts,new,37,-,0,-
src/Components/HomePage/Body/Left/Nabewerking/ChangeFlightPlanStatus/Buttons.tsx,recurring,45,55,0,0
src/Components/HomePage/Body/Left/Nabewerking/ChangeFlightPlanStatus/ChangeFlightPlanStatusList.tsx,new,20,-,0,-
src/Components/HomePage/Body/Left/Nabewerking/ChangeFlightPlanStatus/ConfirmModal.tsx,recurring,90,90,0,0
src/Components/HomePage/Body/Left/Nabewerking/ChangeFlightPlanStatus/Filter.tsx,recurring,5,5,0,0
src/Components/HomePage/Body/Left/Nabewerking/ChangeFlightPlanStatus/FlightPlan.tsx,recurring,27,40,0,38.89
src/Components/HomePage/Body/Left/Nabewerking/ChangeFlightPlanStatus/index.tsx,recurring,32,52,0,0
src/Components/HomePage/Body/Left/Nabewerking/ChangeFlightPlanStatus/useChangeFlightPlanStatusFilter.ts,new,22,-,0,-
src/Components/HomePage/Body/Left/Nabewerking/CreateReport/index.tsx,recurring,35,35,0,0
src/Components/HomePage/Body/Left/Nabewerking/CreateReport/Steps/PeriodFilter.tsx,recurring,5,5,0,0
src/Components/HomePage/Body/Left/Nabewerking/CreateReport/Steps/Step1/Buttons.tsx,recurring,56,68,0,20.59
src/Components/HomePage/Body/Left/Nabewerking/CreateReport/Steps/Step1/SinglePlan.tsx,recurring,24,52,0,26.67
src/Components/HomePage/Body/Left/Nabewerking/CreateReport/Steps/Step1/createReportPlanClickLogData.ts,new,8,-,0,-
src/Components/HomePage/Body/Left/Nabewerking/CreateReport/Steps/Step1/index.tsx,recurring,21,46,0,44
src/Components/HomePage/Body/Left/Nabewerking/CreateReport/Steps/Step1/useCreateReportPlanClick.ts,new,19,-,0,-
src/Components/HomePage/Body/Left/Nabewerking/CreateReport/Steps/Step2/Buttons.tsx,recurring,9,103,0,40.79
src/Components/HomePage/Body/Left/Nabewerking/CreateReport/Steps/Step2/Geometries.tsx,recurring,50,50,0,0
src/Components/HomePage/Body/Left/Nabewerking/CreateReport/Steps/Step2/Points.tsx,recurring,51,45,0,0
src/Components/HomePage/Body/Left/Nabewerking/CreateReport/Steps/Step2/buildStep2NextButton.ts,new,15,-,0,-
src/Components/HomePage/Body/Left/Nabewerking/CreateReport/Steps/Step2/buildStep2WizardButtons.ts,new,26,-,0,-
src/Components/HomePage/Body/Left/Nabewerking/CreateReport/Steps/Step2/index.tsx,recurring,86,91,0,12.5
src/Components/HomePage/Body/Left/Nabewerking/CreateReport/Steps/Step2/resetCreateReportStep2.ts,new,16,-,0,-
src/Components/HomePage/Body/Left/Nabewerking/CreateReport/Steps/Step2/useStep2ButtonsModel.ts,new,27,-,0,-
src/Components/HomePage/Body/Left/Nabewerking/CreateReport/Steps/Step2/useStep2ReportActions.ts,new,18,-,0,-
src/Components/HomePage/Body/Left/Nabewerking/CreateReport/Steps/Step2/hooks/buildPlanGeometryGraphics.ts,new,59,-,0,-
src/Components/HomePage/Body/Left/Nabewerking/CreateReport/Steps/Step2/hooks/usePointHandlers.ts,recurring,25,25,0,0
src/Components/HomePage/Body/Left/Nabewerking/CreateReport/Steps/Step2/hooks/useRenderGeometries.ts,recurring,30,86,0,35.19
src/Components/HomePage/Body/Left/Nabewerking/CreateReport/Steps/Step2/hooks/useRenderPoints.ts,recurring,37,37,0,0
src/Components/HomePage/Body/Left/Nabewerking/CreateReport/Steps/Step3/index.tsx,recurring,43,43,0,0
src/Components/HomePage/Body/Left/Nabewerking/CreateReport/Steps/Step3/types.ts,recurring,4,4,0,0
src/Components/HomePage/Body/Left/Nabewerking/CreateReport/Steps/Step3/components/ErrorBanner.tsx,recurring,14,14,0,0
src/Components/HomePage/Body/Left/Nabewerking/CreateReport/Steps/Step3/components/LoadingPhase.tsx,recurring,54,34,0,0
src/Components/HomePage/Body/Left/Nabewerking/CreateReport/Steps/Step3/components/SuccessPhase.tsx,recurring,68,68,0,0
src/Components/HomePage/Body/Left/Nabewerking/CreateReport/Steps/Step3/hooks/copyLinkActions.ts,new,35,-,0,-
src/Components/HomePage/Body/Left/Nabewerking/CreateReport/Steps/Step3/hooks/directDownloadHelpers.ts,new,17,-,0,-
src/Components/HomePage/Body/Left/Nabewerking/CreateReport/Steps/Step3/hooks/promptPasswordAndCopyDownloadLink.ts,new,38,-,0,-
src/Components/HomePage/Body/Left/Nabewerking/CreateReport/Steps/Step3/hooks/uploadReportZipFile.ts,new,35,-,0,-
src/Components/HomePage/Body/Left/Nabewerking/CreateReport/Steps/Step3/hooks/useCopyLink.ts,recurring,37,64,0,0
src/Components/HomePage/Body/Left/Nabewerking/CreateReport/Steps/Step3/hooks/useDirectDownload.ts,recurring,54,51,0,0
src/Components/HomePage/Body/Left/Nabewerking/CreateReport/Steps/Step3/hooks/useUploadZip.ts,recurring,63,70,0,0
src/Components/HomePage/Body/Left/Nabewerking/CreateReport/helpers/generatePdfReport.ts,recurring,50,298,0,10.95
src/Components/HomePage/Body/Left/Nabewerking/CreateReport/helpers/pdfReportAttachmentImage.ts,new,59,-,0,-
src/Components/HomePage/Body/Left/Nabewerking/CreateReport/helpers/pdfReportAttachments.ts,new,59,-,0,-
src/Components/HomePage/Body/Left/Nabewerking/CreateReport/helpers/pdfReportLayout.ts,new,32,-,0,-
src/Components/HomePage/Body/Left/Nabewerking/CreateReport/helpers/pdfReportMapPages.ts,new,63,-,0,-
src/Components/HomePage/Body/Left/Nabewerking/CreateReport/helpers/pdfReportTables.ts,new,123,-,0,-
src/Components/HomePage/Body/Left/Nabewerking/CreateReport/helpers/useHandleStep2/addGeometryReportGraphic.ts,new,18,-,0,-
src/Components/HomePage/Body/Left/Nabewerking/CreateReport/helpers/useHandleStep2/addPointReportGraphic.ts,new,22,-,0,-
src/Components/HomePage/Body/Left/Nabewerking/CreateReport/helpers/useHandleStep2/assembleReportZipContents.ts,new,43,-,0,-
src/Components/HomePage/Body/Left/Nabewerking/CreateReport/helpers/useHandleStep2/attachmentFetch.ts,new,99,-,0,-
src/Components/HomePage/Body/Left/Nabewerking/CreateReport/helpers/useHandleStep2/attachments.ts,recurring,27,107,0,0
src/Components/HomePage/Body/Left/Nabewerking/CreateReport/helpers/useHandleStep2/buildGeometryReportTasks.ts,new,16,-,0,-
src/Components/HomePage/Body/Left/Nabewerking/CreateReport/helpers/useHandleStep2/buildPointReportTasks.ts,new,15,-,0,-
src/Components/HomePage/Body/Left/Nabewerking/CreateReport/helpers/useHandleStep2/buildReportPdfPayload.ts,new,27,-,0,-
src/Components/HomePage/Body/Left/Nabewerking/CreateReport/helpers/useHandleStep2/buildReportProcessingTasks.ts,new,9,-,0,-
src/Components/HomePage/Body/Left/Nabewerking/CreateReport/helpers/useHandleStep2/buildReportTasksInput.ts,new,18,-,0,-
src/Components/HomePage/Body/Left/Nabewerking/CreateReport/helpers/useHandleStep2/filterSelectedReportData.ts,new,14,-,0,-
src/Components/HomePage/Body/Left/Nabewerking/CreateReport/helpers/useHandleStep2/finalizeReportPdfItem.ts,new,28,-,0,-
src/Components/HomePage/Body/Left/Nabewerking/CreateReport/helpers/useHandleStep2/generateReportZip.ts,new,32,-,0,-
src/Components/HomePage/Body/Left/Nabewerking/CreateReport/helpers/useHandleStep2/generateReportZipTypes.ts,new,13,-,0,-
src/Components/HomePage/Body/Left/Nabewerking/CreateReport/helpers/useHandleStep2/index.ts,recurring,49,155,0,0
src/Components/HomePage/Body/Left/Nabewerking/CreateReport/helpers/useHandleStep2/mapImage.ts,recurring,69,69,0,0
src/Components/HomePage/Body/Left/Nabewerking/CreateReport/helpers/useHandleStep2/pickSharedReportTaskContext.ts,new,14,-,0,-
src/Components/HomePage/Body/Left/Nabewerking/CreateReport/helpers/useHandleStep2/preloadReportAttachmentTasks.ts,new,56,-,0,-
src/Components/HomePage/Body/Left/Nabewerking/CreateReport/helpers/useHandleStep2/processGeometry.ts,recurring,47,124,0,20.83
src/Components/HomePage/Body/Left/Nabewerking/CreateReport/helpers/useHandleStep2/processPoint.ts,recurring,30,116,0,21.51
src/Components/HomePage/Body/Left/Nabewerking/CreateReport/helpers/useHandleStep2/reportGenerationPipeline.ts,new,11,-,0,-
src/Components/HomePage/Body/Left/Nabewerking/CreateReport/helpers/useHandleStep2/reportGenerationPipelineTypes.ts,new,23,-,0,-
src/Components/HomePage/Body/Left/Nabewerking/CreateReport/helpers/useHandleStep2/reportPdfCommon.ts,new,71,-,0,-
src/Components/HomePage/Body/Left/Nabewerking/CreateReport/helpers/useHandleStep2/reportZipHelpers.ts,new,48,-,0,-
src/Components/HomePage/Body/Left/Nabewerking/CreateReport/helpers/useHandleStep2/types.ts,recurring,56,51,0,27.27
src/Components/HomePage/Body/Left/Nabewerking/CreateReport/helpers/useHandleStep2/utils.ts,recurring,75,57,0,0
src/Components/HomePage/Body/Left/Nabewerking/CreateReport/helpers/useHandleStep2/writeReportZipBlob.ts,new,20,-,0,-
src/Components/HomePage/Body/Left/Nabewerking/CreateReport/hooks/useCreateReportFilterAndSortPlans.ts,new,14,-,0,-
src/Components/HomePage/Body/Left/Nabewerking/VluchtenZoeken/index.tsx,recurring,16,16,0,0
src/Components/HomePage/Body/Left/Nabewerking/VluchtenZoeken/Steps/Step1/index.tsx,recurring,35,35,0,0
src/Components/HomePage/Body/Left/Nabewerking/VluchtenZoeken/Steps/Step1/Content/Buttons.tsx,recurring,61,87,0,17.65
src/Components/HomePage/Body/Left/Nabewerking/VluchtenZoeken/Steps/Step1/Content/Loading.tsx,recurring,23,23,0,0
src/Components/HomePage/Body/Left/Nabewerking/VluchtenZoeken/Steps/Step1/Content/SinglePlan.tsx,recurring,32,45,0,61.11
src/Components/HomePage/Body/Left/Nabewerking/VluchtenZoeken/Steps/Step2/Buttons.tsx,recurring,86,102,0,0
src/Components/HomePage/Body/Left/Nabewerking/VluchtenZoeken/Steps/Step2/clearFinishedPlanStep2Layers.ts,new,11,-,0,-
src/Components/HomePage/Body/Left/Nabewerking/VluchtenZoeken/Steps/Step2/index.tsx,recurring,51,51,0,0
src/Components/HomePage/Body/Left/Nabewerking/VluchtenZoeken/Steps/Step2/runFinishedPlanStep2ExitCleanup.ts,new,9,-,0,-
src/Components/HomePage/Body/Left/Nabewerking/VluchtenZoeken/Steps/Step2/Actions/NoneAction.tsx,recurring,17,17,0,0
src/Components/HomePage/Body/Left/Nabewerking/VluchtenZoeken/Steps/Step2/Actions/EditFlight/Buttons.tsx,recurring,67,99,0,62.3
src/Components/HomePage/Body/Left/Nabewerking/VluchtenZoeken/Steps/Step2/Actions/EditFlight/FormElements.tsx,recurring,62,139,0,65.96
src/Components/HomePage/Body/Left/Nabewerking/VluchtenZoeken/Steps/Step2/Actions/EditFlight/index.tsx,recurring,22,22,0,0
src/Components/HomePage/Body/Left/Nabewerking/VluchtenZoeken/Steps/Step2/Actions/VliegrouteExporteren/exportFlightPathZip.ts,new,56,-,0,-
src/Components/HomePage/Body/Left/Nabewerking/VluchtenZoeken/Steps/Step2/Actions/VliegrouteExporteren/index.tsx,recurring,132,160,0,0
src/Components/HomePage/Body/Left/Nabewerking/VluchtenZoeken/Steps/Step2/Actions/Waarnemingen/SingleGeometry.tsx,recurring,37,65,0,0
src/Components/HomePage/Body/Left/Nabewerking/VluchtenZoeken/Steps/Step2/Actions/Waarnemingen/SingleGeometryCardBody.tsx,new,32,-,0,-
src/Components/HomePage/Body/Left/Nabewerking/VluchtenZoeken/Steps/Step2/Actions/Waarnemingen/SinglePoint.tsx,recurring,38,38,0,0
src/Components/HomePage/Body/Left/Nabewerking/VluchtenZoeken/Steps/Step2/Actions/Waarnemingen/WaarnemingenBrowsePanel.tsx,new,42,-,0,-
src/Components/HomePage/Body/Left/Nabewerking/VluchtenZoeken/Steps/Step2/Actions/Waarnemingen/WaarnemingenButtons.tsx,new,23,-,0,-
src/Components/HomePage/Body/Left/Nabewerking/VluchtenZoeken/Steps/Step2/Actions/Waarnemingen/WaarnemingenList.tsx,new,40,-,0,-
src/Components/HomePage/Body/Left/Nabewerking/VluchtenZoeken/Steps/Step2/Actions/Waarnemingen/index.tsx,recurring,25,116,0,0
src/Components/HomePage/Body/Left/Nabewerking/VluchtenZoeken/Steps/Step2/Actions/Waarnemingen/singleGeometryHelpers.tsx,new,29,-,0,-
src/Components/HomePage/Body/Left/Nabewerking/VluchtenZoeken/Steps/Step2/Actions/Waarnemingen/useWaarnemingenButtonHandlers.ts,new,31,-,0,-
src/Components/HomePage/Body/Left/Nabewerking/VluchtenZoeken/Steps/Step2/Actions/Waarnemingen/useWaarnemingenFilteredCollections.ts,new,28,-,0,-
src/Components/HomePage/Body/Left/Nabewerking/VluchtenZoeken/Steps/Step2/Actions/Waarnemingen/useWaarnemingenFilters.ts,new,31,-,0,-
src/Components/HomePage/Body/Left/Nabewerking/VluchtenZoeken/Steps/Step2/Actions/Waarnemingen/waarnemingenFilterHelpers.ts,new,24,-,0,-
src/Components/HomePage/Body/Left/Nabewerking/VluchtenZoeken/Steps/Step2/Actions/Waarnemingen/EditGeometryDetails/index.tsx,recurring,16,16,0,0
src/Components/HomePage/Body/Left/Nabewerking/VluchtenZoeken/Steps/Step2/Actions/Waarnemingen/EditGeometryDetails/Actions/Buttons.tsx,recurring,36,50,0,0
src/Components/HomePage/Body/Left/Nabewerking/VluchtenZoeken/Steps/Step2/Actions/Waarnemingen/EditGeometryDetails/Actions/Form/applyGeometryCommentUpdate.ts,new,84,-,0,-
src/Components/HomePage/Body/Left/Nabewerking/VluchtenZoeken/Steps/Step2/Actions/Waarnemingen/EditGeometryDetails/Actions/Form/index.tsx,recurring,79,202,0,17.89
src/Components/HomePage/Body/Left/Nabewerking/VluchtenZoeken/Steps/Step2/Actions/Waarnemingen/EditGeometryDetails/Actions/Form/updateGeometryPointsComment.ts,new,40,-,0,-
src/Components/HomePage/Body/Left/Nabewerking/VluchtenZoeken/Steps/Step2/Actions/Waarnemingen/EditGeometryDetails/Actions/Foto/index.tsx,recurring,37,37,0,0
src/Components/HomePage/Body/Left/Nabewerking/VluchtenZoeken/Steps/Step2/Actions/Waarnemingen/EditPointDetails/index.tsx,recurring,20,20,0,0
src/Components/HomePage/Body/Left/Nabewerking/VluchtenZoeken/Steps/Step2/Actions/Waarnemingen/EditPointDetails/Actions/ChangePoint/Buttons.tsx,recurring,36,47,0,0
src/Components/HomePage/Body/Left/Nabewerking/VluchtenZoeken/Steps/Step2/Actions/Waarnemingen/EditPointDetails/Actions/ChangePoint/Filter.tsx,recurring,3,3,0,0
src/Components/HomePage/Body/Left/Nabewerking/VluchtenZoeken/Steps/Step2/Actions/Waarnemingen/EditPointDetails/Actions/ChangePoint/Header.tsx,recurring,22,22,0,0
src/Components/HomePage/Body/Left/Nabewerking/VluchtenZoeken/Steps/Step2/Actions/Waarnemingen/EditPointDetails/Actions/ChangePoint/SinglePoints.tsx,recurring,35,35,0,0
src/Components/HomePage/Body/Left/Nabewerking/VluchtenZoeken/Steps/Step2/Actions/Waarnemingen/EditPointDetails/Actions/ChangePoint/index.tsx,recurring,89,89,0,0
src/Components/HomePage/Body/Left/Nabewerking/VluchtenZoeken/Steps/Step2/Actions/Waarnemingen/EditPointDetails/Actions/DeletePoint/index.tsx,recurring,95,95,0,0
src/Components/HomePage/Body/Left/Nabewerking/VluchtenZoeken/Steps/Step2/Actions/Waarnemingen/EditPointDetails/Actions/EditPointCoordinates/EditPointCoordinatesButtons.tsx,new,29,-,0,-
src/Components/HomePage/Body/Left/Nabewerking/VluchtenZoeken/Steps/Step2/Actions/Waarnemingen/EditPointDetails/Actions/EditPointCoordinates/EditPointCoordinatesForm.tsx,new,46,-,0,-
src/Components/HomePage/Body/Left/Nabewerking/VluchtenZoeken/Steps/Step2/Actions/Waarnemingen/EditPointDetails/Actions/EditPointCoordinates/applyCoordsFromMapClick.ts,new,27,-,0,-
src/Components/HomePage/Body/Left/Nabewerking/VluchtenZoeken/Steps/Step2/Actions/Waarnemingen/EditPointDetails/Actions/EditPointCoordinates/applyEditPointMapClick.ts,new,10,-,0,-
src/Components/HomePage/Body/Left/Nabewerking/VluchtenZoeken/Steps/Step2/Actions/Waarnemingen/EditPointDetails/Actions/EditPointCoordinates/applyPointCoordinateUpdateSuccess.ts,new,38,-,0,-
src/Components/HomePage/Body/Left/Nabewerking/VluchtenZoeken/Steps/Step2/Actions/Waarnemingen/EditPointDetails/Actions/EditPointCoordinates/buildPointCoordinatePayload.ts,new,31,-,0,-
src/Components/HomePage/Body/Left/Nabewerking/VluchtenZoeken/Steps/Step2/Actions/Waarnemingen/EditPointDetails/Actions/EditPointCoordinates/coordinateFinalize.ts,new,36,-,0,-
src/Components/HomePage/Body/Left/Nabewerking/VluchtenZoeken/Steps/Step2/Actions/Waarnemingen/EditPointDetails/Actions/EditPointCoordinates/coordinateValues.ts,new,6,-,0,-
src/Components/HomePage/Body/Left/Nabewerking/VluchtenZoeken/Steps/Step2/Actions/Waarnemingen/EditPointDetails/Actions/EditPointCoordinates/coordsFromMapClick.ts,new,20,-,0,-
src/Components/HomePage/Body/Left/Nabewerking/VluchtenZoeken/Steps/Step2/Actions/Waarnemingen/EditPointDetails/Actions/EditPointCoordinates/editPointCoordSnapshot.ts,new,6,-,0,-
src/Components/HomePage/Body/Left/Nabewerking/VluchtenZoeken/Steps/Step2/Actions/Waarnemingen/EditPointDetails/Actions/EditPointCoordinates/editPointCoordSyncTransforms.ts,new,27,-,0,-
src/Components/HomePage/Body/Left/Nabewerking/VluchtenZoeken/Steps/Step2/Actions/Waarnemingen/EditPointDetails/Actions/EditPointCoordinates/editPointCoordinateApply.ts,new,46,-,0,-
src/Components/HomePage/Body/Left/Nabewerking/VluchtenZoeken/Steps/Step2/Actions/Waarnemingen/EditPointDetails/Actions/EditPointCoordinates/editPointCoordinateEffectInputs.ts,new,48,-,0,-
src/Components/HomePage/Body/Left/Nabewerking/VluchtenZoeken/Steps/Step2/Actions/Waarnemingen/EditPointDetails/Actions/EditPointCoordinates/editPointCoordinateEffectsTypes.ts,new,21,-,0,-
src/Components/HomePage/Body/Left/Nabewerking/VluchtenZoeken/Steps/Step2/Actions/Waarnemingen/EditPointDetails/Actions/EditPointCoordinates/editPointCoordinateSync.ts,new,33,-,0,-
src/Components/HomePage/Body/Left/Nabewerking/VluchtenZoeken/Steps/Step2/Actions/Waarnemingen/EditPointDetails/Actions/EditPointCoordinates/editPointMapClickTypes.ts,new,24,-,0,-
src/Components/HomePage/Body/Left/Nabewerking/VluchtenZoeken/Steps/Step2/Actions/Waarnemingen/EditPointDetails/Actions/EditPointCoordinates/index.tsx,recurring,55,428,0,17.35
src/Components/HomePage/Body/Left/Nabewerking/VluchtenZoeken/Steps/Step2/Actions/Waarnemingen/EditPointDetails/Actions/EditPointCoordinates/patchPlanWithUpdatedPoint.ts,new,53,-,0,-
src/Components/HomePage/Body/Left/Nabewerking/VluchtenZoeken/Steps/Step2/Actions/Waarnemingen/EditPointDetails/Actions/EditPointCoordinates/pointCoordinateUpdateContext.ts,new,38,-,0,-
src/Components/HomePage/Body/Left/Nabewerking/VluchtenZoeken/Steps/Step2/Actions/Waarnemingen/EditPointDetails/Actions/EditPointCoordinates/pointMapGraphicHelpers.ts,new,65,-,0,-
src/Components/HomePage/Body/Left/Nabewerking/VluchtenZoeken/Steps/Step2/Actions/Waarnemingen/EditPointDetails/Actions/EditPointCoordinates/pointMapGraphics.ts,new,67,-,0,-
src/Components/HomePage/Body/Left/Nabewerking/VluchtenZoeken/Steps/Step2/Actions/Waarnemingen/EditPointDetails/Actions/EditPointCoordinates/registerEditPointMapClick.ts,new,24,-,0,-
src/Components/HomePage/Body/Left/Nabewerking/VluchtenZoeken/Steps/Step2/Actions/Waarnemingen/EditPointDetails/Actions/EditPointCoordinates/restoreOriginalPointGraphic.ts,new,23,-,0,-
src/Components/HomePage/Body/Left/Nabewerking/VluchtenZoeken/Steps/Step2/Actions/Waarnemingen/EditPointDetails/Actions/EditPointCoordinates/scheduleEditPointPreview.ts,new,45,-,0,-
src/Components/HomePage/Body/Left/Nabewerking/VluchtenZoeken/Steps/Step2/Actions/Waarnemingen/EditPointDetails/Actions/EditPointCoordinates/submitPointCoordinates.ts,new,61,-,0,-
src/Components/HomePage/Body/Left/Nabewerking/VluchtenZoeken/Steps/Step2/Actions/Waarnemingen/EditPointDetails/Actions/EditPointCoordinates/toEditPointCoordinatesView.ts,new,31,-,0,-
src/Components/HomePage/Body/Left/Nabewerking/VluchtenZoeken/Steps/Step2/Actions/Waarnemingen/EditPointDetails/Actions/EditPointCoordinates/useEditPointCleanup.ts,new,44,-,0,-
src/Components/HomePage/Body/Left/Nabewerking/VluchtenZoeken/Steps/Step2/Actions/Waarnemingen/EditPointDetails/Actions/EditPointCoordinates/useEditPointCoordState.ts,new,25,-,0,-
src/Components/HomePage/Body/Left/Nabewerking/VluchtenZoeken/Steps/Step2/Actions/Waarnemingen/EditPointDetails/Actions/EditPointCoordinates/useEditPointCoordSyncEffects.ts,new,56,-,0,-
src/Components/HomePage/Body/Left/Nabewerking/VluchtenZoeken/Steps/Step2/Actions/Waarnemingen/EditPointDetails/Actions/EditPointCoordinates/useEditPointCoordinateActions.ts,new,22,-,0,-
src/Components/HomePage/Body/Left/Nabewerking/VluchtenZoeken/Steps/Step2/Actions/Waarnemingen/EditPointDetails/Actions/EditPointCoordinates/useEditPointCoordinateEffects.ts,new,25,-,0,-
src/Components/HomePage/Body/Left/Nabewerking/VluchtenZoeken/Steps/Step2/Actions/Waarnemingen/EditPointDetails/Actions/EditPointCoordinates/useEditPointCoordinateEffectsFromStores.ts,new,19,-,0,-
src/Components/HomePage/Body/Left/Nabewerking/VluchtenZoeken/Steps/Step2/Actions/Waarnemingen/EditPointDetails/Actions/EditPointCoordinates/useEditPointCoordinateInputs.ts,new,46,-,0,-
src/Components/HomePage/Body/Left/Nabewerking/VluchtenZoeken/Steps/Step2/Actions/Waarnemingen/EditPointDetails/Actions/EditPointCoordinates/useEditPointCoordinateStores.ts,new,25,-,0,-
src/Components/HomePage/Body/Left/Nabewerking/VluchtenZoeken/Steps/Step2/Actions/Waarnemingen/EditPointDetails/Actions/EditPointCoordinates/useEditPointCoordinateSubmit.ts,new,42,-,0,-
src/Components/HomePage/Body/Left/Nabewerking/VluchtenZoeken/Steps/Step2/Actions/Waarnemingen/EditPointDetails/Actions/EditPointCoordinates/useEditPointCoordinates.ts,new,16,-,0,-
src/Components/HomePage/Body/Left/Nabewerking/VluchtenZoeken/Steps/Step2/Actions/Waarnemingen/EditPointDetails/Actions/EditPointCoordinates/useEditPointMapClick.ts,new,29,-,0,-
src/Components/HomePage/Body/Left/Nabewerking/VluchtenZoeken/Steps/Step2/Actions/Waarnemingen/EditPointDetails/Actions/EditPointCoordinates/useEditPointMapEffects.ts,new,3,-,0,-
src/Components/HomePage/Body/Left/Nabewerking/VluchtenZoeken/Steps/Step2/Actions/Waarnemingen/EditPointDetails/Actions/EditPointCoordinates/useEditPointPreviewGraphics.ts,new,19,-,0,-
src/Components/HomePage/Body/Left/Nabewerking/VluchtenZoeken/Steps/Step2/Actions/Waarnemingen/EditPointDetails/Actions/Form/Buttons.tsx,recurring,44,63,0,0
src/Components/HomePage/Body/Left/Nabewerking/VluchtenZoeken/Steps/Step2/Actions/Waarnemingen/EditPointDetails/Actions/Form/applyEditPointDetailsSuccess.ts,new,34,-,0,-
src/Components/HomePage/Body/Left/Nabewerking/VluchtenZoeken/Steps/Step2/Actions/Waarnemingen/EditPointDetails/Actions/Form/buildEditPointDetailsPayload.ts,new,25,-,0,-
src/Components/HomePage/Body/Left/Nabewerking/VluchtenZoeken/Steps/Step2/Actions/Waarnemingen/EditPointDetails/Actions/Form/editPointDetailsPayload.ts,new,17,-,0,-
src/Components/HomePage/Body/Left/Nabewerking/VluchtenZoeken/Steps/Step2/Actions/Waarnemingen/EditPointDetails/Actions/Form/editPointDetailsUpdate.ts,new,3,-,0,-
src/Components/HomePage/Body/Left/Nabewerking/VluchtenZoeken/Steps/Step2/Actions/Waarnemingen/EditPointDetails/Actions/Form/index.tsx,recurring,99,187,0,9.09
src/Components/HomePage/Body/Left/Nabewerking/VluchtenZoeken/Steps/Step2/Actions/Waarnemingen/EditPointDetails/Actions/Form/submitEditPointDetails.ts,new,31,-,0,-
src/Components/HomePage/Body/Left/Nabewerking/VluchtenZoeken/Steps/Step2/Actions/Waarnemingen/EditPointDetails/Actions/Form/submitEditPointDetailsTypes.ts,new,17,-,0,-
src/Components/HomePage/Body/Left/Nabewerking/VluchtenZoeken/Steps/Step2/Actions/Waarnemingen/EditPointDetails/Actions/Foto/index.tsx,recurring,31,31,0,0
src/Components/HomePage/Body/Left/Nabewerking/VluchtenZoeken/Steps/Step2/Actions/Waarnemingen/common/ObservationDetailFields.tsx,new,66,-,0,-
src/Components/HomePage/Body/Left/Nabewerking/VluchtenZoeken/Steps/Step2/Actions/Waarnemingen/common/editObservationFormProps.ts,new,7,-,0,-
src/Components/HomePage/Body/Left/Nabewerking/VluchtenZoeken/Steps/Step2/Actions/Waarnemingen/common/observationEditCallbacks.ts,new,11,-,0,-
src/Components/HomePage/Body/Left/Nabewerking/VluchtenZoeken/Steps/Step2/Actions/Waarnemingen/common/Foto/CreateImageBtn.tsx,recurring,22,119,0,0
src/Components/HomePage/Body/Left/Nabewerking/VluchtenZoeken/Steps/Step2/Actions/Waarnemingen/common/Foto/CreateImageBtnView.tsx,new,22,-,0,-
src/Components/HomePage/Body/Left/Nabewerking/VluchtenZoeken/Steps/Step2/Actions/Waarnemingen/common/Foto/FotoAttachmentGrid.tsx,new,54,-,0,-
src/Components/HomePage/Body/Left/Nabewerking/VluchtenZoeken/Steps/Step2/Actions/Waarnemingen/common/Foto/FotoEmptyState.tsx,recurring,10,10,0,0
src/Components/HomePage/Body/Left/Nabewerking/VluchtenZoeken/Steps/Step2/Actions/Waarnemingen/common/Foto/FotoPanel.tsx,recurring,40,167,0,0
src/Components/HomePage/Body/Left/Nabewerking/VluchtenZoeken/Steps/Step2/Actions/Waarnemingen/common/Foto/FotoPanelChrome.tsx,new,48,-,0,-
src/Components/HomePage/Body/Left/Nabewerking/VluchtenZoeken/Steps/Step2/Actions/Waarnemingen/common/Foto/FotoPanelViews.tsx,new,73,-,0,-
src/Components/HomePage/Body/Left/Nabewerking/VluchtenZoeken/Steps/Step2/Actions/Waarnemingen/common/Foto/applyUploadedAttachmentSuccess.ts,new,52,-,0,-
src/Components/HomePage/Body/Left/Nabewerking/VluchtenZoeken/Steps/Step2/Actions/Waarnemingen/common/Foto/attachmentUploadHelpers.ts,recurring,30,30,0,0
src/Components/HomePage/Body/Left/Nabewerking/VluchtenZoeken/Steps/Step2/Actions/Waarnemingen/common/Foto/buildImageMarkerGraphics.ts,new,90,-,0,-
src/Components/HomePage/Body/Left/Nabewerking/VluchtenZoeken/Steps/Step2/Actions/Waarnemingen/common/Foto/commitFotoAttachmentDelete.ts,new,45,-,0,-
src/Components/HomePage/Body/Left/Nabewerking/VluchtenZoeken/Steps/Step2/Actions/Waarnemingen/common/Foto/computeActiveIndexAfterDelete.ts,recurring,12,12,0,0
src/Components/HomePage/Body/Left/Nabewerking/VluchtenZoeken/Steps/Step2/Actions/Waarnemingen/common/Foto/createImageUploadTypes.ts,new,22,-,0,-
src/Components/HomePage/Body/Left/Nabewerking/VluchtenZoeken/Steps/Step2/Actions/Waarnemingen/common/Foto/createNumberedMarkerGraphics.ts,new,42,-,0,-
src/Components/HomePage/Body/Left/Nabewerking/VluchtenZoeken/Steps/Step2/Actions/Waarnemingen/common/Foto/deleteFotoFromArcgis.ts,new,23,-,0,-
src/Components/HomePage/Body/Left/Nabewerking/VluchtenZoeken/Steps/Step2/Actions/Waarnemingen/common/Foto/filterValidAttachments.ts,recurring,17,12,0,0
src/Components/HomePage/Body/Left/Nabewerking/VluchtenZoeken/Steps/Step2/Actions/Waarnemingen/common/Foto/findFotoMarkerAttachmentIndex.ts,new,38,-,0,-
src/Components/HomePage/Body/Left/Nabewerking/VluchtenZoeken/Steps/Step2/Actions/Waarnemingen/common/Foto/fotoPanelModelHelpers.ts,new,151,-,0,-
src/Components/HomePage/Body/Left/Nabewerking/VluchtenZoeken/Steps/Step2/Actions/Waarnemingen/common/Foto/imageLocationMarker.ts,new,28,-,0,-
src/Components/HomePage/Body/Left/Nabewerking/VluchtenZoeken/Steps/Step2/Actions/Waarnemingen/common/Foto/navigateToLocation.ts,recurring,41,51,0,0
src/Components/HomePage/Body/Left/Nabewerking/VluchtenZoeken/Steps/Step2/Actions/Waarnemingen/common/Foto/resolveFotoMarkerClick.ts,new,18,-,0,-
src/Components/HomePage/Body/Left/Nabewerking/VluchtenZoeken/Steps/Step2/Actions/Waarnemingen/common/Foto/resolveUploadedAttachment.ts,new,58,-,0,-
src/Components/HomePage/Body/Left/Nabewerking/VluchtenZoeken/Steps/Step2/Actions/Waarnemingen/common/Foto/runCreateImageUpload.ts,new,46,-,0,-
src/Components/HomePage/Body/Left/Nabewerking/VluchtenZoeken/Steps/Step2/Actions/Waarnemingen/common/Foto/runFotoAttachmentDelete.ts,new,30,-,0,-
src/Components/HomePage/Body/Left/Nabewerking/VluchtenZoeken/Steps/Step2/Actions/Waarnemingen/common/Foto/syncAttachmentsInPlan.ts,recurring,82,63,0,0
src/Components/HomePage/Body/Left/Nabewerking/VluchtenZoeken/Steps/Step2/Actions/Waarnemingen/common/Foto/syncImageMarkersOnLayer.ts,new,21,-,0,-
src/Components/HomePage/Body/Left/Nabewerking/VluchtenZoeken/Steps/Step2/Actions/Waarnemingen/common/Foto/uploadAttachmentForPointHelpers.ts,new,27,-,0,-
src/Components/HomePage/Body/Left/Nabewerking/VluchtenZoeken/Steps/Step2/Actions/Waarnemingen/common/Foto/useCreateImageBtnModel.ts,new,45,-,0,-
src/Components/HomePage/Body/Left/Nabewerking/VluchtenZoeken/Steps/Step2/Actions/Waarnemingen/common/Foto/useCreateImageUploadEffect.ts,new,30,-,0,-
src/Components/HomePage/Body/Left/Nabewerking/VluchtenZoeken/Steps/Step2/Actions/Waarnemingen/common/Foto/useFotoMapClickHandler.ts,recurring,42,52,0,0
src/Components/HomePage/Body/Left/Nabewerking/VluchtenZoeken/Steps/Step2/Actions/Waarnemingen/common/Foto/useFotoPanelModel.ts,new,36,-,0,-
src/Components/HomePage/Body/Left/Nabewerking/VluchtenZoeken/Steps/Step2/Actions/Waarnemingen/common/Foto/useImageMarkersOnMap.ts,recurring,31,111,0,0
src/Components/HomePage/Body/Left/Nabewerking/VluchtenZoeken/Steps/Step2/Actions/Waarnemingen/common/Foto/useUploadAttachmentForPoint.ts,recurring,23,67,0,0
src/Components/HomePage/Body/Left/Nabewerking/VluchtenZoeken/hooks/buildPlanGeometryGraphics.ts,new,59,-,0,-
src/Components/HomePage/Body/Left/Nabewerking/VluchtenZoeken/hooks/useFilterAndSortPlans.ts,recurring,14,30,0,50
src/Components/HomePage/Body/Left/Nabewerking/VluchtenZoeken/hooks/useFilterPlanPoints.ts,recurring,11,16,0,60
src/Components/HomePage/Body/Left/Nabewerking/VluchtenZoeken/hooks/useRenderPlanGeometries.ts,recurring,22,45,0,25.93
src/Components/HomePage/Body/Left/Nabewerking/VluchtenZoeken/hooks/useRenderPlanPoints.ts,recurring,24,24,0,0
src/Components/HomePage/Body/Left/Nabewerking/VluchtenZoeken/hooks/useUpdateSelectedPlan.ts,recurring,10,10,0,0
src/Components/HomePage/Body/Left/TimeSlider/FlightPlansListCheckbox.tsx,recurring,60,118,0,0
src/Components/HomePage/Body/Left/TimeSlider/fetchTimesliderFinishedPlans.ts,new,22,-,0,-
src/Components/HomePage/Body/Left/TimeSlider/index.tsx,recurring,8,8,0,0
src/Components/HomePage/Body/Left/TimeSlider/timesliderFlightPlanEffects.ts,new,69,-,0,-
src/Components/HomePage/Body/Left/TimeSlider/useTimesliderFlightPlans.ts,new,34,-,0,-
src/Components/HomePage/Body/Left/Tools/AandachtspuntenVerwijderen/index.tsx,recurring,23,23,0,0
src/Components/HomePage/Body/Left/Tools/AandachtspuntenVerwijderen/Actions/Main/ActionButtons.tsx,recurring,54,54,0,0
src/Components/HomePage/Body/Left/Tools/AandachtspuntenVerwijderen/Actions/Main/Buttons.tsx,recurring,88,104,0,0
src/Components/HomePage/Body/Left/Tools/AandachtspuntenVerwijderen/Actions/Main/ConfirmationModal.tsx,recurring,72,72,0,0
src/Components/HomePage/Body/Left/Tools/AandachtspuntenVerwijderen/Actions/Main/DeletePointsList.tsx,new,17,-,0,-
src/Components/HomePage/Body/Left/Tools/AandachtspuntenVerwijderen/Actions/Main/Header.tsx,recurring,33,33,0,0
src/Components/HomePage/Body/Left/Tools/AandachtspuntenVerwijderen/Actions/Main/SinglePoint.tsx,recurring,41,41,0,0
src/Components/HomePage/Body/Left/Tools/AandachtspuntenVerwijderen/Actions/Main/attachDeletePointMapClick.ts,new,43,-,0,-
src/Components/HomePage/Body/Left/Tools/AandachtspuntenVerwijderen/Actions/Main/deletePointsHelpers.ts,new,28,-,0,-
src/Components/HomePage/Body/Left/Tools/AandachtspuntenVerwijderen/Actions/Main/index.tsx,recurring,35,93,0,13.56
src/Components/HomePage/Body/Left/Tools/AandachtspuntenVerwijderen/Actions/Main/runMultiPointDelete.ts,new,37,-,0,-
src/Components/HomePage/Body/Left/Tools/AandachtspuntenVerwijderen/Actions/Main/sortDeletePoints.ts,new,17,-,0,-
src/Components/HomePage/Body/Left/Tools/AandachtspuntenVerwijderen/Actions/Main/useDeletePointMapSelection.ts,new,27,-,0,-
src/Components/HomePage/Body/Left/Tools/AandachtspuntenVerwijderen/Actions/AddToPlan/Step1.tsx,recurring,56,56,0,72.73
src/Components/HomePage/Body/Left/Tools/AandachtspuntenVerwijderen/Actions/AddToPlan/StepYes.tsx,recurring,3,3,0,0
src/Components/HomePage/Body/Left/Tools/AandachtspuntenVerwijderen/Actions/AddToPlan/index.tsx,recurring,15,15,0,0
src/Components/HomePage/Body/Left/Tools/AandachtspuntenVerwijderen/Actions/AddToPlan/StepNo/Buttons.tsx,recurring,48,61,0,0
src/Components/HomePage/Body/Left/Tools/AandachtspuntenVerwijderen/Actions/AddToPlan/StepNo/Step2.tsx,recurring,38,38,0,0
src/Components/HomePage/Body/Left/Tools/AandachtspuntenVerwijderen/Actions/AddToPlan/StepNo/index.tsx,recurring,54,54,0,0
src/Components/HomePage/Body/Left/Tools/AandachtspuntenVerwijderen/Actions/DeletePoint/index.tsx,recurring,63,63,0,0
src/Components/HomePage/Body/Left/Tools/AandachtspuntenVerwijderen/Actions/EditPointDetails/EditPointDetailsHeader.tsx,new,24,-,0,-
src/Components/HomePage/Body/Left/Tools/AandachtspuntenVerwijderen/Actions/EditPointDetails/applyDeletePointUpdateSuccess.ts,new,20,-,0,-
src/Components/HomePage/Body/Left/Tools/AandachtspuntenVerwijderen/Actions/EditPointDetails/deletePointFormSetters.ts,new,14,-,0,-
src/Components/HomePage/Body/Left/Tools/AandachtspuntenVerwijderen/Actions/EditPointDetails/index.tsx,recurring,26,73,0,0
src/Components/HomePage/Body/Left/Tools/AandachtspuntenVerwijderen/Actions/EditPointDetails/submitDeletePointDetailsUpdate.ts,new,44,-,0,-
src/Components/HomePage/Body/Left/Tools/AandachtspuntenVerwijderen/Actions/EditPointDetails/syncSelectedPointToDeleteState.ts,new,19,-,0,-
src/Components/HomePage/Body/Left/Tools/AandachtspuntenVerwijderen/Actions/EditPointDetails/useDeletePointDetailsSubmit.ts,new,34,-,0,-
src/Components/HomePage/Body/Left/Tools/AandachtspuntenVerwijderen/Actions/EditPointDetails/Steps/Step1/Buttons.tsx,recurring,55,97,0,48.48
src/Components/HomePage/Body/Left/Tools/AandachtspuntenVerwijderen/Actions/EditPointDetails/Steps/Step1/DeletePointStep1Fields.tsx,new,13,-,0,-
src/Components/HomePage/Body/Left/Tools/AandachtspuntenVerwijderen/Actions/EditPointDetails/Steps/Step1/Form.tsx,recurring,6,111,0,0
src/Components/HomePage/Body/Left/Tools/AandachtspuntenVerwijderen/Actions/EditPointDetails/Steps/Step1/Loading.tsx,recurring,14,14,0,0
src/Components/HomePage/Body/Left/Tools/AandachtspuntenVerwijderen/Actions/EditPointDetails/Steps/Step1/ReadOnlyPointFields.tsx,new,15,-,0,-
src/Components/HomePage/Body/Left/Tools/AandachtspuntenVerwijderen/Actions/EditPointDetails/Steps/Step1/deletePointFieldsAfterOmschrijving.tsx,new,15,-,0,-
src/Components/HomePage/Body/Left/Tools/AandachtspuntenVerwijderen/Actions/EditPointDetails/Steps/Step1/deletePointOmschrijvingField.tsx,new,14,-,0,-
src/Components/HomePage/Body/Left/Tools/AandachtspuntenVerwijderen/Actions/EditPointDetails/Steps/Step1/deletePointStep1FieldProps.ts,new,24,-,0,-
src/Components/HomePage/Body/Left/Tools/AandachtspuntenVerwijderen/Actions/EditPointDetails/Steps/Step1/deletePointStep1Slots.tsx,new,12,-,0,-
src/Components/HomePage/Body/Left/Tools/AandachtspuntenVerwijderen/Actions/EditPointDetails/Steps/Step1/deletePointTrailingFields.tsx,new,17,-,0,-
src/Components/HomePage/Body/Left/Tools/AandachtspuntenVerwijderen/Actions/EditPointDetails/Steps/Step1/index.tsx,recurring,14,14,0,0
src/Components/HomePage/Body/Left/Tools/AandachtspuntenVerwijderen/Actions/EditPointDetails/Steps/Step1/useDeletePointStep1FormModel.ts,new,22,-,0,-
src/Components/HomePage/Body/Left/Tools/AandachtspuntenVerwijderen/Actions/EditPointDetails/Steps/Step2/Step2Sub1.tsx,recurring,7,143,0,31.48
src/Components/HomePage/Body/Left/Tools/AandachtspuntenVerwijderen/Actions/EditPointDetails/Steps/Step2/Step2Sub2.tsx,recurring,98,106,0,13.33
src/Components/HomePage/Body/Left/Tools/AandachtspuntenVerwijderen/Actions/EditPointDetails/Steps/Step2/applyDeletePointCoordinatePatch.ts,new,1,-,0,-
src/Components/HomePage/Body/Left/Tools/AandachtspuntenVerwijderen/Actions/EditPointDetails/Steps/Step2/applyDeletePointCoordinatePatchCore.ts,new,50,-,0,-
src/Components/HomePage/Body/Left/Tools/AandachtspuntenVerwijderen/Actions/EditPointDetails/Steps/Step2/buildDeletePointStep2Sub1Handlers.ts,new,31,-,0,-
src/Components/HomePage/Body/Left/Tools/AandachtspuntenVerwijderen/Actions/EditPointDetails/Steps/Step2/handleDeletePointEmptyMapClick.ts,new,65,-,0,-
src/Components/HomePage/Body/Left/Tools/AandachtspuntenVerwijderen/Actions/EditPointDetails/Steps/Step2/index.tsx,recurring,43,71,0,47.06
src/Components/HomePage/Body/Left/Tools/AandachtspuntenVerwijderen/Actions/EditPointDetails/Steps/Step2/useDeletePointMapClick.ts,new,28,-,0,-
src/Components/HomePage/Body/Left/Tools/AandachtspuntenVerwijderen/Actions/EditPointDetails/Steps/Step2/useDeletePointStep2Sub1.ts,new,15,-,0,-
src/Components/HomePage/Body/Left/Tools/AandachtspuntenVerwijderen/Actions/EditPointDetails/Steps/Step2/useDeletePointStep2Sub1Wire.ts,new,24,-,0,-
src/Components/HomePage/Body/Left/Tools/AandachtspuntenVerwijderen/Actions/Filter/index.tsx,recurring,12,12,0,0
src/Components/HomePage/Body/Left/Tools/AandachtspuntenVerwijderen/Actions/ViewPlans/PlanInformation.tsx,recurring,5,54,0,100
src/Components/HomePage/Body/Left/Tools/AandachtspuntenVerwijderen/Actions/ViewPlans/PlansList.tsx,recurring,56,56,0,0
src/Components/HomePage/Body/Left/Tools/AandachtspuntenVerwijderen/Actions/ViewPlans/index.tsx,recurring,33,33,0,0
src/Components/HomePage/Body/Left/Tools/Bevragen/index.tsx,recurring,3,3,0,0
src/Components/HomePage/Body/Left/Tools/EditGeometry/ActionButtons.tsx,recurring,31,35,0,75
src/Components/HomePage/Body/Left/Tools/EditGeometry/Buttons.tsx,recurring,15,15,0,0
src/Components/HomePage/Body/Left/Tools/EditGeometry/ConfirmationModal.tsx,recurring,78,78,0,0
src/Components/HomePage/Body/Left/Tools/EditGeometry/EditGeometryBody.tsx,new,64,-,0,-
src/Components/HomePage/Body/Left/Tools/EditGeometry/EditGeometryListView.tsx,new,48,-,0,-
src/Components/HomePage/Body/Left/Tools/EditGeometry/Header.tsx,recurring,22,22,0,0
src/Components/HomePage/Body/Left/Tools/EditGeometry/SingleGeometry.tsx,recurring,37,41,0,54.55
src/Components/HomePage/Body/Left/Tools/EditGeometry/applyGeometryDeleteSuccess.ts,new,34,-,0,-
src/Components/HomePage/Body/Left/Tools/EditGeometry/applyGeometrySaveSuccess.ts,new,41,-,0,-
src/Components/HomePage/Body/Left/Tools/EditGeometry/editGeometryActionHandlers.ts,new,148,-,0,-
src/Components/HomePage/Body/Left/Tools/EditGeometry/editGeometryActionProps.ts,new,6,-,0,-
src/Components/HomePage/Body/Left/Tools/EditGeometry/editGeometryHandlerFactories.ts,new,74,-,0,-
src/Components/HomePage/Body/Left/Tools/EditGeometry/editGeometryHelpers.ts,new,76,-,0,-
src/Components/HomePage/Body/Left/Tools/EditGeometry/editGeometrySuccessHandlers.ts,new,2,-,0,-
src/Components/HomePage/Body/Left/Tools/EditGeometry/index.tsx,recurring,8,243,0,3.92
src/Components/HomePage/Body/Left/Tools/EditGeometry/mergeSavedGeometry.ts,new,19,-,0,-
src/Components/HomePage/Body/Left/Tools/EditGeometry/useEditGeometryHandlers.ts,new,18,-,0,-
src/Components/HomePage/Body/Left/Tools/EditGeometry/useEditGeometryModel.ts,new,38,-,0,-
src/Components/HomePage/Body/Left/Tools/EditGeometry/useEditGeometryModelEffects.ts,new,19,-,0,-
src/Components/HomePage/Body/Left/Tools/EditGeometry/useEditGeometryMutations.ts,new,9,-,0,-
src/Components/HomePage/Body/Left/Tools/EditGeometry/useEditGeometryUiState.ts,new,21,-,0,-
src/Components/HomePage/Body/Left/Tools/EditGeometry/EditForm/EditFormBody.tsx,recurring,142,143,0,0
src/Components/HomePage/Body/Left/Tools/EditGeometry/EditForm/EditFormFooter.tsx,recurring,35,35,0,0
src/Components/HomePage/Body/Left/Tools/EditGeometry/EditForm/EditFormHeader.tsx,recurring,14,14,0,0
src/Components/HomePage/Body/Left/Tools/EditGeometry/EditForm/EditFormScreens.tsx,new,103,-,0,-
src/Components/HomePage/Body/Left/Tools/EditGeometry/EditForm/EditFormView.tsx,new,9,-,0,-
src/Components/HomePage/Body/Left/Tools/EditGeometry/EditForm/EditGeometryPointsList.tsx,recurring,52,52,0,0
src/Components/HomePage/Body/Left/Tools/EditGeometry/EditForm/FormFooterBar.tsx,recurring,11,11,0,0
src/Components/HomePage/Body/Left/Tools/EditGeometry/EditForm/editFormActions.ts,new,91,-,0,-
src/Components/HomePage/Body/Left/Tools/EditGeometry/EditForm/editFormTypes.ts,new,15,-,0,-
src/Components/HomePage/Body/Left/Tools/EditGeometry/EditForm/index.tsx,recurring,23,180,0,0
src/Components/HomePage/Body/Left/Tools/EditGeometry/EditForm/renderEditFormScreen.tsx,new,45,-,0,-
src/Components/HomePage/Body/Left/Tools/EditGeometry/EditForm/useEditFormController.ts,new,42,-,0,-
src/Components/HomePage/Body/Left/Tools/EditGeometry/EditForm/useEditFormEffects.ts,new,37,-,0,-
src/Components/HomePage/Body/Left/Tools/EditGeometry/EditForm/useEditFormState.ts,new,63,-,0,-
src/Components/HomePage/Body/Left/Tools/EditGeometry/EditForm/EditGeometryPointPanel/CoordinateSystemSelect.tsx,recurring,23,23,0,0
src/Components/HomePage/Body/Left/Tools/EditGeometry/EditForm/EditGeometryPointPanel/RdFields.tsx,recurring,68,76,0,0
src/Components/HomePage/Body/Left/Tools/EditGeometry/EditForm/EditGeometryPointPanel/Wgs84Fields.tsx,recurring,71,79,0,0
src/Components/HomePage/Body/Left/Tools/EditGeometry/EditForm/EditGeometryPointPanel/applyMapClickCoordinates.ts,new,45,-,0,-
src/Components/HomePage/Body/Left/Tools/EditGeometry/EditForm/EditGeometryPointPanel/coords.ts,recurring,9,9,0,0
src/Components/HomePage/Body/Left/Tools/EditGeometry/EditForm/EditGeometryPointPanel/index.tsx,recurring,45,45,0,0
src/Components/HomePage/Body/Left/Tools/EditGeometry/EditForm/EditGeometryPointPanel/resolveDebouncedPointWgs84.ts,new,28,-,0,-
src/Components/HomePage/Body/Left/Tools/EditGeometry/EditForm/EditGeometryPointPanel/useDebouncedRedPointFromInputs.ts,recurring,35,57,0,0
src/Components/HomePage/Body/Left/Tools/EditGeometry/EditForm/EditGeometryPointPanel/useMapClickToUpdateCoordinates.ts,recurring,34,52,0,0
src/Components/HomePage/Body/Left/Tools/EditGeometry/EditForm/helpers/labels.ts,recurring,21,21,0,0
src/Components/HomePage/Body/Left/Tools/EditGeometry/EditForm/helpers/pointForm.ts,recurring,50,50,0,0
src/Components/HomePage/Body/Left/Tools/EditGeometry/EditForm/helpers/pointTypes.ts,recurring,7,7,0,0
src/Components/HomePage/Body/Left/Tools/EditGeometry/EditForm/helpers/types.ts,recurring,30,25,0,0
src/Components/HomePage/Body/Left/Tools/Emailijst/index.tsx,recurring,30,30,0,0
src/Components/HomePage/Body/Left/Tools/Emailijst/AddEmail/Loading.tsx,recurring,13,13,0,0
src/Components/HomePage/Body/Left/Tools/Emailijst/AddEmail/index.tsx,recurring,73,73,0,0
src/Components/HomePage/Body/Left/Tools/Emailijst/DeleteEmail/Loading.tsx,recurring,13,13,0,0
src/Components/HomePage/Body/Left/Tools/Emailijst/DeleteEmail/index.tsx,recurring,60,60,0,0
src/Components/HomePage/Body/Left/Tools/Emailijst/EditEmail/Loading.tsx,recurring,13,13,0,0
src/Components/HomePage/Body/Left/Tools/Emailijst/EditEmail/index.tsx,recurring,76,76,0,0
src/Components/HomePage/Body/Left/Tools/Emailijst/List/Buttons.tsx,recurring,46,68,0,0
src/Components/HomePage/Body/Left/Tools/Emailijst/List/index.tsx,recurring,47,47,0,0
src/Components/HomePage/Body/Left/Tools/Exporter/index.tsx,recurring,85,108,0,0
src/Components/HomePage/Body/Left/Tools/Exporter/takeMapScreenshotBlob.ts,new,28,-,0,-
src/Components/HomePage/Body/Left/Tools/Exporter/Steps/Step1.tsx,recurring,50,50,0,0
src/Components/HomePage/Body/Left/Tools/Exporter/Steps/Step2.tsx,recurring,10,10,0,0
src/Components/HomePage/Body/Left/Tools/Exporter/Steps/Step3.tsx,recurring,14,14,0,0
src/Components/HomePage/Body/Left/Tools/ToevoegenKaartlagen/index.jsx,recurring,8,8,0,0
src/Components/HomePage/Body/Left/Tools/ToevoegenKaartlagen/Step1/Buttons.tsx,recurring,16,13,0,0
src/Components/HomePage/Body/Left/Tools/ToevoegenKaartlagen/Step1/index.tsx,recurring,24,24,0,0
src/Components/HomePage/Body/Left/Tools/Uploaden/index.tsx,recurring,32,32,0,0
src/Components/HomePage/Body/Left/Tools/Uploaden/Step1/index.tsx,recurring,21,21,0,0
src/Components/HomePage/Body/Left/Voorbereiding/AddPointsVluchtPlan/index.tsx,recurring,14,14,0,0
src/Components/HomePage/Body/Left/Voorbereiding/AddPointsVluchtPlan/Common/AddPointsVluchtPlanStepContent.tsx,new,35,-,0,-
src/Components/HomePage/Body/Left/Voorbereiding/AddPointsVluchtPlan/Common/Filter.tsx,recurring,29,82,0,55
src/Components/HomePage/Body/Left/Voorbereiding/AddPointsVluchtPlan/Common/Header.tsx,recurring,37,36,0,0
src/Components/HomePage/Body/Left/Voorbereiding/AddPointsVluchtPlan/Common/PointsList.tsx,recurring,19,90,0,58.54
src/Components/HomePage/Body/Left/Voorbereiding/AddPointsVluchtPlan/Common/SelectButtons.tsx,recurring,31,65,0,35.56
src/Components/HomePage/Body/Left/Voorbereiding/AddPointsVluchtPlan/Common/StepContent.tsx,recurring,17,167,0,19.05
src/Components/HomePage/Body/Left/Voorbereiding/AddPointsVluchtPlan/Common/StepContentLists.tsx,new,40,-,0,-
src/Components/HomePage/Body/Left/Voorbereiding/AddPointsVluchtPlan/Common/StepContentView.tsx,new,23,-,0,-
src/Components/HomePage/Body/Left/Voorbereiding/AddPointsVluchtPlan/Common/stepContentFilters.ts,new,47,-,0,-
src/Components/HomePage/Body/Left/Voorbereiding/AddPointsVluchtPlan/Common/stepContentListSelectionProps.ts,new,13,-,0,-
src/Components/HomePage/Body/Left/Voorbereiding/AddPointsVluchtPlan/Common/stepContentViewProps.ts,new,7,-,0,-
src/Components/HomePage/Body/Left/Voorbereiding/AddPointsVluchtPlan/Common/useStepContentDataInit.ts,new,33,-,0,-
src/Components/HomePage/Body/Left/Voorbereiding/AddPointsVluchtPlan/Common/useStepContentDisplayed.ts,new,41,-,0,-
src/Components/HomePage/Body/Left/Voorbereiding/AddPointsVluchtPlan/Common/useStepContentHooks.ts,new,37,-,0,-
src/Components/HomePage/Body/Left/Voorbereiding/AddPointsVluchtPlan/Common/useStepContentMapSync.ts,new,30,-,0,-
src/Components/HomePage/Body/Left/Voorbereiding/AddPointsVluchtPlan/Step1/index.tsx,recurring,64,61,0,0
src/Components/HomePage/Body/Left/Voorbereiding/AddPointsVluchtPlan/Step2/Buttons.tsx,recurring,37,65,0,0
src/Components/HomePage/Body/Left/Voorbereiding/AddPointsVluchtPlan/Step2/index.tsx,recurring,14,27,0,66.67
src/Components/HomePage/Body/Left/Voorbereiding/AddPointsVluchtPlan/Step3/Buttons.tsx,recurring,70,101,0,0
src/Components/HomePage/Body/Left/Voorbereiding/AddPointsVluchtPlan/Step3/index.tsx,recurring,14,27,0,66.67
src/Components/HomePage/Body/Left/Voorbereiding/DrawingTool/index.tsx,recurring,23,18,0,0
src/Components/HomePage/Body/Left/Voorbereiding/DrawingTool/Step1/ClearButton.tsx,recurring,29,29,0,0
src/Components/HomePage/Body/Left/Voorbereiding/DrawingTool/Step1/ConfirmButton.tsx,recurring,68,68,0,0
src/Components/HomePage/Body/Left/Voorbereiding/DrawingTool/Step1/DrawingToolStep1Actions.tsx,new,31,-,0,-
src/Components/HomePage/Body/Left/Voorbereiding/DrawingTool/Step1/DrawingToolStep1Header.tsx,new,22,-,0,-
src/Components/HomePage/Body/Left/Voorbereiding/DrawingTool/Step1/Options.tsx,recurring,139,172,0,0
src/Components/HomePage/Body/Left/Voorbereiding/DrawingTool/Step1/Text.tsx,recurring,67,67,0,0
src/Components/HomePage/Body/Left/Voorbereiding/DrawingTool/Step1/index.tsx,recurring,25,108,0,0
src/Components/HomePage/Body/Left/Voorbereiding/DrawingTool/Step1/useDrawingToolSketchState.ts,new,36,-,0,-
src/Components/HomePage/Body/Left/Voorbereiding/DrawingTool/Step1/useDrawingToolStep1Model.ts,new,27,-,0,-
src/Components/HomePage/Body/Left/Voorbereiding/DrawingTool/Step2/Buttons.tsx,recurring,99,166,0,13.79
src/Components/HomePage/Body/Left/Voorbereiding/DrawingTool/Step2/Form.tsx,recurring,17,39,0,96.43
src/Components/HomePage/Body/Left/Voorbereiding/DrawingTool/Step2/GeometryOmschrijvingField.tsx,recurring,26,26,0,0
src/Components/HomePage/Body/Left/Voorbereiding/DrawingTool/Step2/index.tsx,recurring,18,18,0,0
src/Components/HomePage/Body/Left/Voorbereiding/DrawingTool/helpers/buildGeometryPointsFromDrawn.ts,new,51,-,0,-
src/Components/HomePage/Body/Left/Voorbereiding/DrawingTool/helpers/drawingToolMapCleanup.ts,recurring,41,31,0,0
src/Components/HomePage/Body/Left/Voorbereiding/DrawingTool/helpers/drawingToolSketch.ts,new,47,-,0,-
src/Components/HomePage/Body/Left/Voorbereiding/DrawingTool/helpers/pickDrawingGeometryFormFields.ts,new,11,-,0,-
src/Components/HomePage/Body/Left/Voorbereiding/DrawingTool/helpers/resetSketchSession.ts,recurring,57,57,0,0
src/Components/HomePage/Body/Left/Voorbereiding/DrawingTool/helpers/toGeometryPointPayload.ts,new,65,-,0,-
src/Components/HomePage/Body/Left/Voorbereiding/DrawingTool/helpers/useDrawingToolLifecycle.ts,recurring,112,93,0,0
src/Components/HomePage/Body/Left/Voorbereiding/DrawingTool/helpers/useGraphicsLayerHasItems.ts,new,20,-,0,-
src/Components/HomePage/Body/Left/Voorbereiding/DrawingTool/helpers/useOmschrijvingExists.ts,recurring,13,13,0,0
src/Components/HomePage/Body/Left/Voorbereiding/DrawingTool/helpers/webMercatorToWgs84.ts,new,25,-,0,-
src/Components/HomePage/Body/Left/Voorbereiding/EnrichedAddPoint/handleEnrichedAddPointClick.ts,new,33,-,0,-
src/Components/HomePage/Body/Left/Voorbereiding/EnrichedAddPoint/index.tsx,recurring,14,105,0,37.84
src/Components/HomePage/Body/Left/Voorbereiding/EnrichedAddPoint/registerEnrichedAddPointClick.ts,new,30,-,0,-
src/Components/HomePage/Body/Left/Voorbereiding/EnrichedAddPoint/useEnrichedAddPointController.ts,new,16,-,0,-
src/Components/HomePage/Body/Left/Voorbereiding/EnrichedAddPoint/useEnrichedAddPointMapClick.ts,new,23,-,0,-
src/Components/HomePage/Body/Left/Voorbereiding/EnrichedAddPoint/useEnrichedAddPointMapWiring.ts,new,24,-,0,-
src/Components/HomePage/Body/Left/Voorbereiding/EnrichedAddPoint/Common/SearchWidget.tsx,recurring,50,50,0,0
src/Components/HomePage/Body/Left/Voorbereiding/EnrichedAddPoint/Steps/Step1/index.tsx,recurring,72,72,0,0
src/Components/HomePage/Body/Left/Voorbereiding/EnrichedAddPoint/Steps/Step2/CoordinatesInput.tsx,recurring,34,96,0,24.32
src/Components/HomePage/Body/Left/Voorbereiding/EnrichedAddPoint/Steps/Step2/NextBtn.tsx,recurring,48,73,0,12.5
src/Components/HomePage/Body/Left/Voorbereiding/EnrichedAddPoint/Steps/Step2/UpdateBtn.tsx,recurring,37,60,0,23.26
src/Components/HomePage/Body/Left/Voorbereiding/EnrichedAddPoint/Steps/Step2/applyGraphicPositionNext.ts,new,54,-,0,-
src/Components/HomePage/Body/Left/Voorbereiding/EnrichedAddPoint/Steps/Step2/index.tsx,recurring,57,57,0,0
src/Components/HomePage/Body/Left/Voorbereiding/EnrichedAddPoint/Steps/Step2/isNearExistingPoint.ts,new,15,-,0,-
src/Components/HomePage/Body/Left/Voorbereiding/EnrichedAddPoint/Steps/Step2/syncEnrichedCoordsForPreview.ts,new,31,-,0,-
src/Components/HomePage/Body/Left/Voorbereiding/EnrichedAddPoint/Steps/Step2/useCoordinatesWatcher.ts,recurring,15,28,0,78.26
src/Components/HomePage/Body/Left/Voorbereiding/EnrichedAddPoint/Steps/Step3/Buttons.tsx,recurring,49,82,0,26.92
src/Components/HomePage/Body/Left/Voorbereiding/EnrichedAddPoint/Steps/Step3/Form.tsx,recurring,17,39,0,100
src/Components/HomePage/Body/Left/Voorbereiding/EnrichedAddPoint/Steps/Step3/Omschrijving.tsx,recurring,29,29,0,0
src/Components/HomePage/Body/Left/Voorbereiding/EnrichedAddPoint/Steps/Step3/index.tsx,recurring,19,19,0,0
src/Components/HomePage/Body/Left/Voorbereiding/EnrichedAddPoint/helpers/buildCreatePointPayload.ts,new,22,-,0,-
src/Components/HomePage/Body/Left/Voorbereiding/EnrichedAddPoint/helpers/createNewPoint.ts,recurring,14,14,0,0
src/Components/HomePage/Body/Left/Voorbereiding/EnrichedAddPoint/helpers/findSpecificPoint.ts,recurring,16,16,0,0
src/Components/HomePage/Body/Left/Voorbereiding/EnrichedAddPoint/helpers/getDistanceInMeters.ts,recurring,1,16,0,93.33
src/Components/HomePage/Body/Left/Voorbereiding/FlightPlan/index.tsx,recurring,20,20,0,0
src/Components/HomePage/Body/Left/Voorbereiding/FlightPlan/Common/Filter.tsx,recurring,37,100,0,45.83
src/Components/HomePage/Body/Left/Voorbereiding/FlightPlan/Common/GeometriesList.tsx,recurring,28,215,0,5.56
src/Components/HomePage/Body/Left/Voorbereiding/FlightPlan/Common/GeometriesListItems.tsx,new,29,-,0,-
src/Components/HomePage/Body/Left/Voorbereiding/FlightPlan/Common/GeometryItemCheckBox.tsx,new,70,-,0,-
src/Components/HomePage/Body/Left/Voorbereiding/FlightPlan/Common/Header.tsx,recurring,27,27,0,0
src/Components/HomePage/Body/Left/Voorbereiding/FlightPlan/Common/PointsList.tsx,recurring,31,68,0,55.88
src/Components/HomePage/Body/Left/Voorbereiding/FlightPlan/Common/SelectButtons.tsx,recurring,26,57,0,39.02
src/Components/HomePage/Body/Left/Voorbereiding/FlightPlan/Common/geometryHerhalen.ts,new,86,-,0,-
src/Components/HomePage/Body/Left/Voorbereiding/FlightPlan/Common/selectGeometryFromMapClick.ts,new,32,-,0,-
src/Components/HomePage/Body/Left/Voorbereiding/FlightPlan/Common/useGeometriesListBase.ts,new,29,-,0,-
src/Components/HomePage/Body/Left/Voorbereiding/FlightPlan/Common/useGeometriesListLogEffect.ts,new,18,-,0,-
src/Components/HomePage/Body/Left/Voorbereiding/FlightPlan/Common/useGeometriesListModel.ts,new,21,-,0,-
src/Components/HomePage/Body/Left/Voorbereiding/FlightPlan/Common/useGeometriesListSelection.ts,new,27,-,0,-
src/Components/HomePage/Body/Left/Voorbereiding/FlightPlan/Common/useGeometryListGraphics.ts,new,30,-,0,-
src/Components/HomePage/Body/Left/Voorbereiding/FlightPlan/Common/useGeometryListMapClick.ts,new,57,-,0,-
src/Components/HomePage/Body/Left/Voorbereiding/FlightPlan/Steps/Step1/Buttons.tsx,recurring,30,47,0,0
src/Components/HomePage/Body/Left/Voorbereiding/FlightPlan/Steps/Step1/ImportVluchtPlan.tsx,recurring,140,220,0,5.19
src/Components/HomePage/Body/Left/Voorbereiding/FlightPlan/Steps/Step1/Vluchtnummer.tsx,recurring,26,26,0,0
src/Components/HomePage/Body/Left/Voorbereiding/FlightPlan/Steps/Step1/index.tsx,recurring,21,94,0,73.08
src/Components/HomePage/Body/Left/Voorbereiding/FlightPlan/Steps/Step1/TemplateFlights/Fase1.tsx,recurring,27,27,0,0
src/Components/HomePage/Body/Left/Voorbereiding/FlightPlan/Steps/Step1/TemplateFlights/Fase2.tsx,recurring,81,81,0,0
src/Components/HomePage/Body/Left/Voorbereiding/FlightPlan/Steps/Step1/TemplateFlights/Fase3.tsx,recurring,72,93,0,0
src/Components/HomePage/Body/Left/Voorbereiding/FlightPlan/Steps/Step1/TemplateFlights/TemplateGeometryRow.tsx,new,28,-,0,-
src/Components/HomePage/Body/Left/Voorbereiding/FlightPlan/Steps/Step1/TemplateFlights/TemplatePointRow.tsx,new,24,-,0,-
src/Components/HomePage/Body/Left/Voorbereiding/FlightPlan/Steps/Step1/TemplateFlights/index.tsx,recurring,64,117,0,35.85
src/Components/HomePage/Body/Left/Voorbereiding/FlightPlan/Steps/Step1/TemplateFlights/templateFlightRows.tsx,new,2,-,0,-
src/Components/HomePage/Body/Left/Voorbereiding/FlightPlan/Steps/Step2/Buttons.tsx,recurring,55,70,0,18.42
src/Components/HomePage/Body/Left/Voorbereiding/FlightPlan/Steps/Step2/index.tsx,recurring,77,82,0,35.71
src/Components/HomePage/Body/Left/Voorbereiding/FlightPlan/Steps/Step3/Buttons.tsx,recurring,124,167,0,34.02
src/Components/HomePage/Body/Left/Voorbereiding/FlightPlan/Steps/Step3/index.tsx,recurring,80,85,0,35.71
src/Components/HomePage/Body/Left/Voorbereiding/FlightPlan/helpers/parseCsvImportRows.ts,new,45,-,0,-
src/Components/HomePage/Body/Left/Voorbereiding/FlightPlan/helpers/parsePointImportFile.ts,new,127,-,0,-
src/Components/HomePage/Body/Left/Voorbereiding/PrepareFlightPlan/index.tsx,recurring,53,53,0,0
src/Components/HomePage/Body/Left/Voorbereiding/PrepareFlightPlan/Steps/CongfirmationModal.tsx,recurring,68,68,0,0
src/Components/HomePage/Body/Left/Voorbereiding/PrepareFlightPlan/Steps/Step1.tsx,recurring,84,81,0,0
src/Components/HomePage/Body/Left/Voorbereiding/RemoveFlightPlan/AllPlansCheckbox.tsx,new,21,-,0,-
src/Components/HomePage/Body/Left/Voorbereiding/RemoveFlightPlan/Buttons.tsx,recurring,35,50,0,0
src/Components/HomePage/Body/Left/Voorbereiding/RemoveFlightPlan/CongfirmationModal.tsx,recurring,76,75,0,0
src/Components/HomePage/Body/Left/Voorbereiding/RemoveFlightPlan/Loading.tsx,recurring,8,8,0,0
src/Components/HomePage/Body/Left/Voorbereiding/RemoveFlightPlan/RemoveFlightPlanList.tsx,new,26,-,0,-
src/Components/HomePage/Body/Left/Voorbereiding/RemoveFlightPlan/SinglePlan.tsx,recurring,41,53,0,38.1
src/Components/HomePage/Body/Left/Voorbereiding/RemoveFlightPlan/index.tsx,recurring,28,80,0,0
src/Components/HomePage/Body/Left/Voorbereiding/RemoveFlightPlan/removeFlightPlanFilterEffects.ts,new,40,-,0,-
src/Components/HomePage/Body/Left/Voorbereiding/RemoveFlightPlan/useRemoveFlightPlanModel.ts,new,35,-,0,-
src/Components/HomePage/Body/Left/Voorbereiding/RemoveFlightPlan/useRemoveFlightPlanQuery.ts,new,18,-,0,-
src/Components/HomePage/Body/Left/Voorbereiding/RemoveFlightPlan/Filter/index.tsx,recurring,22,79,0,53.85
src/Components/HomePage/Body/Left/Voorbereiding/ReuseFlightPlan/index.tsx,recurring,12,12,0,0
src/Components/HomePage/Body/Left/Voorbereiding/ReuseFlightPlan/Common/Filter.tsx,recurring,22,75,0,76.92
src/Components/HomePage/Body/Left/Voorbereiding/ReuseFlightPlan/Common/Loading.tsx,recurring,23,23,0,0
src/Components/HomePage/Body/Left/Voorbereiding/ReuseFlightPlan/Steps/Step1/Buttons.tsx,recurring,42,42,0,0
src/Components/HomePage/Body/Left/Voorbereiding/ReuseFlightPlan/Steps/Step1/SinglePlan.tsx,recurring,37,46,0,68.42
src/Components/HomePage/Body/Left/Voorbereiding/ReuseFlightPlan/Steps/Step1/index.tsx,recurring,38,35,0,0
src/Components/HomePage/Body/Left/Voorbereiding/ReuseFlightPlan/Steps/Step2/Buttons.tsx,recurring,91,105,0,31.67
src/Components/HomePage/Body/Left/Voorbereiding/ReuseFlightPlan/Steps/Step2/CurrentGeometriesList.tsx,recurring,48,66,0,21.21
src/Components/HomePage/Body/Left/Voorbereiding/ReuseFlightPlan/Steps/Step2/CurrentPointsList.tsx,recurring,47,47,0,0
src/Components/HomePage/Body/Left/Voorbereiding/ReuseFlightPlan/Steps/Step2/FormInputs.tsx,recurring,21,103,0,86.11
src/Components/HomePage/Body/Left/Voorbereiding/ReuseFlightPlan/Steps/Step2/NewGeometriesList.tsx,recurring,38,65,0,24.14
src/Components/HomePage/Body/Left/Voorbereiding/ReuseFlightPlan/Steps/Step2/NewPointsList.tsx,recurring,60,60,0,0
src/Components/HomePage/Body/Left/Voorbereiding/ReuseFlightPlan/Steps/Step2/SelectableGeometryList.tsx,new,44,-,0,-
src/Components/HomePage/Body/Left/Voorbereiding/ReuseFlightPlan/Steps/Step2/Vluchtnummer.tsx,recurring,23,23,0,0
src/Components/HomePage/Body/Left/Voorbereiding/ReuseFlightPlan/Steps/Step2/index.tsx,recurring,18,18,0,0
src/Components/HomePage/Body/Left/Voorbereiding/ReuseFlightPlan/Steps/Step2/helpers/buildReusePlanPointIds.ts,recurring,35,24,0,0
src/Components/HomePage/Body/Left/Voorbereiding/SelectedPoint/AddToPlan/AddToPlanHeader.tsx,new,15,-,0,-
src/Components/HomePage/Body/Left/Voorbereiding/SelectedPoint/AddToPlan/AddToPlanStepButtonBar.tsx,new,31,-,0,-
src/Components/HomePage/Body/Left/Voorbereiding/SelectedPoint/AddToPlan/AddToPlanSteps.tsx,new,24,-,0,-
src/Components/HomePage/Body/Left/Voorbereiding/SelectedPoint/AddToPlan/AddToPlanWizardButtonBar.tsx,new,18,-,0,-
src/Components/HomePage/Body/Left/Voorbereiding/SelectedPoint/AddToPlan/Step1.tsx,recurring,37,57,0,19.05
src/Components/HomePage/Body/Left/Voorbereiding/SelectedPoint/AddToPlan/StepYes.tsx,recurring,99,99,0,0
src/Components/HomePage/Body/Left/Voorbereiding/SelectedPoint/AddToPlan/addToPlanStepButtonsProps.ts,new,6,-,0,-
src/Components/HomePage/Body/Left/Voorbereiding/SelectedPoint/AddToPlan/addToPlanWizardNavigation.ts,new,11,-,0,-
src/Components/HomePage/Body/Left/Voorbereiding/SelectedPoint/AddToPlan/createAddToPlanStep1Handlers.ts,new,32,-,0,-
src/Components/HomePage/Body/Left/Voorbereiding/SelectedPoint/AddToPlan/index.tsx,recurring,36,168,0,0
src/Components/HomePage/Body/Left/Voorbereiding/SelectedPoint/AddToPlan/isPointInPolygon.ts,new,61,-,0,-
src/Components/HomePage/Body/Left/Voorbereiding/SelectedPoint/AddToPlan/polygonDrawer.ts,new,88,-,0,-
src/Components/HomePage/Body/Left/Voorbereiding/SelectedPoint/AddToPlan/submitAddToPlanSelection.ts,new,34,-,0,-
src/Components/HomePage/Body/Left/Voorbereiding/SelectedPoint/AddToPlan/useAddToPlanSketch.ts,new,26,-,0,-
src/Components/HomePage/Body/Left/Voorbereiding/SelectedPoint/AddToPlan/useAddToPlanStepButtons.ts,new,29,-,0,-
src/Components/HomePage/Body/Left/Voorbereiding/SelectedPoint/AddToPlan/useAddToPlanStepSketch.ts,new,24,-,0,-
src/Components/HomePage/Body/Left/Voorbereiding/SelectedPoint/AddToPlan/usePolygonSketchCleanup.ts,new,25,-,0,-
src/Components/HomePage/Body/Left/Voorbereiding/SelectedPoint/AddToPlan/StepMultiplePoints/Buttons.tsx,recurring,22,55,0,34.62
src/Components/HomePage/Body/Left/Voorbereiding/SelectedPoint/AddToPlan/StepMultiplePoints/index.tsx,recurring,52,52,0,0
src/Components/HomePage/Body/Left/Voorbereiding/SelectedPoint/AddToPlan/StepNo/Buttons.tsx,recurring,26,70,0,34.62
src/Components/HomePage/Body/Left/Voorbereiding/SelectedPoint/AddToPlan/StepNo/index.tsx,recurring,65,65,0,0
src/Components/HomePage/Body/Left/Voorbereiding/SelectedPoint/Common/InputFormik.tsx,recurring,31,31,0,0
src/Components/HomePage/Body/Left/Voorbereiding/SelectedPoint/Common/SelectFormik.tsx,recurring,35,35,0,0
src/Components/HomePage/Body/Left/Voorbereiding/SelectedPoint/DeletePoint/index.tsx,recurring,86,86,0,0
src/Components/HomePage/Body/Left/Voorbereiding/SelectedPoint/EditPointDetails/index.tsx,recurring,79,79,0,0
src/Components/HomePage/Body/Left/Voorbereiding/SelectedPoint/EditPointDetails/Steps/Step1.tsx,recurring,49,150,0,46.55
src/Components/HomePage/Body/Left/Voorbereiding/SelectedPoint/EditPointDetails/Steps/Step1Buttons.tsx,new,98,-,0,-
src/Components/HomePage/Body/Left/Voorbereiding/SelectedPoint/EditPointDetails/Steps/Step2/Step2Sub1.tsx,recurring,6,129,0,18.82
src/Components/HomePage/Body/Left/Voorbereiding/SelectedPoint/EditPointDetails/Steps/Step2/Step2Sub2.tsx,recurring,96,113,0,15
src/Components/HomePage/Body/Left/Voorbereiding/SelectedPoint/EditPointDetails/Steps/Step2/applyEditPointCoordinatePatch.ts,new,52,-,0,-
src/Components/HomePage/Body/Left/Voorbereiding/SelectedPoint/EditPointDetails/Steps/Step2/buildEditPointStep2Sub1Handlers.ts,new,24,-,0,-
src/Components/HomePage/Body/Left/Voorbereiding/SelectedPoint/EditPointDetails/Steps/Step2/editPointFormValues.ts,new,17,-,0,-
src/Components/HomePage/Body/Left/Voorbereiding/SelectedPoint/EditPointDetails/Steps/Step2/editPointMapClickHelpers.ts,new,67,-,0,-
src/Components/HomePage/Body/Left/Voorbereiding/SelectedPoint/EditPointDetails/Steps/Step2/editPointStep2Sub1Labels.ts,new,8,-,0,-
src/Components/HomePage/Body/Left/Voorbereiding/SelectedPoint/EditPointDetails/Steps/Step2/index.tsx,recurring,63,70,0,38.46
src/Components/HomePage/Body/Left/Voorbereiding/SelectedPoint/EditPointDetails/Steps/Step2/useEditPointFormMapClick.ts,new,35,-,0,-
src/Components/HomePage/Body/Left/Voorbereiding/SelectedPoint/EditPointDetails/Steps/Step2/useEditPointStep2Sub1.ts,new,26,-,0,-
src/Components/HomePage/Body/Left/Voorbereiding/SelectedPoint/SelectedPointDetails/SelectedPointActions.tsx,new,15,-,0,-
src/Components/HomePage/Body/Left/Voorbereiding/SelectedPoint/SelectedPointDetails/SelectedPointDetailsList.tsx,new,17,-,0,-
src/Components/HomePage/Body/Left/Voorbereiding/SelectedPoint/SelectedPointDetails/index.tsx,recurring,49,158,0,0
src/Components/HomePage/Body/Left/Voorbereiding/SelectedPoint/SelectedPointDetails/selectedPointDetailsData.ts,new,40,-,0,-
src/Components/HomePage/Body/Left/Voorbereiding/SelectedPoint/ViewPlans/Images.tsx,recurring,49,58,0,0
src/Components/HomePage/Body/Left/Voorbereiding/SelectedPoint/ViewPlans/PlanAttachmentGrid.tsx,new,17,-,0,-
src/Components/HomePage/Body/Left/Voorbereiding/SelectedPoint/ViewPlans/PlanInformation.tsx,recurring,10,69,0,80
src/Components/HomePage/Body/Left/Voorbereiding/SelectedPoint/ViewPlans/PlansList.tsx,recurring,62,62,0,0
src/Components/HomePage/Body/Left/Voorbereiding/SelectedPoint/ViewPlans/index.tsx,recurring,28,28,0,0
src/Components/HomePage/Body/Left/Voorbereiding/SelectedPoint/ViewPlans/planImagesState.ts,new,22,-,0,-
src/Components/HomePage/Body/Left/Voorbereiding/SelectedPointTabs/index.tsx,recurring,21,21,0,0
src/Components/HomePage/Body/Left/Voorbereiding/TemplateFlight/PointsList.tsx,recurring,40,131,0,25.97
src/Components/HomePage/Body/Left/Voorbereiding/TemplateFlight/index.tsx,recurring,45,45,0,0
src/Components/HomePage/Body/Left/Voorbereiding/TemplateFlight/templateFlightStates.ts,recurring,20,43,0,92.11
src/Components/HomePage/Body/Left/Voorbereiding/TemplateFlight/Steps/Filter.tsx,recurring,80,80,0,0
src/Components/HomePage/Body/Left/Voorbereiding/TemplateFlight/Steps/TemplateSelectionLists.tsx,new,32,-,0,-
src/Components/HomePage/Body/Left/Voorbereiding/TemplateFlight/Steps/TemplateSelectionStep.tsx,new,24,-,0,-
src/Components/HomePage/Body/Left/Voorbereiding/TemplateFlight/Steps/TemplateSelectionStepBody.tsx,new,18,-,0,-
src/Components/HomePage/Body/Left/Voorbereiding/TemplateFlight/Steps/templateSelectionBodyProps.ts,new,16,-,0,-
src/Components/HomePage/Body/Left/Voorbereiding/TemplateFlight/Steps/useMatchingTemplateGeometries.ts,new,15,-,0,-
src/Components/HomePage/Body/Left/Voorbereiding/TemplateFlight/Steps/useTemplateFlightSelectionStepProps.ts,new,39,-,0,-
src/Components/HomePage/Body/Left/Voorbereiding/TemplateFlight/Steps/useTemplateSelectionFilters.ts,new,29,-,0,-
src/Components/HomePage/Body/Left/Voorbereiding/TemplateFlight/Steps/Step1/Buttons.tsx,recurring,28,35,0,0
src/Components/HomePage/Body/Left/Voorbereiding/TemplateFlight/Steps/Step1/index.tsx,recurring,28,28,0,0
src/Components/HomePage/Body/Left/Voorbereiding/TemplateFlight/Steps/Step2/Buttons.tsx,recurring,65,88,0,33.33
src/Components/HomePage/Body/Left/Voorbereiding/TemplateFlight/Steps/Step2/index.tsx,recurring,20,84,0,65.91
src/Components/HomePage/Body/Left/Voorbereiding/TemplateFlight/Steps/Step3/Buttons.tsx,recurring,107,138,0,10.75
src/Components/HomePage/Body/Left/Voorbereiding/TemplateFlight/Steps/Step3/buildTemplateFlightSubmitIds.ts,new,29,-,0,-
src/Components/HomePage/Body/Left/Voorbereiding/TemplateFlight/Steps/Step3/index.tsx,recurring,22,86,0,63.04
src/Components/HomePage/Body/Left/Voorbereiding/TemplateFlight/helpers/templateFlightWizardCleanup.ts,new,76,-,0,-
src/Components/HomePage/Body/Left/Voorbereiding/ViewPlan/ViewPlanSteps.tsx,new,52,-,0,-
src/Components/HomePage/Body/Left/Voorbereiding/ViewPlan/index.tsx,recurring,31,133,0,10.84
src/Components/HomePage/Body/Left/Voorbereiding/ViewPlan/pickViewPlanAddPointsState.ts,new,17,-,0,-
src/Components/HomePage/Body/Left/Voorbereiding/ViewPlan/useViewPlanController.ts,new,35,-,0,-
src/Components/HomePage/Body/Left/Voorbereiding/ViewPlan/useViewPlanFilteredPlans.ts,new,34,-,0,-
src/Components/HomePage/Body/Left/Voorbereiding/ViewPlan/viewPlanSession.ts,new,59,-,0,-
src/Components/HomePage/Body/Left/Voorbereiding/ViewPlan/Common/Loading.tsx,recurring,29,29,0,0
src/Components/HomePage/Body/Left/Voorbereiding/ViewPlan/Filter/index.tsx,recurring,22,75,0,76.92
src/Components/HomePage/Body/Left/Voorbereiding/ViewPlan/Steps/AddPointStep/addPointStepMapClickTypes.ts,new,8,-,0,-
src/Components/HomePage/Body/Left/Voorbereiding/ViewPlan/Steps/AddPointStep/buildAddPointResetForm.ts,new,25,-,0,-
src/Components/HomePage/Body/Left/Voorbereiding/ViewPlan/Steps/AddPointStep/buildAddPointStepHandlers.ts,new,18,-,0,-
src/Components/HomePage/Body/Left/Voorbereiding/ViewPlan/Steps/AddPointStep/handleAddPointStepMapClick.ts,new,19,-,0,-
src/Components/HomePage/Body/Left/Voorbereiding/ViewPlan/Steps/AddPointStep/index.tsx,recurring,19,122,0,20.93
src/Components/HomePage/Body/Left/Voorbereiding/ViewPlan/Steps/AddPointStep/resetAddPointStepState.ts,new,64,-,0,-
src/Components/HomePage/Body/Left/Voorbereiding/ViewPlan/Steps/AddPointStep/useAddPointStepBaseStores.ts,new,23,-,0,-
src/Components/HomePage/Body/Left/Voorbereiding/ViewPlan/Steps/AddPointStep/useAddPointStepController.ts,new,11,-,0,-
src/Components/HomePage/Body/Left/Voorbereiding/ViewPlan/Steps/AddPointStep/useAddPointStepMapClick.ts,new,23,-,0,-
src/Components/HomePage/Body/Left/Voorbereiding/ViewPlan/Steps/AddPointStep/useAddPointStepStores.ts,new,17,-,0,-
src/Components/HomePage/Body/Left/Voorbereiding/ViewPlan/Steps/AddPointStep/Steps/Step1/index.tsx,recurring,90,90,0,0
src/Components/HomePage/Body/Left/Voorbereiding/ViewPlan/Steps/AddPointStep/Steps/Step2/index.tsx,recurring,60,163,0,33.93
src/Components/HomePage/Body/Left/Voorbereiding/ViewPlan/Steps/AddPointStep/Steps/Step3/Buttons.tsx,recurring,104,119,0,32.88
src/Components/HomePage/Body/Left/Voorbereiding/ViewPlan/Steps/AddPointStep/Steps/Step3/Form.tsx,recurring,27,66,0,44.44
src/Components/HomePage/Body/Left/Voorbereiding/ViewPlan/Steps/AddPointStep/Steps/Step3/index.tsx,recurring,34,34,0,0
src/Components/HomePage/Body/Left/Voorbereiding/ViewPlan/Steps/AddPointToPlan/AddPointToPlanView.tsx,new,45,-,0,-
src/Components/HomePage/Body/Left/Voorbereiding/ViewPlan/Steps/AddPointToPlan/Buttons.tsx,recurring,68,128,0,14.08
src/Components/HomePage/Body/Left/Voorbereiding/ViewPlan/Steps/AddPointToPlan/Header.tsx,recurring,22,22,0,0
src/Components/HomePage/Body/Left/Voorbereiding/ViewPlan/Steps/AddPointToPlan/PointsList.tsx,recurring,27,27,0,0
src/Components/HomePage/Body/Left/Voorbereiding/ViewPlan/Steps/AddPointToPlan/addPointToPlanPinHelpers.ts,new,44,-,0,-
src/Components/HomePage/Body/Left/Voorbereiding/ViewPlan/Steps/AddPointToPlan/filterAddPointToPlanItems.ts,new,18,-,0,-
src/Components/HomePage/Body/Left/Voorbereiding/ViewPlan/Steps/AddPointToPlan/index.tsx,recurring,5,132,0,27.78
src/Components/HomePage/Body/Left/Voorbereiding/ViewPlan/Steps/AddPointToPlan/useAddPointToPlanMapEffects.ts,new,42,-,0,-
src/Components/HomePage/Body/Left/Voorbereiding/ViewPlan/Steps/AddPointToPlan/useAddPointToPlanModel.ts,new,15,-,0,-
src/Components/HomePage/Body/Left/Voorbereiding/ViewPlan/Steps/AddPointToPlan/useAddPointToPlanSelections.ts,new,35,-,0,-
src/Components/HomePage/Body/Left/Voorbereiding/ViewPlan/Steps/AddPointToPlan/helpers/addPointsPlanTableCallbacks.ts,new,18,-,0,-
src/Components/HomePage/Body/Left/Voorbereiding/ViewPlan/Steps/AddPointToPlan/helpers/applyAddPointsToPlanSuccess.ts,new,57,-,0,-
src/Components/HomePage/Body/Left/Voorbereiding/ViewPlan/Steps/AddPointToPlan/helpers/applyAddPointsToPlanSuccessTypes.ts,new,10,-,0,-
src/Components/HomePage/Body/Left/Voorbereiding/ViewPlan/Steps/AddPointToPlan/helpers/drawYellowPlanGraphics.ts,recurring,52,63,0,13.95
src/Components/HomePage/Body/Left/Voorbereiding/ViewPlan/Steps/AddPointToPlan/helpers/index.ts,recurring,9,8,0,0
src/Components/HomePage/Body/Left/Voorbereiding/ViewPlan/Steps/AddPointToPlan/helpers/planSelection.ts,recurring,89,74,0,0
src/Components/HomePage/Body/Left/Voorbereiding/ViewPlan/Steps/AddPointToPlan/helpers/prepareAddPointsToPlanPayload.ts,new,37,-,0,-
src/Components/HomePage/Body/Left/Voorbereiding/ViewPlan/Steps/AddPointToPlan/helpers/submitAddPointsToPlan.ts,new,15,-,0,-
src/Components/HomePage/Body/Left/Voorbereiding/ViewPlan/Steps/AddPointToPlan/helpers/submitAddPointsToPlanTypes.ts,new,14,-,0,-
src/Components/HomePage/Body/Left/Voorbereiding/ViewPlan/Steps/AddPointsFromPlan/Tabs.tsx,recurring,18,18,0,0
src/Components/HomePage/Body/Left/Voorbereiding/ViewPlan/Steps/AddPointsFromPlan/index.tsx,recurring,15,15,0,0
src/Components/HomePage/Body/Left/Voorbereiding/ViewPlan/Steps/AddPointsFromPlan/SelectFromSource/PlansList.tsx,recurring,53,53,0,0
src/Components/HomePage/Body/Left/Voorbereiding/ViewPlan/Steps/AddPointsFromPlan/SelectFromSource/PointsList.tsx,recurring,46,46,0,0
src/Components/HomePage/Body/Left/Voorbereiding/ViewPlan/Steps/AddPointsFromPlan/SelectFromSource/SelectFromSourceButtons.tsx,new,76,-,0,-
src/Components/HomePage/Body/Left/Voorbereiding/ViewPlan/Steps/AddPointsFromPlan/SelectFromSource/index.tsx,recurring,62,382,0,21.96
src/Components/HomePage/Body/Left/Voorbereiding/ViewPlan/Steps/AddPointsFromPlan/SelectFromSource/useSelectFromSourceData.ts,new,23,-,0,-
src/Components/HomePage/Body/Left/Voorbereiding/ViewPlan/Steps/AddPointsFromPlan/SelectFromSource/useSelectFromSourceGraphicsEffects.ts,new,122,-,0,-
src/Components/HomePage/Body/Left/Voorbereiding/ViewPlan/Steps/AddPointsFromPlan/SelectFromSource/useSelectFromSourceMapEffects.ts,new,30,-,0,-
src/Components/HomePage/Body/Left/Voorbereiding/ViewPlan/Steps/AddPointsFromPlan/SelectFromSource/useSelectFromSourceQuery.ts,new,27,-,0,-
src/Components/HomePage/Body/Left/Voorbereiding/ViewPlan/Steps/AddPointsFromPlan/SelectFromSource/useSelectFromSourceSelection.ts,new,26,-,0,-
src/Components/HomePage/Body/Left/Voorbereiding/ViewPlan/Steps/AddPointsFromPlan/SelectFromSource/helpers/buildSubmitSelectedPointsResult.ts,new,20,-,0,-
src/Components/HomePage/Body/Left/Voorbereiding/ViewPlan/Steps/AddPointsFromPlan/SelectFromSource/helpers/createYellowPointGraphic.ts,new,13,-,0,-
src/Components/HomePage/Body/Left/Voorbereiding/ViewPlan/Steps/AddPointsFromPlan/SelectFromSource/helpers/mapSourceItems.ts,new,68,-,0,-
src/Components/HomePage/Body/Left/Voorbereiding/ViewPlan/Steps/AddPointsFromPlan/SelectFromSource/helpers/mergeSelectedPointsIntoPlan.ts,new,38,-,0,-
src/Components/HomePage/Body/Left/Voorbereiding/ViewPlan/Steps/AddPointsFromPlan/SelectFromSource/helpers/selectFromSourceGraphics.ts,new,104,-,0,-
src/Components/HomePage/Body/Left/Voorbereiding/ViewPlan/Steps/AddPointsFromPlan/SelectFromSource/helpers/submitSelectedPointsTypes.ts,new,9,-,0,-
src/Components/HomePage/Body/Left/Voorbereiding/ViewPlan/Steps/DuplicateFlightPlan/index.tsx,recurring,14,14,0,0
src/Components/HomePage/Body/Left/Voorbereiding/ViewPlan/Steps/DuplicateFlightPlan/Step2/Buttons.tsx,recurring,71,88,0,46.81
src/Components/HomePage/Body/Left/Voorbereiding/ViewPlan/Steps/DuplicateFlightPlan/Step2/DuplicateFlightPlanFormHeader.tsx,new,27,-,0,-
src/Components/HomePage/Body/Left/Voorbereiding/ViewPlan/Steps/DuplicateFlightPlan/Step2/Form.tsx,recurring,28,126,0,40.43
src/Components/HomePage/Body/Left/Voorbereiding/ViewPlan/Steps/DuplicateFlightPlan/Step2/Vluchtnummer.tsx,recurring,26,26,0,0
src/Components/HomePage/Body/Left/Voorbereiding/ViewPlan/Steps/DuplicateFlightPlan/Step2/applyDuplicatedPlanFields.ts,new,32,-,0,-
src/Components/HomePage/Body/Left/Voorbereiding/ViewPlan/Steps/DuplicateFlightPlan/Step2/index.tsx,recurring,20,20,0,0
src/Components/HomePage/Body/Left/Voorbereiding/ViewPlan/Steps/DuplicateFlightPlan/Step2/useHydrateDuplicateFlightPlanForm.ts,new,23,-,0,-
src/Components/HomePage/Body/Left/Voorbereiding/ViewPlan/Steps/EditPoint/Form.tsx,recurring,105,106,0,0
src/Components/HomePage/Body/Left/Voorbereiding/ViewPlan/Steps/EditPoint/index.tsx,recurring,55,55,0,0
src/Components/HomePage/Body/Left/Voorbereiding/ViewPlan/Steps/EditPoint/Buttons/RemovePoint.tsx,recurring,56,109,0,44.74
src/Components/HomePage/Body/Left/Voorbereiding/ViewPlan/Steps/EditPoint/Buttons/Submit.tsx,recurring,48,52,0,22.86
src/Components/HomePage/Body/Left/Voorbereiding/ViewPlan/Steps/EditPoint/Buttons/editPointDetailFields.ts,new,6,-,0,-
src/Components/HomePage/Body/Left/Voorbereiding/ViewPlan/Steps/EditPoint/Buttons/index.tsx,recurring,17,31,0,66.67
src/Components/HomePage/Body/Left/Voorbereiding/ViewPlan/Steps/EditPoint/Buttons/removePointSuccess.ts,new,84,-,0,-
src/Components/HomePage/Body/Left/Voorbereiding/ViewPlan/Steps/Step1/Buttons.tsx,recurring,97,110,0,15.25
src/Components/HomePage/Body/Left/Voorbereiding/ViewPlan/Steps/Step1/SinglePlan.tsx,recurring,95,132,0,0
src/Components/HomePage/Body/Left/Voorbereiding/ViewPlan/Steps/Step1/index.tsx,recurring,93,56,0,0
src/Components/HomePage/Body/Left/Voorbereiding/ViewPlan/Steps/Step1/syncQuadrantGraphics.ts,new,22,-,0,-
src/Components/HomePage/Body/Left/Voorbereiding/ViewPlan/Steps/Step2/Buttons.tsx,recurring,105,124,0,24.05
src/Components/HomePage/Body/Left/Voorbereiding/ViewPlan/Steps/Step2/Form.tsx,recurring,55,115,0,64.29
src/Components/HomePage/Body/Left/Voorbereiding/ViewPlan/Steps/Step2/PointsAdding.tsx,recurring,33,33,0,0
src/Components/HomePage/Body/Left/Voorbereiding/ViewPlan/Steps/Step2/PointsList.tsx,recurring,40,40,0,0
src/Components/HomePage/Body/Left/Voorbereiding/ViewPlan/Steps/Step2/index.tsx,recurring,49,133,0,14.46
src/Components/HomePage/Body/Left/Voorbereiding/ViewPlan/Steps/Step2/submitViewPlanStep2.ts,new,70,-,0,-
src/Components/HomePage/Body/Left/Voorbereiding/ViewPlan/Steps/Step2/useViewPlanStepMap.ts,new,58,-,0,-
src/Components/HomePage/Body/Left/Voorbereiding/ViewPlan/Steps/Step2/viewPlanStepMapActions.ts,new,113,-,0,-
src/Components/HomePage/Body/Left/Voorbereiding/ViewPlan/Steps/Step2/helpers/buildUpdatedPlanFromForm.ts,recurring,67,79,0,26.47
src/Components/HomePage/Body/Left/Voorbereiding/ViewPlan/Steps/Step2/helpers/viewPlanFormFields.ts,new,9,-,0,-
src/Components/HomePage/Body/Left/Voorbereiding/ViewPlan/helpers/createQuadrantGraphic.ts,recurring,37,45,0,0
src/Components/HomePage/Body/Left/Voorbereiding/ViewPlan/helpers/usePlanDuplicateState.ts,recurring,61,59,0,17.39
src/Components/HomePage/Body/Left/Voorbereiding/common/FilterStepWizardButtons.tsx,new,40,-,0,-
src/Components/HomePage/Body/Left/Voorbereiding/common/buildWizardStep2Selection.ts,new,19,-,0,-
src/Components/HomePage/Body/Left/Voorbereiding/common/createFilterStepAdvanceHandler.ts,new,25,-,0,-
src/Components/HomePage/Body/Left/Voorbereiding/common/useFilterStepWizardSelection.ts,new,29,-,0,-
src/Components/HomePage/Body/Left/Voorbereiding/common/useWizardFilterStep2Buttons.ts,new,42,-,0,-
src/Components/HomePage/Body/Left/Voorbereiding/common/wizardFilterStepSelection.ts,new,32,-,0,-
src/Components/HomePage/Body/MapViewComp/BasemapWidget.tsx,recurring,47,85,0,0
src/Components/HomePage/Body/MapViewComp/BasemapWidgetPanel.tsx,new,45,-,0,-
src/Components/HomePage/Body/MapViewComp/HoveredPointPopup.tsx,recurring,21,21,0,0
src/Components/HomePage/Body/MapViewComp/MapComp.tsx,recurring,37,177,0,0
src/Components/HomePage/Body/MapViewComp/MapPathPointPopup.tsx,new,43,-,0,-
src/Components/HomePage/Body/MapViewComp/MapTopMessageBanner.tsx,new,18,-,0,-
src/Components/HomePage/Body/MapViewComp/MapViewBottomSection.tsx,new,20,-,0,-
src/Components/HomePage/Body/MapViewComp/MapViewCompView.tsx,new,23,-,0,-
src/Components/HomePage/Body/MapViewComp/MapViewMapSection.tsx,new,21,-,0,-
src/Components/HomePage/Body/MapViewComp/MapViewOverlays.tsx,new,31,-,0,-
src/Components/HomePage/Body/MapViewComp/PopupDetailsBody.tsx,new,20,-,0,-
src/Components/HomePage/Body/MapViewComp/basemapWidgetMeta.ts,new,13,-,0,-
src/Components/HomePage/Body/MapViewComp/bottomPanelEffects.ts,new,41,-,0,-
src/Components/HomePage/Body/MapViewComp/bottomPanelResize.ts,new,60,-,0,-
src/Components/HomePage/Body/MapViewComp/index.tsx,recurring,8,208,0,0
src/Components/HomePage/Body/MapViewComp/mapHoverHighlight.ts,new,77,-,0,-
src/Components/HomePage/Body/MapViewComp/mapPointerHoverHandler.ts,new,62,-,0,-
src/Components/HomePage/Body/MapViewComp/mapRegionGoTo.ts,new,14,-,0,-
src/Components/HomePage/Body/MapViewComp/subscribeMapHoverHighlight.ts,new,27,-,0,-
src/Components/HomePage/Body/MapViewComp/useBottomPanelDragListeners.ts,new,16,-,0,-
src/Components/HomePage/Body/MapViewComp/useBottomPanelState.ts,new,23,-,0,-
src/Components/HomePage/Body/MapViewComp/useMapHoverHighlight.ts,new,5,-,0,-
src/Components/HomePage/Body/MapViewComp/useMapHoverHighlightEffect.ts,new,16,-,0,-
src/Components/HomePage/Body/MapViewComp/useMapHoverLayers.ts,new,20,-,0,-
src/Components/HomePage/Body/MapViewComp/useMapSectionHeight.ts,recurring,38,38,0,0
src/Components/HomePage/Body/MapViewComp/useMapViewBottomPanel.ts,new,36,-,0,-
src/Components/HomePage/Body/MapViewComp/useMapViewCompModel.ts,new,32,-,0,-
src/Components/HomePage/Body/Right/index.tsx,recurring,26,26,0,0
src/Components/HomePage/Body/Right/SelectedPlansPointsList/index.tsx,recurring,24,24,0,0
src/Components/HomePage/Body/Right/SelectedPlansPointsList/Common/attachmentDisplayUrl.ts,recurring,1,13,0,0
src/Components/HomePage/Body/Right/SelectedPlansPointsList/Common/buildTimesliderItemDetailHref.ts,recurring,19,19,0,0
src/Components/HomePage/Body/Right/SelectedPlansPointsList/Common/planImageTypes.ts,new,1,-,0,-
src/Components/HomePage/Body/Right/SelectedPlansPointsList/Common/pointPlanImagesToAttachments.ts,recurring,1,22,0,0
src/Components/HomePage/Body/Right/SelectedPlansPointsList/Common/useEntityPlanImages.ts,new,1,-,0,-
src/Components/HomePage/Body/Right/SelectedPlansPointsList/Common/useGeometryPlanImages.ts,recurring,1,66,0,62
src/Components/HomePage/Body/Right/SelectedPlansPointsList/Common/usePointPlanImages.ts,recurring,2,74,0,53.45
src/Components/HomePage/Body/Right/SelectedPlansPointsList/Common/useSelectedPlansListData.ts,recurring,10,10,0,0
src/Components/HomePage/Body/Right/SelectedPlansPointsList/Common/useTimesliderRightListHover.ts,recurring,45,45,0,0
src/Components/HomePage/Body/Right/SelectedPlansPointsList/Images/SelectedPlanGeometryImagesPanel.tsx,recurring,28,96,0,40.91
src/Components/HomePage/Body/Right/SelectedPlansPointsList/Images/SelectedPlanImagesPanel.tsx,new,121,-,0,-
src/Components/HomePage/Body/Right/SelectedPlansPointsList/Images/SelectedPlanPointImagesPanel.tsx,recurring,28,96,0,40.91
src/Components/HomePage/Body/Right/SelectedPlansPointsList/List/SelectedPlansPointsListBody.tsx,recurring,88,88,0,0
src/Components/HomePage/Body/Right/SelectedPlansPointsList/List/SelectedPlansPointsListEmpty.tsx,recurring,6,6,0,0
src/Components/HomePage/Body/Right/SelectedPlansPointsList/List/SelectedPlansPointsListHeader.tsx,recurring,14,14,0,0
src/Components/HomePage/Body/Right/SelectedPlansPointsList/Rows/SelectedPlanGeometryRow.tsx,recurring,42,42,0,0
src/Components/HomePage/Body/Right/SelectedPlansPointsList/Rows/SelectedPlanPointRow.tsx,recurring,36,36,0,0
src/Components/HomePage/Body/Right/SelectedPlansPointsList/Rows/SelectedPlanRowAccordionPanel.tsx,recurring,17,17,0,0
src/Components/HomePage/Body/Right/SelectedPlansPointsList/Rows/SelectedPlanRowActions.tsx,recurring,43,43,0,0
src/Components/HomePage/Head/HeadButtonsNabewerking.tsx,recurring,46,46,0,0
src/Components/HomePage/Head/HeadButtonsTimeslider.tsx,recurring,69,262,0,0
src/Components/HomePage/Head/HeadButtonsTools.tsx,recurring,59,89,0,0
src/Components/HomePage/Head/HeadButtonsVoorbereiding.tsx,recurring,63,63,0,0
src/Components/HomePage/Head/HeaderTabs.tsx,recurring,23,23,0,0
src/Components/HomePage/Head/constants.ts,recurring,6,175,0,0
src/Components/HomePage/Head/handleToolsTabClick.ts,new,53,-,0,-
src/Components/HomePage/Head/Common/CommonTabBtn.tsx,recurring,44,44,0,0
src/Components/HomePage/Head/Common/FilterTabs.tsx,recurring,53,72,0,75
src/Components/HomePage/Head/Common/Pages.tsx,recurring,37,74,0,0
src/Components/HomePage/Head/Common/usePageSelection.ts,new,37,-,0,-
src/Components/HomePage/Head/HeaderButtons/index.tsx,recurring,45,45,0,0
src/Components/HomePage/Head/Search/index.tsx,recurring,44,44,0,0
src/Components/HomePage/Head/Users/LogoutModal.tsx,recurring,55,55,0,0
src/Components/HomePage/Head/Users/UserList.tsx,recurring,107,107,0,0
src/Components/HomePage/Head/Users/index.tsx,recurring,40,40,0,0
src/Components/HomePage/Head/headTabDefinitions/nabewerkingTabs.ts,new,32,-,0,-
src/Components/HomePage/Head/headTabDefinitions/pages.ts,new,25,-,0,-
src/Components/HomePage/Head/headTabDefinitions/toolsTabs.ts,new,3,-,0,-
src/Components/HomePage/Head/headTabDefinitions/toolsTabsPart1.ts,new,32,-,0,-
src/Components/HomePage/Head/headTabDefinitions/toolsTabsPart2.ts,new,26,-,0,-
src/Components/HomePage/Head/headTabDefinitions/voorbereidingTabDef.ts,new,9,-,0,-
src/Components/HomePage/Head/headTabDefinitions/voorbereidingTabs.ts,new,3,-,0,-
src/Components/HomePage/Head/headTabDefinitions/voorbereidingTabsPart1.ts,new,13,-,0,-
src/Components/HomePage/Head/headTabDefinitions/voorbereidingTabsPart2.ts,new,12,-,0,-
src/Components/HomePage/Head/timeslider/TimesliderDateField.tsx,new,58,-,0,-
src/Components/HomePage/Head/timeslider/TimesliderLoadingShell.tsx,new,9,-,0,-
src/Components/HomePage/Head/timeslider/TimesliderRangeTrack.tsx,new,54,-,0,-
src/Components/HomePage/Head/timeslider/timesliderRangeHelpers.ts,new,68,-,0,-
src/Components/HomePage/Head/timeslider/useTimesliderEffects.ts,new,34,-,0,-
src/Components/HomePage/Head/timeslider/useTimesliderInputHandlers.ts,new,54,-,0,-
src/Components/HomePage/Head/timeslider/useTimesliderRange.ts,new,16,-,0,-
src/Components/HomePage/Head/timeslider/useTimesliderRangeBounds.ts,new,20,-,0,-
src/Components/HomePage/Head/timeslider/useTimesliderRangeDates.ts,new,20,-,0,-
src/Components/HomePage/Head/timeslider/useTimesliderRangeEffects.ts,new,17,-,0,-
src/Components/HomePage/Head/timeslider/useTimesliderRangeResets.ts,new,17,-,0,-
src/Components/HomePage/Head/timeslider/useTimesliderRangeState.ts,new,16,-,0,-
src/Components/InstallationsPage/index.tsx,recurring,152,176,0,0
src/Components/InstallationsPage/installersApi.ts,new,40,-,0,-
src/Components/TimesliderItemDetailPage/assembleTimesliderPageView.ts,new,31,-,0,-
src/Components/TimesliderItemDetailPage/buildTimesliderHeaderProps.ts,new,31,-,0,-
src/Components/TimesliderItemDetailPage/buildTimesliderImageViewerProps.ts,new,38,-,0,-
src/Components/TimesliderItemDetailPage/buildTimesliderPageShell.ts,new,36,-,0,-
src/Components/TimesliderItemDetailPage/buildTimesliderPageView.ts,new,8,-,0,-
src/Components/TimesliderItemDetailPage/buildTimesliderPageViewParts.ts,new,76,-,0,-
src/Components/TimesliderItemDetailPage/buildTimesliderPlansOverlayProps.ts,new,18,-,0,-
src/Components/TimesliderItemDetailPage/fetchTimesliderPlans.ts,new,26,-,0,-
src/Components/TimesliderItemDetailPage/index.tsx,recurring,29,141,0,0
src/Components/TimesliderItemDetailPage/parseTimesliderImageQuery.ts,new,71,-,0,-
src/Components/TimesliderItemDetailPage/timesliderPageShellTypes.ts,new,32,-,0,-
src/Components/TimesliderItemDetailPage/timesliderPageStatus.ts,new,111,-,0,-
src/Components/TimesliderItemDetailPage/timesliderPageViewScalars.ts,new,19,-,0,-
src/Components/TimesliderItemDetailPage/toTimesliderPageViewInput.ts,new,22,-,0,-
src/Components/TimesliderItemDetailPage/useTimesliderDerivedPlans.ts,new,40,-,0,-
src/Components/TimesliderItemDetailPage/useTimesliderImagePageCore.ts,new,7,-,0,-
src/Components/TimesliderItemDetailPage/useTimesliderImagePageData.ts,recurring,18,217,0,0
src/Components/TimesliderItemDetailPage/useTimesliderImagePagePlanList.ts,new,19,-,0,-
src/Components/TimesliderItemDetailPage/useTimesliderImagePagePlans.ts,new,9,-,0,-
src/Components/TimesliderItemDetailPage/useTimesliderImagePageSelection.ts,new,24,-,0,-
src/Components/TimesliderItemDetailPage/useTimesliderItemImages.ts,new,70,-,0,-
src/Components/TimesliderItemDetailPage/useTimesliderPlansFetch.ts,new,49,-,0,-
src/Components/TimesliderItemDetailPage/useTimesliderQueryContext.ts,new,44,-,0,-
src/Components/TimesliderItemDetailPage/useTimesliderSelection.ts,new,66,-,0,-
src/Components/TimesliderItemDetailPage/sections/HeaderSection.tsx,recurring,52,52,0,0
src/Components/TimesliderItemDetailPage/sections/ImagesSelectionSection.tsx,recurring,53,53,0,0
src/Components/TimesliderItemDetailPage/sections/LoginRequiredModal.tsx,recurring,78,78,0,0
src/Components/TimesliderItemDetailPage/sections/MainImageSection.tsx,recurring,101,101,0,0
src/Components/TimesliderItemDetailPage/sections/PlansFilterSection.tsx,recurring,65,73,0,0
src/Components/TimesliderItemDetailPage/sections/ReadOnlyVanTotRange.tsx,recurring,28,68,0,0
src/Components/TimesliderItemDetailPage/sections/TimesliderImageViewer.tsx,new,101,-,0,-
src/Components/TimesliderItemDetailPage/sections/TimesliderPlansOverlay.tsx,new,30,-,0,-
src/Components/TimesliderItemDetailPage/sections/plansFilterSectionProps.ts,new,10,-,0,-
src/Components/TimesliderItemDetailPage/sections/readOnlyVanTotParts.tsx,new,55,-,0,-
src/Types/devices.ts,recurring,6,24,0,69.57
src/Types/finished_plans.ts,recurring,58,62,0,12.28
src/Types/geometry.ts,recurring,19,19,0,0
src/Types/index.ts,recurring,146,148,0,9.35
src/Types/installer.ts,recurring,1,8,0,85.71
src/Types/keycloakUser.ts,recurring,1,12,0,100
src/Types/pointCoreFields.ts,new,19,-,0,-
src/api-hooks/index.ts,recurring,8,6,0,0
src/api-hooks/useEntityQuery.ts,new,11,-,0,-
src/api-hooks/consts/index.ts,recurring,3,6,0,0
src/api-hooks/consts/lookupConfig.ts,new,28,-,0,-
src/api-hooks/consts/queryOptions.ts,recurring,2,2,0,0
src/api-hooks/consts/types.ts,recurring,8,8,0,0
src/api-hooks/consts/useLookupQuery.ts,new,13,-,0,-
src/api-hooks/consts/useActiviteitenQuery.ts,removed,-,12,-,0
src/api-hooks/consts/useLuchtvaartuigQuery.ts,removed,-,12,-,0
src/api-hooks/consts/useOrganisatiesQuery.ts,removed,-,12,-,0
src/api-hooks/consts/usePilotenQuery.ts,removed,-,12,-,0
src/api-hooks/consts/useRegiosQuery.ts,removed,-,12,-,0
src/api-hooks/consts/useWaarnemersQuery.ts,removed,-,12,-,0
src/api-hooks/emails/index.ts,recurring,1,1,0,0
src/api-hooks/emails/useEmailsList.ts,recurring,10,10,0,0
src/api-hooks/finishedPlans/finishedPlanQueryConfig.ts,new,35,-,0,-
src/api-hooks/finishedPlans/index.ts,recurring,7,5,0,0
src/api-hooks/finishedPlans/types.ts,recurring,4,4,0,0
src/api-hooks/finishedPlans/useFinishedPlanQueries.ts,new,15,-,0,-
src/api-hooks/finishedPlans/usePlanPointAttachments.ts,recurring,42,23,0,0
src/api-hooks/finishedPlans/useFinishedPlanPath.ts,removed,-,14,-,0
src/api-hooks/finishedPlans/usePartialFinishedPlans.ts,removed,-,20,-,0
src/api-hooks/finishedPlans/useSingleFinishedPlan.ts,removed,-,14,-,0
src/api-hooks/flightPlans/constants.ts,recurring,1,1,0,0
src/api-hooks/flightPlans/enabled.ts,recurring,13,13,0,0
src/api-hooks/flightPlans/flightPlanLookupQueryDefs.ts,new,29,-,0,-
src/api-hooks/flightPlans/index.ts,recurring,11,7,0,0
src/api-hooks/flightPlans/regioQuery.ts,recurring,4,18,0,0
src/api-hooks/flightPlans/regionalFlightPlanQueryConfig.ts,new,32,-,0,-
src/api-hooks/flightPlans/useFlightPlanLookupQueries.ts,new,19,-,0,-
src/api-hooks/flightPlans/useFlightPlanQuery.ts,new,9,-,0,-
src/api-hooks/flightPlans/useRegionalFlightPlanQueries.ts,new,11,-,0,-
src/api-hooks/flightPlans/useRegionalFlightPlansCore.ts,new,26,-,0,-
src/api-hooks/flightPlans/useFlightPlansList.ts,removed,-,18,-,0
src/api-hooks/flightPlans/useFullPreparedFlightPlans.ts,removed,-,19,-,0
src/api-hooks/flightPlans/usePointFlightPlans.ts,removed,-,12,-,0
src/api-hooks/flightPlans/usePrepreparedFlightPlans.ts,removed,-,19,-,0
src/api-hooks/flightPlans/useSearchedFlightPlans.ts,removed,-,17,-,0
src/api-hooks/flightPlans/useUnPreparedPlans.ts,removed,-,19,-,0
src/api-hooks/flightPlans/useVluchtnummerExists.ts,removed,-,20,-,0
src/api-hooks/mutations/index.ts,new,4,-,0,-
src/api-hooks/mutations/mutationError.ts,new,22,-,0,-
src/api-hooks/mutations/useApiMutation.ts,new,88,-,0,-
src/api-hooks/mutations/useCreateData.ts,new,1,-,0,-
src/api-hooks/mutations/useCreateDataCore.ts,new,55,-,0,-
src/api-hooks/mutations/useDeleteData.ts,new,1,-,0,-
src/api-hooks/mutations/useDeleteDataCore.ts,new,45,-,0,-
src/api-hooks/mutations/useUpdateData.ts,new,2,-,0,-
src/api-hooks/mutations/useUpdateDataCore.ts,new,49,-,0,-
src/api-hooks/planImages/index.ts,new,4,-,0,-
src/api-hooks/planImages/pointPlanImagesToAttachments.ts,new,31,-,0,-
src/api-hooks/planImages/types.ts,new,9,-,0,-
src/api-hooks/planImages/useEntityPlanImages.ts,new,73,-,0,-
src/api-hooks/planImages/useGeometryPlanImages.ts,new,16,-,0,-
src/api-hooks/planImages/usePointPlanImages.ts,new,16,-,0,-
src/api-hooks/points/constants.ts,recurring,1,1,0,0
src/api-hooks/points/index.ts,recurring,4,2,0,0
src/api-hooks/points/usePointLookupQueries.ts,new,22,-,0,-
src/api-hooks/points/useDuplicateOmschrijvingCount.ts,removed,-,13,-,0
src/api-hooks/points/useSearchedPoints.ts,removed,-,17,-,0
src/api-hooks/shared/regioQuery.ts,new,18,-,0,-
src/api-hooks/templateFlights/index.ts,recurring,3,2,0,0
src/api-hooks/templateFlights/types.ts,recurring,15,15,0,50
src/api-hooks/templateFlights/useTemplateFlights.ts,recurring,36,22,0,0
src/api/fetchApi.ts,recurring,8,8,0,0
src/constants/emptyFlightPlans.ts,recurring,2,2,0,0
src/constants/regionCoordintaes.ts,recurring,6,42,0,0
src/constants/regionsCoordinatesPartA.ts,new,6,-,0,-
src/constants/regionsCoordinatesPartB.ts,new,6,-,0,-
src/constants/vluchtnummerRegex.ts,recurring,1,1,0,0
src/helpers/arcgisTokenRegistration.ts,new,41,-,0,-
src/helpers/base64ToBlob.ts,recurring,11,11,0,0
src/helpers/classNames.ts,recurring,3,3,0,0
src/helpers/filterPlans.ts,recurring,22,20,0,0
src/helpers/getBackEndUrl.ts,recurring,11,11,0,0
src/helpers/getDistanceMeters.ts,recurring,13,16,0,86.67
src/helpers/getLoginUrlWithReturn.ts,recurring,10,10,0,0
src/helpers/haversine.ts,recurring,4,18,0,0
src/helpers/isValidEmail.ts,recurring,4,4,0,0
src/helpers/refreshToken.ts,recurring,11,53,0,42.5
src/helpers/ArcGISHelpers/bufferFlightPlansOnLayer.ts,new,2,-,0,-
src/helpers/ArcGISHelpers/bufferFlightPlansOnLayerCore.ts,new,63,-,0,-
src/helpers/ArcGISHelpers/bufferGraphics.ts,recurring,9,88,0,16.39
src/helpers/ArcGISHelpers/bufferPointsOnLayer.ts,new,10,-,0,-
src/helpers/ArcGISHelpers/bufferPointsOnLayerCore.ts,new,61,-,0,-
src/helpers/ArcGISHelpers/buildPlanBoundingBoxGraphic.ts,new,1,-,0,-
src/helpers/ArcGISHelpers/buildPlanBoundingBoxGraphicCore.ts,new,55,-,0,-
src/helpers/ArcGISHelpers/calculateCenterAndZoom.ts,recurring,9,127,0,0
src/helpers/ArcGISHelpers/centerAndZoomFromPlan.ts,new,4,-,0,-
src/helpers/ArcGISHelpers/centerAndZoomFromPlanCore.ts,new,32,-,0,-
src/helpers/ArcGISHelpers/centerAndZoomMath.ts,new,10,-,0,-
src/helpers/ArcGISHelpers/centerAndZoomMathCore.ts,new,116,-,0,-
src/helpers/ArcGISHelpers/computeFlightPlanCentroid.ts,recurring,33,31,0,0
src/helpers/ArcGISHelpers/createGeometryGraphic.ts,recurring,17,186,0,0
src/helpers/ArcGISHelpers/createGeometryGraphicCore.ts,new,4,-,0,-
src/helpers/ArcGISHelpers/createGeometryGraphicInternal.ts,new,66,-,0,-
src/helpers/ArcGISHelpers/createGeometryMapGraphics.ts,recurring,15,138,0,6.38
src/helpers/ArcGISHelpers/createMapView.ts,recurring,25,93,0,0
src/helpers/ArcGISHelpers/createNewPointEvent.ts,recurring,16,34,0,0
src/helpers/ArcGISHelpers/createPin.ts,recurring,19,54,0,21.62
src/helpers/ArcGISHelpers/createPlanBoundingBoxGraphic.ts,recurring,13,130,0,6.86
src/helpers/ArcGISHelpers/createPoint.ts,recurring,19,19,0,0
src/helpers/ArcGISHelpers/createPointGraphic.ts,recurring,10,113,0,0
src/helpers/ArcGISHelpers/createPointMapGraphics.ts,recurring,19,122,0,0
src/helpers/ArcGISHelpers/createSymbols.ts,recurring,4,34,0,24
src/helpers/ArcGISHelpers/createYellowBorder.ts,recurring,25,25,0,37.5
src/helpers/ArcGISHelpers/createYellowWgs84PointGraphic.ts,new,18,-,0,-
src/helpers/ArcGISHelpers/finishedPlanCentroidMarkers.ts,new,4,-,0,-
src/helpers/ArcGISHelpers/finishedPlanCentroidMarkersCore.ts,new,38,-,0,-
src/helpers/ArcGISHelpers/finishedPlanMapGraphics.ts,recurring,23,56,0,0
src/helpers/ArcGISHelpers/flightPlanMapActions.ts,new,32,-,0,-
src/helpers/ArcGISHelpers/geometryGraphicBuilders.ts,new,89,-,0,-
src/helpers/ArcGISHelpers/geometryGraphicSymbols.ts,new,11,-,0,-
src/helpers/ArcGISHelpers/geometryGraphicTypes.ts,new,27,-,0,-
src/helpers/ArcGISHelpers/geometryMapGraphicActions.ts,new,6,-,0,-
src/helpers/ArcGISHelpers/geometryMapGraphicActionsCore.ts,new,84,-,0,-
src/helpers/ArcGISHelpers/geometryMapGraphicFactories.ts,new,9,-,0,-
src/helpers/ArcGISHelpers/geometryMapGraphicFactoriesCore.ts,new,78,-,0,-
src/helpers/ArcGISHelpers/geometryNamedSymbolsA.ts,new,22,-,0,-
src/helpers/ArcGISHelpers/geometryNamedSymbolsB.ts,new,22,-,0,-
src/helpers/ArcGISHelpers/geometryPathFromPoints.ts,new,31,-,0,-
src/helpers/ArcGISHelpers/getTransformedCoordinates.ts,recurring,24,25,0,0
src/helpers/ArcGISHelpers/mapGraphicsLayers.ts,new,42,-,0,-
src/helpers/ArcGISHelpers/mapViewConfiguration.ts,new,35,-,0,-
src/helpers/ArcGISHelpers/netherlandsMapBounds.ts,new,27,-,0,-
src/helpers/ArcGISHelpers/newPointEventCoords.ts,new,49,-,0,-
src/helpers/ArcGISHelpers/pinGraphics.ts,new,50,-,0,-
src/helpers/ArcGISHelpers/placeBluePointGraphics.ts,new,32,-,0,-
src/helpers/ArcGISHelpers/planBoundingBoxGeometry.ts,new,5,-,0,-
src/helpers/ArcGISHelpers/planBoundingBoxGeometryCore.ts,new,54,-,0,-
src/helpers/ArcGISHelpers/planBoundingBoxSymbols.ts,new,9,-,0,-
src/helpers/ArcGISHelpers/planBoundingBoxSymbolsCore.ts,new,17,-,0,-
src/helpers/ArcGISHelpers/planBoundingBoxSymbolsStar.ts,new,22,-,0,-
src/helpers/ArcGISHelpers/planBoundingBoxTypes.ts,new,23,-,0,-
src/helpers/ArcGISHelpers/planStarGraphics.ts,new,6,-,0,-
src/helpers/ArcGISHelpers/planStarGraphicsCore.ts,new,48,-,0,-
src/helpers/ArcGISHelpers/pointGraphicCoordinates.ts,new,43,-,0,-
src/helpers/ArcGISHelpers/pointGraphicFactory.ts,new,4,-,0,-
src/helpers/ArcGISHelpers/pointGraphicFactoryCore.ts,new,41,-,0,-
src/helpers/ArcGISHelpers/pointGraphicTypes.ts,new,21,-,0,-
src/helpers/ArcGISHelpers/pointHoverGraphics.ts,new,16,-,0,-
src/helpers/ArcGISHelpers/pointHoverPinSymbol.ts,new,6,-,0,-
src/helpers/ArcGISHelpers/pointMapGraphicActions.ts,new,8,-,0,-
src/helpers/ArcGISHelpers/pointMapGraphicActionsCore.ts,new,74,-,0,-
src/helpers/ArcGISHelpers/pointMapGraphicFactories.ts,new,7,-,0,-
src/helpers/ArcGISHelpers/pointMapGraphicFactoriesCore.ts,new,43,-,0,-
src/helpers/ArcGISHelpers/pointMarkerSymbol.ts,new,41,-,0,-
src/helpers/ArcGISHelpers/replaceGraphics.ts,recurring,11,11,0,0
src/helpers/ArcGISHelpers/resolveGeometrySymbolOptions.ts,new,20,-,0,-
src/helpers/ArcGISHelpers/searchResultPointOutlineSymbol.ts,new,10,-,0,-
src/helpers/ArcGISHelpers/selectedGeometryGraphics.ts,new,15,-,0,-
src/helpers/ArcGISHelpers/starredPointSymbol.ts,new,10,-,0,-
src/helpers/ArcGISHelpers/syncBluePointGraphics.ts,new,4,-,0,-
src/helpers/ArcGISHelpers/syncBluePointGraphicsCore.ts,new,32,-,0,-
src/helpers/ArcGISHelpers/validateMapView.ts,recurring,7,7,0,0
src/helpers/ArcGISHelpers/yellowMarkerSymbol.ts,new,10,-,0,-
src/helpers/ZustandStates/createPopUpFeatureLayerSlice.ts,new,23,-,0,-
src/helpers/ZustandStates/createPopUpPointSlice.ts,new,27,-,0,-
src/helpers/ZustandStates/filterState.ts,recurring,37,37,0,0
src/helpers/ZustandStates/hoveredGraphic.ts,recurring,17,17,0,0
src/helpers/ZustandStates/mapViewBaseLayersSlice.ts,new,23,-,0,-
src/helpers/ZustandStates/mapViewClearGraphics.ts,new,23,-,0,-
src/helpers/ZustandStates/mapViewCoreSlice.ts,new,19,-,0,-
src/helpers/ZustandStates/mapViewCoreState.ts,new,15,-,0,-
src/helpers/ZustandStates/mapViewExtraLayersSlice.ts,new,18,-,0,-
src/helpers/ZustandStates/mapViewLayersSlice.ts,new,11,-,0,-
src/helpers/ZustandStates/mapViewLayersState.ts,new,26,-,0,-
src/helpers/ZustandStates/mapViewRegionData.ts,new,6,-,0,-
src/helpers/ZustandStates/mapViewState.ts,recurring,10,94,0,0
src/helpers/ZustandStates/mapViewStateTypes.ts,new,3,-,0,-
src/helpers/ZustandStates/openSideBar.ts,recurring,8,8,0,0
src/helpers/ZustandStates/pathPointState.ts,recurring,18,18,0,0
src/helpers/ZustandStates/popUpInitialState.ts,new,21,-,0,-
src/helpers/ZustandStates/popUpState.ts,recurring,12,59,0,21.05
src/helpers/ZustandStates/popUpStateTypes.ts,new,20,-,0,-
src/helpers/ZustandStates/searchKeyword.ts,recurring,8,8,0,0
src/helpers/ZustandStates/selectedBottomTabState.ts,recurring,9,9,0,0
src/helpers/ZustandStates/showAllTable.ts,recurring,8,8,0,0
src/helpers/ZustandStates/showResultTab.ts,recurring,8,8,0,0
src/helpers/ZustandStates/showSearchedTab.ts,recurring,8,8,0,0
src/helpers/ZustandStates/showTable.ts,recurring,31,31,0,0
src/helpers/ZustandStates/starredAll.ts,recurring,8,8,0,0
src/helpers/ZustandStates/tabState.ts,recurring,17,17,0,0
src/helpers/ZustandStates/useAuth.ts,recurring,9,9,0,0
src/helpers/ZustandStates/useTimesliderState.ts,recurring,35,35,0,0
src/helpers/ZustandStates/usersManagementState.ts,recurring,46,46,0,0
src/helpers/arcgis/attachmentDisplayUrl.ts,new,13,-,0,-
src/helpers/arcgis/deleteArcgisAttachment.ts,recurring,14,97,0,0
src/helpers/arcgis/deleteAttachmentsParse.ts,new,22,-,0,-
src/helpers/arcgis/deleteAttachmentsRequest.ts,new,42,-,0,-
src/helpers/arcgis/deleteAttachmentsResponse.ts,new,56,-,0,-
src/helpers/geo/applyCoordinateSyncPatchToSetters.ts,new,28,-,0,-
src/helpers/geo/bboxPolygon.ts,new,21,-,0,-
src/helpers/geo/buildCoordinateSyncPatch.ts,new,2,-,0,-
src/helpers/geo/buildCoordinateSyncPatchCore.ts,new,35,-,0,-
src/helpers/geo/transformWgs84ToRd.ts,new,9,-,0,-
src/helpers/geometry/matchesGeometryRepeat.ts,new,12,-,0,-
src/helpers/points/aandachtspuntDetailsValues.ts,new,20,-,0,-
src/helpers/points/buildPointUpdatePayload.ts,recurring,28,53,0,39.13
src/helpers/points/emptyPointCoreFields.ts,new,19,-,0,-
src/helpers/points/flightPlanPointExcel.ts,new,7,-,0,-
src/helpers/points/flightPlanPointExcelCore.ts,new,82,-,0,-
src/helpers/points/herhalenFilter.ts,new,25,-,0,-
src/helpers/points/herhalenSelection.ts,new,19,-,0,-
src/helpers/points/pointColumnKeys.ts,recurring,8,44,0,51.16
src/helpers/points/pointCoreDisplayColumns.ts,new,10,-,0,-
src/helpers/points/pointCoreFieldKeys.ts,new,4,-,0,-
src/helpers/points/pointCoreIdentityKeys.ts,new,1,-,0,-
src/helpers/points/pointCorePayloadFields.ts,new,18,-,0,-
src/helpers/points/pointExportColumns.ts,new,12,-,0,-
src/helpers/points/pointImportRow.ts,new,4,-,0,-
src/helpers/points/sortPointsByImageCount.ts,new,18,-,0,-
src/helpers/points/starredPointSelection.ts,new,17,-,0,-
src/helpers/tableExports/csvExport.ts,new,6,-,0,-
src/helpers/tableExports/csvExportCore.ts,new,59,-,0,-
src/helpers/tableExports/geoJsonExport.ts,new,1,-,0,-
src/helpers/tableExports/geoJsonExportCore.ts,new,37,-,0,-
src/helpers/tableExports/pointGeoJson.ts,new,40,-,0,-
src/helpers/tableExports/pointsPlansTableExport.ts,new,18,-,0,-
src/helpers/tableExports/shapefileExport.ts,new,5,-,0,-
src/helpers/tableExports/shapefileExportCore.ts,new,60,-,0,-
src/helpers/tableExports/xlsxExport.ts,new,5,-,0,-
src/helpers/tableExports/xlsxExportCore.ts,new,50,-,0,-
src/helpers/timeslider/createHoverPinGraphics.ts,new,18,-,0,-
src/helpers/timeslider/drawGeometryHoverSkyBlue.ts,new,64,-,0,-
src/helpers/timeslider/drawHoverPin.ts,new,15,-,0,-
src/helpers/timeslider/filterFinishedPlansForItem.ts,recurring,56,34,0,0
src/helpers/timeslider/flightPlansYellowHighlights.ts,recurring,29,122,0,14.12
src/helpers/timeslider/hoverPinAttrsType.ts,new,5,-,0,-
src/helpers/timeslider/hoverPinGraphics.ts,new,6,-,0,-
src/helpers/timeslider/hoverPinOuter.ts,new,30,-,0,-
src/helpers/timeslider/hoverPinPicture.ts,new,19,-,0,-
src/helpers/timeslider/idsFromTimesliderPlans.ts,recurring,23,10,0,0
src/helpers/timeslider/index.ts,recurring,4,4,0,0
src/helpers/timeslider/selectedPlansPointsList.ts,recurring,121,200,0,12.41
src/helpers/timeslider/timesliderGeometryHighlightFactory.ts,new,61,-,0,-
src/helpers/timeslider/timesliderGeometryHighlights.ts,new,13,-,0,-
src/helpers/timeslider/timesliderHighlightGraphics.ts,new,51,-,0,-
src/helpers/timeslider/timesliderHighlightLabel.ts,new,1,-,0,-
src/helpers/timeslider/timesliderRightHoverLabel.ts,new,1,-,0,-
src/helpers/tokens/ArcGISUserToken.ts,recurring,37,95,0,23.29
src/helpers/tokens/configureArcGisProxy.ts,new,20,-,0,-
src/helpers/tokens/fetchAndRegisterArcGisToken.ts,new,35,-,0,-
src/hooks/flightPathMetrics.ts,new,53,-,0,-
src/hooks/useContent.ts,recurring,5,5,0,0
src/hooks/useGetFlightTimesDistance.ts,recurring,14,73,0,62.5
src/hooks/useLogAction.ts,recurring,21,63,0,0
src/hooks/useMapInitialization.ts,recurring,13,47,0,0
src/hooks/useRenderVluchtPlans.ts,recurring,13,13,0,0
src/hooks/useResetTabs.ts,recurring,14,14,0,0
src/hooks/useTimeRange.ts,recurring,2,39,0,0
src/hooks/useTimeRangeCore.ts,new,44,-,0,-
src/hooks/bottom/openBottomCompactListView.ts,new,29,-,0,-
src/hooks/bottom/useBottomCompactListCallback.ts,new,20,-,0,-
src/hooks/bottom/useBottomCompactListStores.ts,new,28,-,0,-
src/hooks/bottom/useBottomCompactListView.ts,new,4,-,0,-
src/hooks/consts/constSelectOptionsConfig.ts,new,29,-,0,-
src/hooks/consts/useConstSelectOptions.ts,new,17,-,0,-
src/hooks/consts/useGetActiviteis.ts,removed,-,15,-,0
src/hooks/consts/useGetLuchtvaartuig.ts,removed,-,15,-,0
src/hooks/consts/useGetOrganisaties.ts,removed,-,15,-,0
src/hooks/consts/useGetPiloot.ts,removed,-,15,-,0
src/hooks/consts/useGetRegios.ts,removed,-,15,-,0
src/hooks/consts/useGetWaarnemers.ts,removed,-,15,-,0
src/hooks/editPoint/applyCoordinateSystemSync.ts,new,17,-,0,-
src/hooks/editPoint/useCoordinateSystemSync.ts,recurring,13,46,0,0
src/hooks/features/attachMapHoverLifecycle.ts,new,30,-,0,-
src/hooks/features/geometryMapGraphics.ts,new,20,-,0,-
src/hooks/features/hoverMapGraphic.ts,new,60,-,0,-
src/hooks/features/pointMapGraphics.ts,new,20,-,0,-
src/hooks/features/registerMapHoverHandler.ts,new,28,-,0,-
src/hooks/features/syncLocalGeometryGraphics.ts,new,27,-,0,-
src/hooks/features/useFetchInitialFeatures.ts,recurring,17,17,0,0
src/hooks/features/useGeometriesStore.ts,recurring,58,57,0,0
src/hooks/features/useGeometryGraphicsEffects.ts,new,90,-,0,-
src/hooks/features/useHoverPointsAndGeometries.ts,recurring,26,54,0,14.63
src/hooks/features/usePointGraphicsEffects.ts,new,132,-,0,-
src/hooks/features/usePointsStore.ts,recurring,114,77,0,0
src/hooks/features/useRenderGeometries.ts,recurring,30,95,0,33.85
src/hooks/features/useRenderLocalGeometries.ts,recurring,12,24,0,0
src/hooks/features/useRenderPoints.ts,recurring,32,115,0,35.8
src/hooks/features/useResetFeatures.ts,recurring,11,11,0,0
src/hooks/features/useResetPointFilters.ts,new,26,-,0,-
src/hooks/filters/filterPlanPoints.ts,new,11,-,0,-
src/hooks/filters/filterPlansByPeriod.ts,recurring,78,37,0,0
src/hooks/filters/filterPointsByCriteria.ts,new,82,-,0,-
src/hooks/filters/filterStoreState.ts,new,28,-,0,-
src/hooks/filters/geometryFilterPredicates.ts,new,40,-,0,-
src/hooks/filters/useFilterGeometries.ts,recurring,19,45,0,0
src/hooks/filters/useFilterPlans.ts,recurring,21,15,0,0
src/hooks/filters/useFilterPoints.ts,recurring,25,60,0,0
src/hooks/filters/useFilteredSortedPlans.ts,new,4,-,0,-
src/hooks/filters/useFilteredSortedPlansCore.ts,new,51,-,0,-
src/hooks/filters/usePlansFilterStore.ts,recurring,16,31,0,61.54
src/hooks/filters/usePointsFilterStore.ts,recurring,20,36,0,51.61
src/hooks/flightPlan/assembleFlightPlanCreateAttributes.ts,new,29,-,0,-
src/hooks/flightPlan/buildFlightPlanCreateAttributes.ts,new,2,-,0,-
src/hooks/flightPlan/buildFlightPlanCreateAttributesCore.ts,new,39,-,0,-
src/hooks/flightPlan/buildFlightPlanPayloadFields.ts,new,24,-,0,-
src/hooks/flightPlan/collectUniquePlanPointIds.ts,new,39,-,0,-
src/hooks/flightPlan/flightPlanFormLabels.ts,new,4,-,0,-
src/hooks/flightPlan/flightPlanFormLabelsCore.ts,new,34,-,0,-
src/hooks/flightPlan/flightPlanStandardSelectProps.ts,new,30,-,0,-
src/hooks/flightPlan/pickFlightPlanCreateFields.ts,new,14,-,0,-
src/hooks/flightPlan/pickFlightPlanPersistenceFields.ts,new,24,-,0,-
src/hooks/flightPlan/populateFormFromPlan.ts,recurring,43,26,0,26.09
src/hooks/flightPlan/runFlightPlanCreateSuccess.ts,new,15,-,0,-
src/hooks/flightPlan/submitCollectedFlightPlanCreate.ts,new,52,-,0,-
src/hooks/flightPlan/useFlightPlanFormSelectOptions.ts,new,7,-,0,-
src/hooks/flightPlan/useFlightPlanStandardSelectProps.ts,new,4,-,0,-
src/hooks/flightPlan/usePopulateFlightPlanFormEffect.ts,recurring,17,46,0,18.75
src/hooks/handleCancel/useCancelCreateFlightPlan.ts,recurring,20,20,0,0
src/hooks/handleCancel/useHandleCancel.ts,recurring,12,12,0,0
src/hooks/handleCancel/useHandleClearFinishedPlan.ts,recurring,15,15,0,0
src/hooks/hover-click-handlers/addPathLayerBelowPoints.ts,new,30,-,0,-
src/hooks/hover-click-handlers/attachSelectedPlanPathLayer.ts,new,42,-,0,-
src/hooks/hover-click-handlers/buildPathFeatureLayer.ts,new,23,-,0,-
src/hooks/hover-click-handlers/buildPathPointGraphics.ts,new,30,-,0,-
src/hooks/hover-click-handlers/clearHoveredFlightPlanFromOriginalMap.ts,new,18,-,0,-
src/hooks/hover-click-handlers/createPlanClickHandler.ts,new,25,-,0,-
src/hooks/hover-click-handlers/createPlanHoverHandlers.ts,new,23,-,0,-
src/hooks/hover-click-handlers/featureLayerLabelGraphics.ts,new,21,-,0,-
src/hooks/hover-click-handlers/featureLayerLabelGraphicsHelpers.ts,new,34,-,0,-
src/hooks/hover-click-handlers/featureLayerLabelText.ts,new,26,-,0,-
src/hooks/hover-click-handlers/featureLayerLabelsSync.ts,new,36,-,0,-
src/hooks/hover-click-handlers/featureLayerObjectId.ts,new,15,-,0,-
src/hooks/hover-click-handlers/featureLayerPopupClick.ts,new,29,-,0,-
src/hooks/hover-click-handlers/featureLayerPopupClickHandler.ts,new,31,-,0,-
src/hooks/hover-click-handlers/featureLayerPopupControllers.ts,new,26,-,0,-
src/hooks/hover-click-handlers/featureLayerPopupMarker.ts,new,31,-,0,-
src/hooks/hover-click-handlers/featureLayerPopupQuery.ts,new,33,-,0,-
src/hooks/hover-click-handlers/featureLayerPopupResolve.ts,new,73,-,0,-
src/hooks/hover-click-handlers/featureLayerTargets.ts,new,19,-,0,-
src/hooks/hover-click-handlers/finishedPlanHighlightActions.ts,new,39,-,0,-
src/hooks/hover-click-handlers/finishedPlanHighlightDraw.ts,new,38,-,0,-
src/hooks/hover-click-handlers/geometryClickTypes.ts,new,17,-,0,-
src/hooks/hover-click-handlers/geometryEditHighlightHandlers.ts,new,25,-,0,-
src/hooks/hover-click-handlers/geometryHighlightGraphic.ts,new,50,-,0,-
src/hooks/hover-click-handlers/geometryHoverGraphics.ts,new,33,-,0,-
src/hooks/hover-click-handlers/geometryListHoverHandlers.ts,new,36,-,0,-
src/hooks/hover-click-handlers/geometryListMapActions.ts,new,42,-,0,-
src/hooks/hover-click-handlers/geometryVertexGraphics.ts,new,37,-,0,-
src/hooks/hover-click-handlers/handlePathPointMapClick.ts,new,38,-,0,-
src/hooks/hover-click-handlers/hoverFlightPlanFromOriginalMap.ts,new,37,-,0,-
src/hooks/hover-click-handlers/nearestPoint.ts,new,45,-,0,-
src/hooks/hover-click-handlers/pathFeatureLayerConfig.ts,new,19,-,0,-
src/hooks/hover-click-handlers/pathLoadingReadyInput.ts,new,31,-,0,-
src/hooks/hover-click-handlers/pathPlanUtils.ts,new,41,-,0,-
src/hooks/hover-click-handlers/pathPointGraphics.ts,new,30,-,0,-
src/hooks/hover-click-handlers/planHoverClickHandlers.ts,new,9,-,0,-
src/hooks/hover-click-handlers/pointHoverHandlers.ts,new,31,-,0,-
src/hooks/hover-click-handlers/pointListMapActions.ts,new,44,-,0,-
src/hooks/hover-click-handlers/refreshFeatureLayerLabels.ts,new,43,-,0,-
src/hooks/hover-click-handlers/reorderPointsAbovePath.ts,new,20,-,0,-
src/hooks/hover-click-handlers/resolveOriginalPlanGraphic.ts,new,14,-,0,-
src/hooks/hover-click-handlers/resolveSelectedPathPoint.ts,new,35,-,0,-
src/hooks/hover-click-handlers/showPlanSearchListHover.ts,new,6,-,0,-
src/hooks/hover-click-handlers/showPlanSearchListHoverBody.ts,new,37,-,0,-
src/hooks/hover-click-handlers/syncSelectedPlanPathLayer.ts,new,38,-,0,-
src/hooks/hover-click-handlers/syncYellowGeometrySelection.ts,new,30,-,0,-
src/hooks/hover-click-handlers/syncYellowMarkerSelection.ts,new,33,-,0,-
src/hooks/hover-click-handlers/useDrawPath.ts,recurring,1,156,0,0
src/hooks/hover-click-handlers/useDrawPathCore.ts,new,40,-,0,-
src/hooks/hover-click-handlers/useDrawYellowGeometries.ts,recurring,20,35,0,0
src/hooks/hover-click-handlers/useDrawYellowMarkers.ts,recurring,22,48,0,21.21
src/hooks/hover-click-handlers/useEditGeometryVerticesOnMap.ts,recurring,30,77,0,0
src/hooks/hover-click-handlers/useFeatureLayerLabels.ts,recurring,28,140,0,0
src/hooks/hover-click-handlers/useFeatureLayerPopup.ts,recurring,2,158,0,23.08
src/hooks/hover-click-handlers/useFeatureLayerPopupCore.ts,new,38,-,0,-
src/hooks/hover-click-handlers/useFinishedPlanMapHighlight.ts,recurring,16,68,0,0
src/hooks/hover-click-handlers/useGeometryClick.ts,recurring,21,56,0,0
src/hooks/hover-click-handlers/useGeometryEditHighlight.ts,new,6,-,0,-
src/hooks/hover-click-handlers/useGeometryListHover.ts,new,10,-,0,-
src/hooks/hover-click-handlers/useGeometryListMapActions.ts,recurring,15,59,0,0
src/hooks/hover-click-handlers/useHoverFlightPlanFromOriginalMap.ts,new,14,-,0,-
src/hooks/hover-click-handlers/useNearestPointClick.ts,recurring,1,51,0,0
src/hooks/hover-click-handlers/useNearestPointClickCore.ts,new,56,-,0,-
src/hooks/hover-click-handlers/usePathLoadingReady.ts,new,41,-,0,-
src/hooks/hover-click-handlers/usePathPointHandlerClick.ts,recurring,60,89,0,0
src/hooks/hover-click-handlers/usePlanClick.ts,recurring,6,27,0,0
src/hooks/hover-click-handlers/usePlanHover.ts,recurring,6,28,0,0
src/hooks/hover-click-handlers/usePlanStarGraphic.ts,recurring,6,50,0,0
src/hooks/hover-click-handlers/usePointClick.ts,recurring,9,9,0,0
src/hooks/hover-click-handlers/usePointHover.ts,recurring,10,33,0,0
src/hooks/hover-click-handlers/usePointListMapActions.ts,recurring,15,64,0,0
src/hooks/hover-click-handlers/useSingleGeometrySelectionGraphic.ts,new,21,-,0,-
src/hooks/hover-click-handlers/yellowMarkerGraphics.ts,new,19,-,0,-
src/hooks/hover-click-handlers/useGeometryHover.ts,removed,-,86,-,0
src/hooks/kaartlagen/kaartlagenState.ts,recurring,8,8,0,0
src/hooks/kaartlagen/useBasemapStore.ts,recurring,21,21,0,0
src/hooks/layout/sidebarResizeListeners.ts,new,36,-,0,-
src/hooks/layout/sidebarResizeMath.ts,new,59,-,0,-
src/hooks/layout/useResizableSidebar.ts,recurring,2,69,0,0
src/hooks/layout/useResizableSidebarCore.ts,new,41,-,0,-
src/hooks/logging/logEntry.ts,new,44,-,0,-
src/hooks/logging/logQueue.ts,new,47,-,0,-
src/hooks/map/initializeMapState.ts,new,8,-,0,-
src/hooks/map/mapClickGuard.ts,new,16,-,0,-
src/hooks/map/syncBluePointGraphics.ts,new,4,-,0,-
src/hooks/points/herhalenSelectionActions.ts,new,44,-,0,-
src/hooks/points/pointsSelectionLog.ts,new,4,-,0,-
src/hooks/points/sortPointsWithSelectionOrder.ts,recurring,1,25,0,45
src/hooks/points/sortPointsWithSelectionOrderCore.ts,new,70,-,0,-
src/hooks/points/useHerhalenSelectionHandlers.ts,new,28,-,0,-
src/hooks/points/useWizardPointsFilterHeader.tsx,new,1,-,0,-
src/hooks/points/useWizardPointsFilterHeaderCore.tsx,new,56,-,0,-
src/hooks/popUpModal/createYellowCircle.ts,recurring,20,20,0,0
src/hooks/popUpModal/mapClickHitHandler.ts,new,56,-,0,-
src/hooks/popUpModal/pointHitSelection.ts,new,39,-,0,-
src/hooks/popUpModal/popupBlockedTabs.ts,new,10,-,0,-
src/hooks/popUpModal/popupSelection.ts,new,48,-,0,-
src/hooks/popUpModal/popupTabGuard.ts,new,19,-,0,-
src/hooks/popUpModal/setupClickListener.ts,recurring,24,79,0,0
src/hooks/popUpModal/useHandleClosePopUp.ts,recurring,28,28,0,0
src/hooks/popUpModal/usePopupBlockedGuard.ts,new,26,-,0,-
src/hooks/popUpModal/usePopupController.ts,recurring,8,97,0,0
src/hooks/popUpModal/usePopupEffects.ts,new,3,-,0,-
src/hooks/popUpModal/usePopupMapClickEffect.ts,new,32,-,0,-
src/hooks/popUpModal/usePopupOpenEffect.ts,new,39,-,0,-
src/hooks/popUpModal/usePopupTabSyncEffects.ts,new,20,-,0,-
src/hooks/resultTab/useResultTabMoreMenu.ts,new,1,-,0,-
src/hooks/resultTab/useResultTabMoreMenuCore.ts,new,34,-,0,-
src/hooks/resultTab/useResultTabPopupDismiss.ts,new,28,-,0,-
src/hooks/resultTab/useResultTabStarredPointActions.ts,recurring,1,39,0,23.08
src/hooks/resultTab/useResultTabStarredPointActionsCore.ts,new,39,-,0,-
src/hooks/resultTab/useResultTabTableView.ts,new,1,-,0,-
src/hooks/resultTab/useResultTabTableViewCore.ts,new,31,-,0,-
src/hooks/shared/useDebouncedValue.ts,new,1,-,0,-
src/hooks/viewPlan/useMapPointSelectionClick.ts,recurring,4,35,0,26.09
src/hooks/viewPlan/useMapPointSelectionClickCore.ts,new,37,-,0,-
src/hooks/viewPlan/useSortedPointSelection.ts,recurring,12,26,0,47.37
src/hooks/wizard/clearMapSelectionGraphics.ts,new,24,-,0,-
src/hooks/wizard/useWizardButtons.ts,recurring,24,38,0,0
src/hooks/wizard/useWizardCleanup.ts,recurring,7,7,0,0
src/hooks/wizard/wizardButtonHelpers.ts,new,44,-,0,-
src/hooks/zustand/enrichedPointStateActions.ts,new,29,-,0,-
src/hooks/zustand/enrichedPointStateDefaults.ts,new,17,-,0,-
src/hooks/zustand/enrichedPointStateTypes.ts,new,22,-,0,-
src/hooks/zustand/hoveredPlanState.ts,recurring,10,10,0,0
src/hooks/zustand/pickEnrichedCoordinateControls.ts,new,14,-,0,-
src/hooks/zustand/useAddPointStates.ts,recurring,35,35,0,20
src/hooks/zustand/useDeleteFlightPlan.ts,recurring,26,26,0,0
src/hooks/zustand/useDrawingStore.ts,recurring,39,42,0,26.32
src/hooks/zustand/useEnrichedPointState.ts,recurring,10,103,0,69.39
src/hooks/zustand/useReuseFlightPlan.ts,recurring,59,70,0,24.56
src/hooks/zustand/nabewerking/createReportClearState.ts,new,13,-,0,-
src/hooks/zustand/nabewerking/createReportSetters.ts,new,25,-,0,-
src/hooks/zustand/nabewerking/createReportStateTypes.ts,new,29,-,0,-
src/hooks/zustand/nabewerking/createReportStateValues.ts,new,15,-,0,-
src/hooks/zustand/nabewerking/useChangePlanStatusState.ts,recurring,52,56,0,32
src/hooks/zustand/nabewerking/useCreateReportState.ts,recurring,8,69,0,25.4
src/hooks/zustand/nabewerking/useFinishedPlansState.ts,recurring,68,80,0,32.26
src/hooks/zustand/shared/flightPlanFormDefaults.ts,new,28,-,0,-
src/hooks/zustand/shared/flightPlanFormFields.ts,recurring,23,68,0,41.38
src/hooks/zustand/shared/flightPlanFormSetters.ts,new,5,-,0,-
src/hooks/zustand/shared/flightPlanFormSettersCore.ts,new,50,-,0,-
src/hooks/zustand/shared/flightPlanFormTypes.ts,new,22,-,0,-
src/hooks/zustand/shared/flightPlanFormValues.ts,new,12,-,0,-
src/hooks/zustand/shared/periodFilterState.ts,new,24,-,0,-
src/hooks/zustand/shared/planContentSelectionSetters.ts,new,18,-,0,-
src/hooks/zustand/shared/planContentSelectionState.ts,new,6,-,0,-
src/hooks/zustand/shared/planContentSelectionTypes.ts,new,31,-,0,-
src/hooks/zustand/shared/planListFilterFields.ts,new,20,-,0,-
src/hooks/zustand/shared/planWizardCore.ts,new,51,-,0,-
src/hooks/zustand/tools/deletePointFormFields.ts,new,59,-,0,-
src/hooks/zustand/tools/deletePointStateCore.ts,new,68,-,0,-
src/hooks/zustand/tools/deletePointStateTypes.ts,new,42,-,0,-
src/hooks/zustand/tools/useDeletePointState.ts,recurring,12,127,0,5.66
src/hooks/zustand/voorbereiding/useFlightPlanState.ts,recurring,36,83,0,56.41
src/hooks/zustand/voorbereiding/useViewPlanState.ts,recurring,58,78,0,12.31
src/lib/invalidateAfterMutation.ts,recurring,11,99,0,0
src/lib/invalidateFlightPlanQueries.ts,new,38,-,0,-
src/lib/invalidateRelatedQueries.ts,recurring,62,4,0,0
src/lib/queryClient.ts,recurring,11,11,0,0
src/lib/queryKeys.ts,recurring,7,57,0,0
src/lib/queryOptions.ts,recurring,1,1,0,0
src/lib/refreshFeatureStores.ts,new,28,-,0,-
src/lib/useDebouncedValue.ts,new,13,-,0,-
src/lib/queryKeys/constKeys.ts,new,9,-,0,-
src/lib/queryKeys/emailKeys.ts,new,4,-,0,-
src/lib/queryKeys/finishedPlanKeys.ts,new,11,-,0,-
src/lib/queryKeys/flightPlanKeys.ts,new,18,-,0,-
src/lib/queryKeys/geometryKeys.ts,new,3,-,0,-
src/lib/queryKeys/pointKeys.ts,new,7,-,0,-
src/lib/queryKeys/templateFlightKeys.ts,new,5,-,0,-
src/utils/useCreateData.ts,recurring,1,85,0,21.88
src/utils/useDebouncedValue.ts,recurring,1,13,0,0
src/utils/useDeleteData.ts,recurring,1,68,0,0
src/utils/useUpdateData.ts,recurring,2,70,0,27.45
src/utils/apiMutation/mutationError.ts,new,1,-,0,-
src/utils/apiMutation/useApiMutation.ts,new,1,-,0,-
public/index.html,removed,-,21,-,33.33
