Description,Severity,Status,First Seen,Issue age,Unit,File,Technology,Lines of code,McCabe complexity,Number of parameters
83 lines of code for unit nnederlandLayerSpecsPart3.ts,HIGH,RAW,2026-07-13,4,nnederlandLayerSpecsPart3.ts,src/Components/HomePage/Body/Left/Common/KaartLegend/LayersList/NNederland/nnederlandLayerSpecsPart3.ts#L1:88,TypeScript,83,1,0
79 lines of code for unit nnederlandLayerSpecsPart2.ts,HIGH,RAW,2026-07-13,4,nnederlandLayerSpecsPart2.ts,src/Components/HomePage/Body/Left/Common/KaartLegend/LayersList/NNederland/nnederlandLayerSpecsPart2.ts#L1:84,TypeScript,79,1,0
78 lines of code for unit nnederlandLayerSpecsPart1.ts,HIGH,RAW,2026-07-13,4,nnederlandLayerSpecsPart1.ts,src/Components/HomePage/Body/Left/Common/KaartLegend/LayersList/NNederland/nnederlandLayerSpecsPart1.ts#L1:83,TypeScript,78,1,0
63 lines of code for unit voorbereidingTabs.ts,HIGH,RAW,2026-07-04,13,voorbereidingTabs.ts,src/Components/HomePage/Head/headTabDefinitions/voorbereidingTabs.ts#L1:74,TypeScript,63,1,0
60 lines of code for unit EditPointCoordinateValues.useEditPointCoordinateInputs(FinishedPointType|null),MEDIUM,RAW,2026-07-04,13,EditPointCoordinateValues.useEditPointCoordinateInputs(FinishedPointType|null),src/Components/HomePage/Body/Left/Nabewerking/VluchtenZoeken/Steps/Step2/Actions/Waarnemingen/EditPointDetails/Actions/EditPointCoordinates/useEditPointCoordinateInputs.ts#L15:87,TypeScript,60,13,1
59 lines of code for unit dockerfile,MEDIUM,RAW,2026-06-04,43,dockerfile,backend/dockerfile#L1:86,Docker,59,-,-
58 lines of code for unit onSuccess(any),MEDIUM,RAW,2026-07-13,4,onSuccess(any),src/Components/HomePage/Body/Left/Voorbereiding/ViewPlan/Steps/EditPoint/Buttons/RemovePoint.tsx#L48:115,TypeScript,58,1,1
58 lines of code for unit arcgisTokenConfig.ts.resolveArcgisTokenConfig(ArcgisTokenConfig),MEDIUM,RAW,2026-06-30,17,arcgisTokenConfig.ts.resolveArcgisTokenConfig(ArcgisTokenConfig),backend/src/services/arcgisTokenConfig.ts#L7:71,TypeScript,58,12,1
58 lines of code for unit handleStep2(),MEDIUM,RAW,2026-06-04,43,handleStep2(),src/Components/HomePage/Body/Left/Nabewerking/CreateReport/helpers/useHandleStep2/index.ts#L46:111,TypeScript,58,5,0
57 lines of code for unit queryKeys.ts,MEDIUM,RAW,2026-06-04,43,queryKeys.ts,src/lib/queryKeys.ts#L1:63,TypeScript,57,1,0
"57 lines of code for unit attachments.ts.safeFetchPointAttachments(string,FinishedPointType)",MEDIUM,RAW,2026-06-04,43,"attachments.ts.safeFetchPointAttachments(string,FinishedPointType)",src/Components/HomePage/Body/Left/Nabewerking/CreateReport/helpers/useHandleStep2/attachments.ts#L51:121,TypeScript,57,11,2
57 lines of code for unit buildFlightPlanQuery.ts.buildFlightPlanQuery(BuildFlightPlanQueryOptions),MEDIUM,RAW,2026-06-30,17,buildFlightPlanQuery.ts.buildFlightPlanQuery(BuildFlightPlanQueryOptions),backend/src/helpers/queries/flight-plans/buildFlightPlanQuery.ts#L26:89,TypeScript,57,9,1
56 lines of code for unit useTimesliderImagePageData.ts.useTimesliderImagePageData(),MEDIUM,RAW,2026-06-04,43,useTimesliderImagePageData.ts.useTimesliderImagePageData(),src/Components/TimesliderItemDetailPage/useTimesliderImagePageData.ts#L11:73,TypeScript,56,1,0
56 lines of code for unit setupClickListener.ts.setupClickListener(SetupClickListenerInput),MEDIUM,RAW,2026-07-04,13,setupClickListener.ts.setupClickListener(SetupClickListenerInput),src/hooks/popUpModal/setupClickListener.ts#L15:81,TypeScript,56,11,1
56 lines of code for unit verify-regio-apis.ts.testResolveRegioFilter(),MEDIUM,RAW,2026-06-10,37,verify-regio-apis.ts.testResolveRegioFilter(),backend/scripts/verify-regio-apis.ts#L56:114,TypeScript,56,5,0
55 lines of code for unit installers.ts,MEDIUM,RAW,2026-06-04,43,installers.ts,backend/src/routes/installers.ts#L1:79,TypeScript,55,6,0
55 lines of code for unit index.tsx.Main(),MEDIUM,RAW,2026-06-04,43,index.tsx.Main(),src/Components/HomePage/Body/Left/Tools/AandachtspuntenVerwijderen/Actions/Main/index.tsx#L13:98,TypeScript,55,8,0
54 lines of code for unit createSessionMiddleware.ts.createSessionMiddleware(),MEDIUM,RAW,2026-07-13,4,createSessionMiddleware.ts.createSessionMiddleware(),backend/src/helpers/session/createSessionMiddleware.ts#L32:89,TypeScript,54,5,0
54 lines of code for unit exportFlightPath(),MEDIUM,RAW,2026-06-04,43,exportFlightPath(),src/Components/HomePage/Body/Left/Nabewerking/VluchtenZoeken/Steps/Step2/Actions/VliegrouteExporteren/index.tsx#L37:100,TypeScript,54,6,0
54 lines of code for unit index.tsx.MapViewComp(any),MEDIUM,RAW,2026-06-04,43,index.tsx.MapViewComp(any),src/Components/HomePage/Body/MapViewComp/index.tsx#L22:58,TypeScript,54,6,1
53 lines of code for unit Form.tsx.Form(),MEDIUM,RAW,2026-06-04,43,Form.tsx.Form(),src/Components/HomePage/Body/Left/Tools/AandachtspuntenVerwijderen/Actions/EditPointDetails/Steps/Step1/Form.tsx#L10:76,TypeScript,53,2,0
52 lines of code for unit arcgisTokenFetch.ts.fetchArcgisAdminTokenOnce(ResolvedArcgisTokenConfig),MEDIUM,RAW,2026-07-04,13,arcgisTokenFetch.ts.fetchArcgisAdminTokenOnce(ResolvedArcgisTokenConfig),backend/src/services/arcgisTokenFetch.ts#L85:143,TypeScript,52,8,1
52 lines of code for unit index.tsx.TimesliderItemDetailPage(),MEDIUM,RAW,2026-06-04,43,index.tsx.TimesliderItemDetailPage(),src/Components/TimesliderItemDetailPage/index.tsx#L12:108,TypeScript,52,16,0
"52 lines of code for unit createPointFromImport.ts.createPointFromImport(Request,Response)",MEDIUM,RAW,2026-06-04,43,"createPointFromImport.ts.createPointFromImport(Request,Response)",backend/src/routes/points/createPointFromImport.ts#L12:70,TypeScript,52,7,2
51 lines of code for unit initPolygonDrawer(),MEDIUM,RAW,2026-06-04,43,initPolygonDrawer(),src/Components/HomePage/Body/Left/Voorbereiding/SelectedPoint/AddToPlan/index.tsx#L115:180,TypeScript,51,10,0
"51 lines of code for unit deleteGeometry.ts.deleteGeometry(Request,Response)",MEDIUM,RAW,2026-06-04,43,"deleteGeometry.ts.deleteGeometry(Request,Response)",backend/src/routes/geometries/deleteGeometry.ts#L10:71,TypeScript,51,8,2
50 lines of code for unit timesliderPlanImages.ts.fetchTimesliderPlanImages(FetchTimesliderPlanImagesInput),MEDIUM,RAW,2026-07-01,16,timesliderPlanImages.ts.fetchTimesliderPlanImages(FetchTimesliderPlanImagesInput),backend/src/helpers/queries/timeslider/timesliderPlanImages.ts#L92:150,TypeScript,50,5,1
50 lines of code for unit getRedisClient.ts.getRedisClient(),MEDIUM,RAW,2026-07-13,4,getRedisClient.ts.getRedisClient(),backend/src/helpers/redis/getRedisClient.ts#L36:89,TypeScript,50,6,0
50 lines of code for unit usePointsViewController.ts.usePointsViewController(number),MEDIUM,RAW,2026-07-13,4,usePointsViewController.ts.usePointsViewController(number),src/Components/HomePage/Body/Bottom/PointsView/usePointsViewController.ts#L11:65,TypeScript,50,1,1
49 lines of code for unit overigLayerSpecs.tsx.createOverigLayerSpecs(),MEDIUM,RAW,2026-07-14,3,overigLayerSpecs.tsx.createOverigLayerSpecs(),src/Components/HomePage/Body/Left/Common/KaartLegend/LayersList/Overig/overigLayerSpecs.tsx#L7:55,TypeScript,49,1,0
49 lines of code for unit handleCopyLink(),MEDIUM,RAW,2026-06-04,43,handleCopyLink(),src/Components/HomePage/Body/Left/Nabewerking/CreateReport/Steps/Step3/hooks/useCopyLink.ts#L18:74,TypeScript,49,10,0
49 lines of code for unit Step2Sub1.tsx.Step2Sub1(EditPointMapStepProps),MEDIUM,RAW,2026-07-14,3,Step2Sub1.tsx.Step2Sub1(EditPointMapStepProps),src/Components/HomePage/Body/Left/Tools/AandachtspuntenVerwijderen/Actions/EditPointDetails/Steps/Step2/Step2Sub1.tsx#L8:25,TypeScript,49,1,1
49 lines of code for unit Form.tsx.Form(),MEDIUM,RAW,2026-06-04,43,Form.tsx.Form(),src/Components/HomePage/Body/Left/Voorbereiding/ViewPlan/Steps/DuplicateFlightPlan/Step2/Form.tsx#L12:83,TypeScript,49,3,0
48 lines of code for unit useTimesliderRange.ts.useTimesliderRange(string|undefined),MEDIUM,RAW,2026-07-04,13,useTimesliderRange.ts.useTimesliderRange(string|undefined),src/Components/HomePage/Head/timeslider/useTimesliderRange.ts#L20:76,TypeScript,48,1,1
48 lines of code for unit handleUpdate(),MEDIUM,RAW,2026-06-04,43,handleUpdate(),src/Components/HomePage/Body/Left/Nabewerking/VluchtenZoeken/Steps/Step2/Actions/Waarnemingen/EditGeometryDetails/Actions/Form/index.tsx#L43:98,TypeScript,48,8,0
48 lines of code for unit buildFinishedPlanQuery.ts.buildFinishedPlansWithPointsQuery(BuildFinishedPlansQueryOptions),MEDIUM,RAW,2026-06-30,17,buildFinishedPlanQuery.ts.buildFinishedPlansWithPointsQuery(BuildFinishedPlansQueryOptions),backend/src/helpers/queries/finished-plans/buildFinishedPlanQuery.ts#L27:84,TypeScript,48,4,1
"48 lines of code for unit uploadAttachmentForPoint(number,any)",MEDIUM,RAW,2026-06-06,41,"uploadAttachmentForPoint(number,any)",src/Components/HomePage/Body/Left/Nabewerking/VluchtenZoeken/Steps/Step2/Actions/Waarnemingen/common/Foto/useUploadAttachmentForPoint.ts#L12:81,TypeScript,48,5,2
"47 lines of code for unit useLegendLayers.ts.useLegendLayers(LegendLayerDefinition[],UseLegendLayersOptions)",MEDIUM,RAW,2026-06-10,37,"useLegendLayers.ts.useLegendLayers(LegendLayerDefinition[],UseLegendLayersOptions)",src/Components/HomePage/Body/Left/Common/KaartLegend/LayersList/helpers/useLegendLayers.ts#L37:96,TypeScript,47,6,2
"46 lines of code for unit loginUser.ts.loginUser(Request,Response)",MEDIUM,RAW,2026-06-04,43,"loginUser.ts.loginUser(Request,Response)",backend/src/routes/auth/loginUser.ts#L15:67,TypeScript,46,7,2
46 lines of code for unit Data.tsx.Data(any),MEDIUM,RAW,2026-06-04,43,Data.tsx.Data(any),src/Components/HomePage/Body/Bottom/PointsView/FlightPlansTable/Data.tsx#L7:78,TypeScript,46,7,1
"46 lines of code for unit getSingleGeometry.ts.getSingleGeometry(Request,Response)",MEDIUM,RAW,2026-06-04,43,"getSingleGeometry.ts.getSingleGeometry(Request,Response)",backend/src/routes/geometries/getSingleGeometry.ts#L4:60,TypeScript,46,5,2
46 lines of code for unit BasemapsList.tsx.BasemapsList(any),MEDIUM,RAW,2026-06-04,43,BasemapsList.tsx.BasemapsList(any),src/Components/HomePage/Body/Left/Common/KaartLegend/BasemapsList.tsx#L12:53,TypeScript,46,3,1
46 lines of code for unit swagger.ts,MEDIUM,RAW,2026-06-04,43,swagger.ts,backend/src/routes/swagger.ts#L1:52,TypeScript,46,2,0
"45 lines of code for unit sendEmail.ts.RequestHandler(any,any)",MEDIUM,RAW,2026-06-04,43,"sendEmail.ts.RequestHandler(any,any)",backend/src/routes/emails/sendEmail.ts#L21:75,TypeScript,45,8,2
45 lines of code for unit useEnrichedAddPointMapClick.ts.useEnrichedAddPointMapClick(any),MEDIUM,RAW,2026-07-04,13,useEnrichedAddPointMapClick.ts.useEnrichedAddPointMapClick(any),src/Components/HomePage/Body/Left/Voorbereiding/EnrichedAddPoint/useEnrichedAddPointMapClick.ts#L12:78,TypeScript,45,9,1
45 lines of code for unit Step1.tsx.Step1(any),MEDIUM,RAW,2026-06-10,37,Step1.tsx.Step1(any),src/Components/HomePage/Body/Left/Voorbereiding/SelectedPoint/AddToPlan/Step1.tsx#L6:63,TypeScript,45,3,1
45 lines of code for unit buildGeometryPointsFromDrawn.ts.buildGeometryPointsFromDrawn(any),MEDIUM,RAW,2026-07-04,13,buildGeometryPointsFromDrawn.ts.buildGeometryPointsFromDrawn(any),src/Components/HomePage/Body/Left/Voorbereiding/DrawingTool/helpers/buildGeometryPointsFromDrawn.ts#L50:109,TypeScript,45,4,1
"45 lines of code for unit getFlightPlansByPoint.ts.getFlightPlansByPoint(Request,Response)",MEDIUM,RAW,2026-06-04,43,"getFlightPlansByPoint.ts.getFlightPlansByPoint(Request,Response)",backend/src/routes/points/getFlightPlansByPoint.ts#L4:55,TypeScript,45,4,2
44 lines of code for unit useSelectFromSourceData.ts.useSelectFromSourceData(Source),MEDIUM,RAW,2026-07-13,4,useSelectFromSourceData.ts.useSelectFromSourceData(Source),src/Components/HomePage/Body/Left/Voorbereiding/ViewPlan/Steps/AddPointsFromPlan/SelectFromSource/useSelectFromSourceData.ts#L16:65,TypeScript,44,6,1
44 lines of code for unit reportZipHelpers.ts.preloadReportAttachments(any),MEDIUM,RAW,2026-07-04,13,reportZipHelpers.ts.preloadReportAttachments(any),src/Components/HomePage/Body/Left/Nabewerking/CreateReport/helpers/useHandleStep2/reportZipHelpers.ts#L13:64,TypeScript,44,6,1
44 lines of code for unit SelectedTab.tsx.SelectedTab(),MEDIUM,RAW,2026-06-04,43,SelectedTab.tsx.SelectedTab(),src/Components/HomePage/Body/Left/Common/BottomTabs/SelectedTab.tsx#L14:67,TypeScript,44,3,0
44 lines of code for unit useEditPointMapEffects.ts.useEditPointMapClick(any),MEDIUM,RAW,2026-07-04,13,useEditPointMapEffects.ts.useEditPointMapClick(any),src/Components/HomePage/Body/Left/Nabewerking/VluchtenZoeken/Steps/Step2/Actions/Waarnemingen/EditPointDetails/Actions/EditPointCoordinates/useEditPointMapEffects.ts#L11:68,TypeScript,44,5,1
44 lines of code for unit index.tsx.RemoveFlightPlan(),MEDIUM,RAW,2026-06-04,43,index.tsx.RemoveFlightPlan(),src/Components/HomePage/Body/Left/Voorbereiding/RemoveFlightPlan/index.tsx#L17:39,TypeScript,44,7,0
44 lines of code for unit buildPathFeatureLayer.ts.buildPathFeatureLayer(any),MEDIUM,RAW,2026-07-04,13,buildPathFeatureLayer.ts.buildPathFeatureLayer(any),src/hooks/hover-click-handlers/buildPathFeatureLayer.ts#L8:55,TypeScript,44,1,1
44 lines of code for unit pointColumnKeys.ts,MEDIUM,RAW,2026-06-29,18,pointColumnKeys.ts,src/helpers/points/pointColumnKeys.ts#L1:46,TypeScript,44,1,0
43 lines of code for unit index.tsx.Waarnemingen(any),MEDIUM,RAW,2026-06-04,43,index.tsx.Waarnemingen(any),src/Components/HomePage/Body/Left/Nabewerking/VluchtenZoeken/Steps/Step2/Actions/Waarnemingen/index.tsx#L15:134,TypeScript,43,5,1
43 lines of code for unit useEditPointCoordinates.ts.useEditPointCoordinates(void),MEDIUM,RAW,2026-07-04,13,useEditPointCoordinates.ts.useEditPointCoordinates(void),src/Components/HomePage/Body/Left/Nabewerking/VluchtenZoeken/Steps/Step2/Actions/Waarnemingen/EditPointDetails/Actions/EditPointCoordinates/useEditPointCoordinates.ts#L8:54,TypeScript,43,1,1
"43 lines of code for unit selectedPlansPointsList.ts.drawGeometryHoverSkyBlue(__esri.GraphicsLayer,FinishedGeometryType)",MEDIUM,RAW,2026-06-04,43,"selectedPlansPointsList.ts.drawGeometryHoverSkyBlue(__esri.GraphicsLayer,FinishedGeometryType)",src/helpers/timeslider/selectedPlansPointsList.ts#L168:217,TypeScript,43,6,2
43 lines of code for unit mapViewState.ts,MEDIUM,RAW,2026-06-04,43,mapViewState.ts,src/helpers/ZustandStates/mapViewState.ts#L1:114,TypeScript,43,1,0
42 lines of code for unit geometryGraphicSymbols.ts,MEDIUM,RAW,2026-07-17,0,geometryGraphicSymbols.ts,src/helpers/ArcGISHelpers/geometryGraphicSymbols.ts#L1:49,TypeScript,42,1,0
42 lines of code for unit regionCoordintaes.ts,MEDIUM,RAW,2026-06-04,43,regionCoordintaes.ts,src/constants/regionCoordintaes.ts#L1:42,TypeScript,42,1,0
42 lines of code for unit NotLoggedInWarning.tsx.NotLoggedInWarning(),MEDIUM,RAW,2026-06-04,43,NotLoggedInWarning.tsx.NotLoggedInWarning(),src/Components/HomePage/Body/Common/NotLoggedInWarning.tsx#L12:23,TypeScript,42,6,0
"42 lines of code for unit deletePoint.ts.deletePoint(Request,Response)",MEDIUM,RAW,2026-06-04,43,"deletePoint.ts.deletePoint(Request,Response)",backend/src/routes/points/deletePoint.ts#L10:59,TypeScript,42,6,2
"41 lines of code for unit timesliderHighlightGraphics.ts.addPlanGeometryHighlights(__esri.GraphicsLayer,FinishedFlightPlanType)",MEDIUM,RAW,2026-07-13,4,"timesliderHighlightGraphics.ts.addPlanGeometryHighlights(__esri.GraphicsLayer,FinishedFlightPlanType)",src/helpers/timeslider/timesliderHighlightGraphics.ts#L63:110,TypeScript,41,8,2
41 lines of code for unit useViewPlanStepMap.ts.useViewPlanStepMap(any),MEDIUM,RAW,2026-07-15,2,useViewPlanStepMap.ts.useViewPlanStepMap(any),src/Components/HomePage/Body/Left/Voorbereiding/ViewPlan/Steps/Step2/useViewPlanStepMap.ts#L24:71,TypeScript,41,10,1
"41 lines of code for unit updateGeometry.ts.updateGeometry(Request,Response)",MEDIUM,RAW,2026-06-04,43,"updateGeometry.ts.updateGeometry(Request,Response)",backend/src/routes/geometries/updateGeometry.ts#L5:51,TypeScript,41,5,2
41 lines of code for unit index.tsx.EditForm(any),MEDIUM,RAW,2026-06-04,43,index.tsx.EditForm(any),src/Components/HomePage/Body/Left/Tools/EditGeometry/EditForm/index.tsx#L25:82,TypeScript,41,3,1
41 lines of code for unit handleSubmit(React.FormEvent),MEDIUM,RAW,2026-06-04,43,handleSubmit(React.FormEvent),src/Components/DashboardPage/ResetPassword/index.tsx#L22:72,TypeScript,41,7,1
"41 lines of code for unit createTemplateFlightPlan.ts.createTemplateFlightPlan(Request,Response)",MEDIUM,RAW,2026-06-04,43,"createTemplateFlightPlan.ts.createTemplateFlightPlan(Request,Response)",backend/src/routes/template_plans/createTemplateFlightPlan.ts#L9:56,TypeScript,41,5,2
"41 lines of code for unit updateFinishedPointAttachments.ts.updateFinishedPointAttachments(Request,Response)",MEDIUM,RAW,2026-06-04,43,"updateFinishedPointAttachments.ts.updateFinishedPointAttachments(Request,Response)",backend/src/routes/finished_plans/updateFinishedPointAttachments.ts#L13:62,TypeScript,41,6,2
"40 lines of code for unit createFinishedPlan.ts.createFinishedPlan(Request,Response)",MEDIUM,RAW,2026-06-04,43,"createFinishedPlan.ts.createFinishedPlan(Request,Response)",backend/src/routes/finished_plans/createFinishedPlan.ts#L29:73,TypeScript,40,5,2
40 lines of code for unit index.tsx.AddPointStep(),MEDIUM,RAW,2026-06-04,43,index.tsx.AddPointStep(),src/Components/HomePage/Body/Left/Voorbereiding/ViewPlan/Steps/AddPointStep/index.tsx#L16:56,TypeScript,40,1,0
40 lines of code for unit authRateLimit.ts.createAuth2RateLimiters(),MEDIUM,RAW,2026-07-13,4,authRateLimit.ts.createAuth2RateLimiters(),backend/src/routes/auth2/authRateLimit.ts#L81:99,TypeScript,40,4,0
40 lines of code for unit useRenderPlanGeometries.ts.useRenderPlanGeometries(),MEDIUM,RAW,2026-06-04,43,useRenderPlanGeometries.ts.useRenderPlanGeometries(),src/Components/HomePage/Body/Left/Nabewerking/VluchtenZoeken/hooks/useRenderPlanGeometries.ts#L15:62,TypeScript,40,15,0
40 lines of code for unit updateFinishedPointAttachmentsTx.ts,MEDIUM,RAW,2026-07-04,13,updateFinishedPointAttachmentsTx.ts,backend/src/helpers/queries/finished-plans/updateFinishedPointAttachmentsTx.ts#L1:59,TypeScript,40,4,0
"39 lines of code for unit verifyCredentialsHandler.ts.RequestHandler(any,any)",MEDIUM,RAW,2026-07-13,4,"verifyCredentialsHandler.ts.RequestHandler(any,any)",backend/src/routes/auth2/verifyCredentialsHandler.ts#L11:50,TypeScript,39,8,2
39 lines of code for unit toolsTabs.ts,MEDIUM,RAW,2026-07-04,13,toolsTabs.ts,src/Components/HomePage/Head/headTabDefinitions/toolsTabs.ts#L1:47,TypeScript,39,1,0
39 lines of code for unit useMapHoverHighlight.ts.useMapHoverHighlight(),MEDIUM,RAW,2026-07-04,13,useMapHoverHighlight.ts.useMapHoverHighlight(),src/Components/HomePage/Body/MapViewComp/useMapHoverHighlight.ts#L7:51,TypeScript,39,2,0
39 lines of code for unit planBoundingBoxTypes.ts,MEDIUM,RAW,2026-07-17,0,planBoundingBoxTypes.ts,src/helpers/ArcGISHelpers/planBoundingBoxTypes.ts#L24:63,TypeScript,39,1,0
39 lines of code for unit selectedPlansPointsList.ts.drawHoverPin(any),MEDIUM,RAW,2026-07-13,4,selectedPlansPointsList.ts.drawHoverPin(any),src/helpers/timeslider/selectedPlansPointsList.ts#L120:166,TypeScript,39,1,1
39 lines of code for unit reportGenerationPipeline.ts.runReportGenerationPipeline(ReportGenerationPipelineInput),MEDIUM,RAW,2026-07-13,4,reportGenerationPipeline.ts.runReportGenerationPipeline(ReportGenerationPipelineInput),src/Components/HomePage/Body/Left/Nabewerking/CreateReport/helpers/useHandleStep2/reportGenerationPipeline.ts#L31:76,TypeScript,39,2,1
39 lines of code for unit useTimesliderFlightPlans.ts.useTimesliderFlightPlans(),MEDIUM,RAW,2026-07-15,2,useTimesliderFlightPlans.ts.useTimesliderFlightPlans(),src/Components/HomePage/Body/Left/TimeSlider/useTimesliderFlightPlans.ts#L15:56,TypeScript,39,10,0
39 lines of code for unit index.tsx.EditGeometry(),MEDIUM,RAW,2026-06-04,43,index.tsx.EditGeometry(),src/Components/HomePage/Body/Left/Tools/EditGeometry/index.tsx#L24:59,TypeScript,39,6,0
39 lines of code for unit Step2Sub1.tsx.Step2Sub1(EditPointMapStepProps),MEDIUM,RAW,2026-07-14,3,Step2Sub1.tsx.Step2Sub1(EditPointMapStepProps),src/Components/HomePage/Body/Left/Voorbereiding/SelectedPoint/EditPointDetails/Steps/Step2/Step2Sub1.tsx#L8:72,TypeScript,39,1,1
38 lines of code for unit buildReportProcessingTasks.ts.buildReportProcessingTasks(BuildReportTasksInput),MEDIUM,RAW,2026-07-13,4,buildReportProcessingTasks.ts.buildReportProcessingTasks(BuildReportTasksInput),src/Components/HomePage/Body/Left/Nabewerking/CreateReport/helpers/useHandleStep2/buildReportProcessingTasks.ts#L23:62,TypeScript,38,1,1
38 lines of code for unit useMapClickToUpdateCoordinates.ts.useMapClickToUpdateCoordinates(any),MEDIUM,RAW,2026-06-04,43,useMapClickToUpdateCoordinates.ts.useMapClickToUpdateCoordinates(any),src/Components/HomePage/Body/Left/Tools/EditGeometry/EditForm/EditGeometryPointPanel/useMapClickToUpdateCoordinates.ts#L8:57,TypeScript,38,7,1
38 lines of code for unit exportMap(),MEDIUM,RAW,2026-06-04,43,exportMap(),src/Components/HomePage/Body/Left/Tools/Exporter/index.tsx#L30:76,TypeScript,38,6,0
38 lines of code for unit onSuccess(),MEDIUM,RAW,2026-07-13,4,onSuccess(),src/Components/HomePage/Body/Left/Voorbereiding/ViewPlan/Steps/AddPointToPlan/helpers/submitAddPointsToPlan.ts#L67:110,TypeScript,38,6,0
38 lines of code for unit handleDirectDownload(),MEDIUM,RAW,2026-06-04,43,handleDirectDownload(),src/Components/HomePage/Body/Left/Nabewerking/CreateReport/Steps/Step3/hooks/useDirectDownload.ts#L17:57,TypeScript,38,6,0
38 lines of code for unit applyAgentReportSql.ts.buildApplyAgentReportQuery(ApplyAgentReportParams),MEDIUM,RAW,2026-07-13,4,applyAgentReportSql.ts.buildApplyAgentReportQuery(ApplyAgentReportParams),backend/src/routes/devices-updates/applyAgentReportSql.ts#L10:51,TypeScript,38,9,1
38 lines of code for unit buildTimesliderPageView.ts.buildTimesliderPageView(BuildTimesliderPageViewInput),MEDIUM,RAW,2026-07-15,2,buildTimesliderPageView.ts.buildTimesliderPageView(BuildTimesliderPageViewInput),src/Components/TimesliderItemDetailPage/buildTimesliderPageView.ts#L31:71,TypeScript,38,13,1
37 lines of code for unit createQuadrantGraphic.ts.createQuadrantGraphic(EnrichedPointType[]),MEDIUM,RAW,2026-06-04,43,createQuadrantGraphic.ts.createQuadrantGraphic(EnrichedPointType[]),src/Components/HomePage/Body/Left/Voorbereiding/ViewPlan/helpers/createQuadrantGraphic.ts#L6:52,TypeScript,37,5,1
37 lines of code for unit oidc.ts.getOidcClientFor(any),MEDIUM,RAW,2026-06-04,43,oidc.ts.getOidcClientFor(any),backend/src/routes/auth/oidc.ts#L80:127,TypeScript,37,9,1
37 lines of code for unit index.tsx.AddToPlan(),MEDIUM,RAW,2026-06-04,43,index.tsx.AddToPlan(),src/Components/HomePage/Body/Left/Voorbereiding/SelectedPoint/AddToPlan/index.tsx#L26:43,TypeScript,37,4,0
"37 lines of code for unit useAddPointToPlanMapEffects.ts.useAddPointToPlanPins(number[],EnrichedPointType[])",MEDIUM,RAW,2026-07-04,13,"useAddPointToPlanMapEffects.ts.useAddPointToPlanPins(number[],EnrichedPointType[])",src/Components/HomePage/Body/Left/Voorbereiding/ViewPlan/Steps/AddPointToPlan/useAddPointToPlanMapEffects.ts#L24:70,TypeScript,37,6,2
37 lines of code for unit ArcGISUserToken.ts,MEDIUM,RAW,2026-06-04,43,ArcGISUserToken.ts,src/helpers/tokens/ArcGISUserToken.ts#L1:56,TypeScript,37,4,0
37 lines of code for unit graphicPosition(),MEDIUM,RAW,2026-06-04,43,graphicPosition(),src/Components/HomePage/Body/Left/Voorbereiding/EnrichedAddPoint/Steps/Step2/NextBtn.tsx#L32:79,TypeScript,37,7,0
37 lines of code for unit useDeletePointMapClick.ts.useDeletePointMapClick(any),MEDIUM,RAW,2026-07-04,13,useDeletePointMapClick.ts.useDeletePointMapClick(any),src/Components/HomePage/Body/Left/Tools/AandachtspuntenVerwijderen/Actions/EditPointDetails/Steps/Step2/useDeletePointMapClick.ts#L18:67,TypeScript,37,11,1
37 lines of code for unit popUpState.ts,MEDIUM,RAW,2026-06-04,43,popUpState.ts,src/helpers/ZustandStates/popUpState.ts#L1:72,TypeScript,37,1,0
37 lines of code for unit server.ts,MEDIUM,RAW,2026-06-04,43,server.ts,backend/src/server.ts#L1:41,TypeScript,37,7,0
37 lines of code for unit GeometriesList.tsx.GeometriesList(any),MEDIUM,RAW,2026-06-04,43,GeometriesList.tsx.GeometriesList(any),src/Components/HomePage/Body/Left/Voorbereiding/FlightPlan/Common/GeometriesList.tsx#L15:55,TypeScript,37,2,1
37 lines of code for unit useTimesliderPlansFetch.ts.useTimesliderPlansFetch(any),MEDIUM,RAW,2026-07-04,13,useTimesliderPlansFetch.ts.useTimesliderPlansFetch(any),src/Components/TimesliderItemDetailPage/useTimesliderPlansFetch.ts#L7:53,TypeScript,37,7,1
36 lines of code for unit syncBluePointGraphics.ts,MEDIUM,RAW,2026-07-17,0,syncBluePointGraphics.ts,src/helpers/ArcGISHelpers/syncBluePointGraphics.ts#L1:13,TypeScript,36,8,0
36 lines of code for unit handleBuffer(),MEDIUM,RAW,2026-06-04,43,handleBuffer(),src/Components/HomePage/Body/Left/Common/ResultTab/PointListBuffer.tsx#L24:67,TypeScript,36,2,0
"36 lines of code for unit loginDirectHandler.ts.RequestHandler(any,any)",MEDIUM,RAW,2026-06-04,43,"loginDirectHandler.ts.RequestHandler(any,any)",backend/src/routes/auth/authKeycloak/loginDirectHandler.ts#L7:46,TypeScript,36,7,2
36 lines of code for unit handleClickTab(any),MEDIUM,RAW,2026-06-04,43,handleClickTab(any),src/Components/HomePage/Head/HeadButtonsTools.tsx#L30:73,TypeScript,36,7,1
36 lines of code for unit usePointsViewStateAndRefs.ts.usePointsViewStateAndRefs(),MEDIUM,RAW,2026-07-14,3,usePointsViewStateAndRefs.ts.usePointsViewStateAndRefs(),src/Components/HomePage/Body/Bottom/PointsView/common/hooks/usePointsViewStateAndRefs.ts#L5:43,TypeScript,36,1,0
36 lines of code for unit useCreateReportState.ts,MEDIUM,RAW,2026-06-04,43,useCreateReportState.ts,src/hooks/zustand/nabewerking/useCreateReportState.ts#L1:80,TypeScript,36,1,0
"36 lines of code for unit updateUser.ts.updateUser(Request,Response)",MEDIUM,RAW,2026-06-04,43,"updateUser.ts.updateUser(Request,Response)",backend/src/routes/users/updateUser.ts#L4:44,TypeScript,36,5,2
36 lines of code for unit loginErrorDecision.ts.resolveLoginErrorDecision(any),MEDIUM,RAW,2026-07-17,0,loginErrorDecision.ts.resolveLoginErrorDecision(any),backend/src/routes/auth2/loginErrorDecision.ts#L58:102,TypeScript,36,9,1
36 lines of code for unit index.tsx.EditPointDetails(),MEDIUM,RAW,2026-06-04,43,index.tsx.EditPointDetails(),src/Components/HomePage/Body/Left/Tools/AandachtspuntenVerwijderen/Actions/EditPointDetails/index.tsx#L11:62,TypeScript,36,2,0
36 lines of code for unit index.tsx.ViewPlan(any),MEDIUM,RAW,2026-06-04,43,index.tsx.ViewPlan(any),src/Components/HomePage/Body/Left/Voorbereiding/ViewPlan/index.tsx#L13:39,TypeScript,36,7,1
"36 lines of code for unit resetPassword.ts.handleResetPassword(Request,Response)",MEDIUM,RAW,2026-06-04,43,"resetPassword.ts.handleResetPassword(Request,Response)",backend/src/routes/keycloak/management/users/resetPassword.ts#L7:50,TypeScript,36,7,2
35 lines of code for unit updateUserRoles.ts.updateUserRoles(UpdateUserRolesInput),MEDIUM,RAW,2026-07-01,16,updateUserRoles.ts.updateUserRoles(UpdateUserRolesInput),backend/src/routes/keycloak/management/users/updateUserRoles.ts#L13:83,TypeScript,35,9,1
35 lines of code for unit configureRequestMiddleware.ts.configureRequestMiddleware(Express),MEDIUM,RAW,2026-07-17,0,configureRequestMiddleware.ts.configureRequestMiddleware(Express),backend/src/configure/configureRequestMiddleware.ts#L19:54,TypeScript,35,1,1
35 lines of code for unit SinglePlan.tsx.SinglePlan(any),MEDIUM,RAW,2026-06-04,43,SinglePlan.tsx.SinglePlan(any),src/Components/HomePage/Body/Left/Nabewerking/CreateReport/Steps/Step1/SinglePlan.tsx#L7:44,TypeScript,35,1,1
35 lines of code for unit ParentItem.tsx.ParentItem(any),MEDIUM,RAW,2026-06-04,43,ParentItem.tsx.ParentItem(any),src/Components/HomePage/Body/Left/Common/KaartLegend/LayersList/Common/ParentItem.tsx#L5:74,TypeScript,35,2,1
35 lines of code for unit ImageGallery.tsx.ImageGallery(any),MEDIUM,RAW,2026-06-04,43,ImageGallery.tsx.ImageGallery(any),src/Components/HomePage/Body/Common/ImageGallery.tsx#L100:128,TypeScript,35,7,1
35 lines of code for unit handleSubmit(),MEDIUM,RAW,2026-06-04,43,handleSubmit(),src/Components/HomePage/Body/Left/Voorbereiding/TemplateFlight/Steps/Step3/Buttons.tsx#L54:88,TypeScript,35,5,0
35 lines of code for unit syncSelectedPlanPathLayer.ts,MEDIUM,RAW,2026-07-17,0,syncSelectedPlanPathLayer.ts,src/hooks/hover-click-handlers/syncSelectedPlanPathLayer.ts#L1:12,TypeScript,35,7,0
35 lines of code for unit selectFromSourceGraphics.ts.buildSubmitSelectedPointsResult(SubmitSelectedPointsInput),MEDIUM,RAW,2026-07-04,13,selectFromSourceGraphics.ts.buildSubmitSelectedPointsResult(SubmitSelectedPointsInput),src/Components/HomePage/Body/Left/Voorbereiding/ViewPlan/Steps/AddPointsFromPlan/SelectFromSource/helpers/selectFromSourceGraphics.ts#L125:165,TypeScript,35,2,1
35 lines of code for unit useBottomCompactListView.ts.useBottomCompactListView(any),MEDIUM,RAW,2026-07-13,4,useBottomCompactListView.ts.useBottomCompactListView(any),src/hooks/bottom/useBottomCompactListView.ts#L12:47,TypeScript,35,1,1
"35 lines of code for unit attachments.ts.fetchAttachmentsForPoint(string,number)",MEDIUM,RAW,2026-06-04,43,"attachments.ts.fetchAttachmentsForPoint(string,number)",src/Components/HomePage/Body/Left/Nabewerking/CreateReport/helpers/useHandleStep2/attachments.ts#L8:49,TypeScript,35,5,2
35 lines of code for unit deleteImage(number),MEDIUM,RAW,2026-06-06,41,deleteImage(number),src/Components/HomePage/Body/Left/Nabewerking/VluchtenZoeken/Steps/Step2/Actions/Waarnemingen/common/Foto/FotoPanel.tsx#L69:105,TypeScript,35,9,1
35 lines of code for unit index.tsx.Points(any),MEDIUM,RAW,2026-06-04,43,index.tsx.Points(any),src/Components/HomePage/Body/Left/Common/SearchedResultsTab/Points/index.tsx#L26:227,TypeScript,35,7,1
"34 lines of code for unit templatePlanHelpers.ts.fetchTemplateFlightPlanList(Request,Response)",MEDIUM,RAW,2026-06-30,17,"templatePlanHelpers.ts.fetchTemplateFlightPlanList(Request,Response)",backend/src/helpers/queries/templates/templatePlanHelpers.ts#L32:73,TypeScript,34,3,2
34 lines of code for unit Buttons.tsx.Step2Buttons(),MEDIUM,RAW,2026-06-04,43,Buttons.tsx.Step2Buttons(),src/Components/HomePage/Body/Left/Nabewerking/CreateReport/Steps/Step2/Buttons.tsx#L11:43,TypeScript,34,1,0
34 lines of code for unit featureLayerLabelGraphics.ts.queryLayerLabelGraphics(__esri.FeatureLayer),MEDIUM,RAW,2026-07-04,13,featureLayerLabelGraphics.ts.queryLayerLabelGraphics(__esri.FeatureLayer),src/hooks/hover-click-handlers/featureLayerLabelGraphics.ts#L5:46,TypeScript,34,6,1
"34 lines of code for unit createAttachment.ts.createAttachment(Request,Response)",MEDIUM,RAW,2026-06-04,43,"createAttachment.ts.createAttachment(Request,Response)",backend/src/routes/finished_plans/createAttachment.ts#L6:46,TypeScript,34,7,2
34 lines of code for unit handleDelete(),MEDIUM,RAW,2026-07-13,4,handleDelete(),src/Components/HomePage/Body/Left/Tools/AandachtspuntenVerwijderen/Actions/Main/Buttons.tsx#L23:62,TypeScript,34,6,0
"34 lines of code for unit loginHandler.ts.RequestHandler(any,any)",MEDIUM,RAW,2026-06-04,43,"loginHandler.ts.RequestHandler(any,any)",backend/src/routes/auth/authKeycloak/loginHandler.ts#L8:52,TypeScript,34,5,2
34 lines of code for unit buildFinishedPlanQuery.ts.buildSingleFinishedFlightPlanQuery(),MEDIUM,RAW,2026-06-30,17,buildFinishedPlanQuery.ts.buildSingleFinishedFlightPlanQuery(),backend/src/helpers/queries/finished-plans/buildFinishedPlanQuery.ts#L186:220,TypeScript,34,1,0
34 lines of code for unit useEditPointMapEffects.ts.useEditPointPreviewGraphics(any),MEDIUM,RAW,2026-07-04,13,useEditPointMapEffects.ts.useEditPointPreviewGraphics(any),src/Components/HomePage/Body/Left/Nabewerking/VluchtenZoeken/Steps/Step2/Actions/Waarnemingen/EditPointDetails/Actions/EditPointCoordinates/useEditPointMapEffects.ts#L70:112,TypeScript,34,7,1
34 lines of code for unit loginFlow.ts.respondToLoginFailure(any),MEDIUM,RAW,2026-07-14,3,loginFlow.ts.respondToLoginFailure(any),backend/src/routes/auth2/loginFlow.ts#L52:91,TypeScript,34,7,1
34 lines of code for unit spoedReportPdf.ts.renderHtmlToPdfBuffer(string),MEDIUM,RAW,2026-06-29,18,spoedReportPdf.ts.renderHtmlToPdfBuffer(string),backend/src/routes/emails/spoedReportPdf.ts#L43:78,TypeScript,34,2,1
34 lines of code for unit uploadZip(),MEDIUM,RAW,2026-06-04,43,uploadZip(),src/Components/HomePage/Body/Left/Nabewerking/CreateReport/Steps/Step3/hooks/useUploadZip.ts#L21:61,TypeScript,34,11,0
"34 lines of code for unit createFlightPlan.ts.createFlightPlan(Request,Response)",MEDIUM,RAW,2026-06-04,43,"createFlightPlan.ts.createFlightPlan(Request,Response)",backend/src/routes/flightPlans/createFlightPlan.ts#L10:48,TypeScript,34,4,2
34 lines of code for unit featureLayerPopupResolve.ts.resolveFeaturePopupData(any),MEDIUM,RAW,2026-07-04,13,featureLayerPopupResolve.ts.resolveFeaturePopupData(any),src/hooks/hover-click-handlers/featureLayerPopupResolve.ts#L24:65,TypeScript,34,7,1
33 lines of code for unit handleUpdate(),MEDIUM,RAW,2026-06-04,43,handleUpdate(),src/Components/HomePage/Body/Left/Nabewerking/VluchtenZoeken/Steps/Step2/Actions/Waarnemingen/EditPointDetails/Actions/Form/index.tsx#L43:68,TypeScript,33,2,0
33 lines of code for unit index.tsx.TabHeader(),MEDIUM,RAW,2026-06-04,43,index.tsx.TabHeader(),src/Components/HomePage/Body/Left/Common/TabHeader/index.tsx#L9:19,TypeScript,33,1,0
33 lines of code for unit navigateToLocation.ts.navigateToLocation(NavigateToLocationInput),MEDIUM,RAW,2026-07-04,13,navigateToLocation.ts.navigateToLocation(NavigateToLocationInput),src/Components/HomePage/Body/Left/Nabewerking/VluchtenZoeken/Steps/Step2/Actions/Waarnemingen/common/Foto/navigateToLocation.ts#L13:52,TypeScript,33,7,1
33 lines of code for unit buildFinishedPlanQuery.ts.buildFinishedFlightPlansListQuery(unknown),MEDIUM,RAW,2026-06-30,17,buildFinishedPlanQuery.ts.buildFinishedFlightPlansListQuery(unknown),backend/src/helpers/queries/finished-plans/buildFinishedPlanQuery.ts#L146:184,TypeScript,33,1,1
33 lines of code for unit StepContent.tsx.StepContent(StepContentProps),MEDIUM,RAW,2026-06-04,43,StepContent.tsx.StepContent(StepContentProps),src/Components/HomePage/Body/Left/Voorbereiding/AddPointsVluchtPlan/Common/StepContent.tsx#L26:98,TypeScript,33,3,1
33 lines of code for unit index.tsx.EnrichedAddPoint(),MEDIUM,RAW,2026-06-04,43,index.tsx.EnrichedAddPoint(),src/Components/HomePage/Body/Left/Voorbereiding/EnrichedAddPoint/index.tsx#L12:44,TypeScript,33,1,0
"33 lines of code for unit keycloakUserLookup.ts.lookupKeycloakUser(Request,string)",MEDIUM,RAW,2026-07-13,4,"keycloakUserLookup.ts.lookupKeycloakUser(Request,string)",backend/src/routes/auth2/keycloakUserLookup.ts#L106:146,TypeScript,33,7,2
33 lines of code for unit patchCoords(any),MEDIUM,RAW,2026-06-10,37,patchCoords(any),src/Components/HomePage/Body/Left/Voorbereiding/SelectedPoint/EditPointDetails/Steps/Step2/Step2Sub2.tsx#L42:76,TypeScript,33,11,1
33 lines of code for unit onSuccess(any),MEDIUM,RAW,2026-07-13,4,onSuccess(any),src/Components/HomePage/Body/Left/Nabewerking/VluchtenZoeken/Steps/Step2/Actions/Waarnemingen/common/Foto/CreateImageBtn.tsx#L96:133,TypeScript,33,4,1
"33 lines of code for unit grantHelpers.ts.classifyStep2OtpLoginFailure(unknown,ClassifyStep2DebugContext)",MEDIUM,RAW,2026-07-13,4,"grantHelpers.ts.classifyStep2OtpLoginFailure(unknown,ClassifyStep2DebugContext)",backend/src/routes/auth2/grantHelpers.ts#L145:185,TypeScript,33,11,2
33 lines of code for unit FetchFlightPlanListInput.fetchFlightPlanList(FetchFlightPlanListInput),MEDIUM,RAW,2026-07-14,3,FetchFlightPlanListInput.fetchFlightPlanList(FetchFlightPlanListInput),backend/src/helpers/queries/flight-plans/fetchFlightPlanList.ts#L31:70,TypeScript,33,7,1
33 lines of code for unit BuildTimesliderPlanImagesQueryOptions.buildTimesliderPlanImagesQuery(BuildTimesliderPlanImagesQueryOptions),MEDIUM,RAW,2026-06-30,17,BuildTimesliderPlanImagesQueryOptions.buildTimesliderPlanImagesQuery(BuildTimesliderPlanImagesQueryOptions),backend/src/helpers/queries/timeslider/timesliderPlanImages.ts#L22:58,TypeScript,33,3,1
33 lines of code for unit PointsList.tsx.PointsList(),MEDIUM,RAW,2026-06-04,43,PointsList.tsx.PointsList(),src/Components/HomePage/Body/Bottom/ClickedTableFunctions/PointsList.tsx#L19:27,TypeScript,33,1,0
32 lines of code for unit BasemapWidget.tsx.BasemapWidget(),MEDIUM,RAW,2026-06-04,43,BasemapWidget.tsx.BasemapWidget(),src/Components/HomePage/Body/MapViewComp/BasemapWidget.tsx#L6:24,TypeScript,32,7,0
32 lines of code for unit buildImageMarkerGraphics.ts.createNumberedMarkerPair(any),MEDIUM,RAW,2026-07-15,2,buildImageMarkerGraphics.ts.createNumberedMarkerPair(any),src/Components/HomePage/Body/Left/Nabewerking/VluchtenZoeken/Steps/Step2/Actions/Waarnemingen/common/Foto/buildImageMarkerGraphics.ts#L69:105,TypeScript,32,1,1
32 lines of code for unit useAddPointStepMapClick.ts.useAddPointStepMapClick(any),MEDIUM,RAW,2026-07-13,4,useAddPointStepMapClick.ts.useAddPointStepMapClick(any),src/Components/HomePage/Body/Left/Voorbereiding/ViewPlan/Steps/AddPointStep/useAddPointStepMapClick.ts#L6:55,TypeScript,32,8,1
32 lines of code for unit usePathPointHandlerClick.ts.usePathPointHandlerClick(),MEDIUM,RAW,2026-06-04,43,usePathPointHandlerClick.ts.usePathPointHandlerClick(),src/hooks/hover-click-handlers/usePathPointHandlerClick.ts#L14:55,TypeScript,32,9,0
32 lines of code for unit SingleGeometry.tsx.SingleGeometry(any),MEDIUM,RAW,2026-06-04,43,SingleGeometry.tsx.SingleGeometry(any),src/Components/HomePage/Body/Left/Nabewerking/VluchtenZoeken/Steps/Step2/Actions/Waarnemingen/SingleGeometry.tsx#L8:82,TypeScript,32,5,1
32 lines of code for unit useEditPointCoordinateEffects.ts.useEditPointCoordinateEffects(any),MEDIUM,RAW,2026-07-13,4,useEditPointCoordinateEffects.ts.useEditPointCoordinateEffects(any),src/Components/HomePage/Body/Left/Nabewerking/VluchtenZoeken/Steps/Step2/Actions/Waarnemingen/EditPointDetails/Actions/EditPointCoordinates/useEditPointCoordinateEffects.ts#L10:62,TypeScript,32,1,1
32 lines of code for unit handleSubmit(React.FormEvent),MEDIUM,RAW,2026-06-04,43,handleSubmit(React.FormEvent),src/Components/DashboardPage/EditUser/index.tsx#L44:82,TypeScript,32,7,1
32 lines of code for unit handleSubmit(React.FormEvent),MEDIUM,RAW,2026-06-04,43,handleSubmit(React.FormEvent),src/Components/DashboardPage/AddUser/index.tsx#L31:70,TypeScript,32,6,1
32 lines of code for unit syncAttachmentsInPlan.ts.syncGeometryAttachmentsInPlan(any),MEDIUM,RAW,2026-07-13,4,syncAttachmentsInPlan.ts.syncGeometryAttachmentsInPlan(any),src/Components/HomePage/Body/Left/Nabewerking/VluchtenZoeken/Steps/Step2/Actions/Waarnemingen/common/Foto/syncAttachmentsInPlan.ts#L31:75,TypeScript,32,5,1
32 lines of code for unit ReadOnlyVanTotRange.tsx.ReadOnlyVanTotRange(Props),MEDIUM,RAW,2026-06-04,43,ReadOnlyVanTotRange.tsx.ReadOnlyVanTotRange(Props),src/Components/TimesliderItemDetailPage/sections/ReadOnlyVanTotRange.tsx#L22:80,TypeScript,32,5,1
32 lines of code for unit index.tsx.Step1(),MEDIUM,RAW,2026-06-04,43,index.tsx.Step1(),src/Components/HomePage/Body/Left/Voorbereiding/DrawingTool/Step1/index.tsx#L17:42,TypeScript,32,2,0
32 lines of code for unit createSymbols.ts,MEDIUM,RAW,2026-06-04,43,createSymbols.ts,src/helpers/ArcGISHelpers/createSymbols.ts#L1:52,TypeScript,32,1,0
32 lines of code for unit useMapGraphics.ts.useMapGraphics(UseMapGraphicsInput),MEDIUM,RAW,2026-07-04,13,useMapGraphics.ts.useMapGraphics(UseMapGraphicsInput),src/Components/HomePage/Body/Bottom/PointsView/common/hooks/useMapGraphics.ts#L22:53,TypeScript,32,1,1
32 lines of code for unit arcgisTokenFetch.ts.fetchArcgisOAuthTokenOnce(ResolvedArcgisTokenConfig),MEDIUM,RAW,2026-07-04,13,arcgisTokenFetch.ts.fetchArcgisOAuthTokenOnce(ResolvedArcgisTokenConfig),backend/src/services/arcgisTokenFetch.ts#L46:83,TypeScript,32,5,1
31 lines of code for unit FetchClientRoleNamesForUserInput.fetchClientRoleNamesForUser(FetchClientRoleNamesForUserInput),MEDIUM,RAW,2026-07-01,16,FetchClientRoleNamesForUserInput.fetchClientRoleNamesForUser(FetchClientRoleNamesForUserInput),backend/src/routes/keycloak/management/users/keycloakAdminClient.ts#L65:102,TypeScript,31,5,1
31 lines of code for unit index.tsx.FiltersSection(),MEDIUM,RAW,2026-06-04,43,index.tsx.FiltersSection(),src/Components/HomePage/Body/Left/Common/FiltersSection/index.tsx#L14:48,TypeScript,31,3,0
"31 lines of code for unit arcgisRouteHandlers.ts.handleArcgisGetProxy(Request,Response)",MEDIUM,RAW,2026-07-13,4,"arcgisRouteHandlers.ts.handleArcgisGetProxy(Request,Response)",backend/src/routes/arcgis/arcgisRouteHandlers.ts#L18:52,TypeScript,31,7,2
"31 lines of code for unit createGeometry.ts.createGeometry(Request,Response)",MEDIUM,RAW,2026-06-04,43,"createGeometry.ts.createGeometry(Request,Response)",backend/src/routes/geometries/createGeometry.ts#L11:45,TypeScript,31,4,2
31 lines of code for unit db.ts.ensureDevicesUpdatesSchema(),MEDIUM,RAW,2026-06-04,43,db.ts.ensureDevicesUpdatesSchema(),backend/src/routes/devices-updates/db.ts#L14:44,TypeScript,31,3,0
31 lines of code for unit onSuccess(any),MEDIUM,RAW,2026-07-13,4,onSuccess(any),src/Components/HomePage/Body/Left/Nabewerking/VluchtenZoeken/Steps/Step2/Actions/Waarnemingen/EditPointDetails/Actions/EditPointCoordinates/submitPointCoordinates.ts#L56:89,TypeScript,31,7,1
31 lines of code for unit pdfReportAttachments.ts.addImageAttachmentPage(any),MEDIUM,RAW,2026-07-13,4,pdfReportAttachments.ts.addImageAttachmentPage(any),src/Components/HomePage/Body/Left/Nabewerking/CreateReport/helpers/pdfReportAttachments.ts#L47:85,TypeScript,31,4,1
31 lines of code for unit TemplateSelectionStep.tsx.TemplateSelectionStep(TemplateSelectionStepProps),MEDIUM,RAW,2026-07-15,2,TemplateSelectionStep.tsx.TemplateSelectionStep(TemplateSelectionStepProps),src/Components/HomePage/Body/Left/Voorbereiding/TemplateFlight/Steps/TemplateSelectionStep.tsx#L21:86,TypeScript,31,3,1
31 lines of code for unit ensureFreshSession.ts.ensureFreshSession(Request),MEDIUM,RAW,2026-07-13,4,ensureFreshSession.ts.ensureFreshSession(Request),backend/src/helpers/auth/ensureFreshSession.ts#L23:62,TypeScript,31,6,1
"31 lines of code for unit fileDownload.ts.downloadWithPasswordHandler(any,any)",MEDIUM,RAW,2026-06-04,43,"fileDownload.ts.downloadWithPasswordHandler(any,any)",backend/src/routes/fileDownload.ts#L86:94,TypeScript,31,6,2
"31 lines of code for unit createGeometryDb.ts.persistNewGeometry(PoolClient,CreateGeometryBody)",MEDIUM,RAW,2026-07-04,13,"createGeometryDb.ts.persistNewGeometry(PoolClient,CreateGeometryBody)",backend/src/helpers/queries/geometries/createGeometryDb.ts#L17:52,TypeScript,31,3,2
31 lines of code for unit updateGeometryTransaction.ts.runGeometryUpdateTransaction(UpdateGeometryTransactionInput),MEDIUM,RAW,2026-07-04,13,updateGeometryTransaction.ts.runGeometryUpdateTransaction(UpdateGeometryTransactionInput),backend/src/helpers/queries/geometries/updateGeometryTransaction.ts#L15:53,TypeScript,31,6,1
"31 lines of code for unit deleteFlightPlan.ts.deleteFlightPlan(Request,Response)",MEDIUM,RAW,2026-06-04,43,"deleteFlightPlan.ts.deleteFlightPlan(Request,Response)",backend/src/routes/flightPlans/deleteFlightPlan.ts#L46:81,TypeScript,31,7,2
31 lines of code for unit index.tsx.AddPointToPlan(),MEDIUM,RAW,2026-06-04,43,index.tsx.AddPointToPlan(),src/Components/HomePage/Body/Left/Voorbereiding/ViewPlan/Steps/AddPointToPlan/index.tsx#L19:82,TypeScript,31,1,0
31 lines of code for unit flightPlanColumns.ts.buildFlightPlanSelectColumns(BuildFlightPlanSelectColumnsInput),MEDIUM,RAW,2026-07-01,16,flightPlanColumns.ts.buildFlightPlanSelectColumns(BuildFlightPlanSelectColumnsInput),backend/src/helpers/queries/flight-plans/flightPlanColumns.ts#L32:68,TypeScript,31,2,1
31 lines of code for unit index.tsx.ChangeFlightPlanStatus(),MEDIUM,RAW,2026-06-04,43,index.tsx.ChangeFlightPlanStatus(),src/Components/HomePage/Body/Left/Nabewerking/ChangeFlightPlanStatus/index.tsx#L14:77,TypeScript,31,4,0
31 lines of code for unit useGeometryListMapClick.ts.useGeometryListMapClick(any),MEDIUM,RAW,2026-07-04,13,useGeometryListMapClick.ts.useGeometryListMapClick(any),src/Components/HomePage/Body/Left/Voorbereiding/FlightPlan/Common/useGeometryListMapClick.ts#L6:47,TypeScript,31,8,1
31 lines of code for unit Fase3.tsx.Fase3(any),MEDIUM,RAW,2026-06-04,43,Fase3.tsx.Fase3(any),src/Components/HomePage/Body/Left/Voorbereiding/FlightPlan/Steps/Step1/TemplateFlights/Fase3.tsx#L12:122,TypeScript,31,7,1
31 lines of code for unit handleMapClick(__esri.ViewClickEvent),MEDIUM,RAW,2026-06-06,41,handleMapClick(__esri.ViewClickEvent),src/Components/HomePage/Body/Left/Nabewerking/VluchtenZoeken/Steps/Step2/Actions/Waarnemingen/common/Foto/useFotoMapClickHandler.ts#L26:61,TypeScript,31,7,1
31 lines of code for unit fileDownload.ts,MEDIUM,RAW,2026-06-04,43,fileDownload.ts,backend/src/routes/fileDownload.ts#L1:23,TypeScript,31,2,0
30 lines of code for unit postProxyHelpers.ts.forwardArcgisPostRequest(Request),LOW,RAW,2026-07-04,13,postProxyHelpers.ts.forwardArcgisPostRequest(Request),backend/src/routes/arcgis/postProxyHelpers.ts#L60:91,TypeScript,30,6,1
30 lines of code for unit useEditPointMapEffects.ts.useEditPointCleanup(any),LOW,RAW,2026-07-04,13,useEditPointMapEffects.ts.useEditPointCleanup(any),src/Components/HomePage/Body/Left/Nabewerking/VluchtenZoeken/Steps/Step2/Actions/Waarnemingen/EditPointDetails/Actions/EditPointCoordinates/useEditPointMapEffects.ts#L114:157,TypeScript,30,5,1
"30 lines of code for unit getFinishedPlansTimeslider.ts.getFinishedPlansTimeslider(Request,Response)",LOW,RAW,2026-06-04,43,"getFinishedPlansTimeslider.ts.getFinishedPlansTimeslider(Request,Response)",backend/src/routes/timeslider/getFinishedPlansTimeslider.ts#L7:43,TypeScript,30,4,2
"30 lines of code for unit getGeometries.ts.getGeometries(Request,Response)",LOW,RAW,2026-06-04,43,"getGeometries.ts.getGeometries(Request,Response)",backend/src/routes/geometries/getGeometries.ts#L9:47,TypeScript,30,6,2
"30 lines of code for unit deletePoint.ts.deletePoint(Request,Response)",LOW,RAW,2026-06-04,43,"deletePoint.ts.deletePoint(Request,Response)",backend/src/routes/finished_plans/deletePoint.ts#L4:39,TypeScript,30,5,2
30 lines of code for unit geoJsonExport.ts.exportPointsPlansGeoJsonZip(any),LOW,RAW,2026-07-17,0,geoJsonExport.ts.exportPointsPlansGeoJsonZip(any),src/helpers/tableExports/geoJsonExport.ts#L6:38,TypeScript,30,1,1
30 lines of code for unit index.tsx.FlightPlans(any),LOW,RAW,2026-06-04,43,index.tsx.FlightPlans(any),src/Components/HomePage/Body/Left/Common/SearchedResultsTab/FlightPlans/index.tsx#L9:46,TypeScript,30,4,1
30 lines of code for unit spoedReportHtml.ts,LOW,RAW,2026-06-29,18,spoedReportHtml.ts,backend/src/routes/emails/spoedReportHtml.ts#L1:81,TypeScript,30,1,0
30 lines of code for unit WizardPointsList.tsx.WizardPointsList(WizardPointsListProps),LOW,RAW,2026-07-04,13,WizardPointsList.tsx.WizardPointsList(WizardPointsListProps),src/Components/HomePage/Body/Left/Common/WizardPointsList.tsx#L36:49,TypeScript,30,3,1
30 lines of code for unit index.tsx.EditPointDetails(),LOW,RAW,2026-06-04,43,index.tsx.EditPointDetails(),src/Components/HomePage/Body/Left/Voorbereiding/SelectedPoint/EditPointDetails/index.tsx#L14:84,TypeScript,30,2,0
30 lines of code for unit handleUpdate(),LOW,RAW,2026-06-04,43,handleUpdate(),src/Components/HomePage/Body/Left/Voorbereiding/EnrichedAddPoint/Steps/Step2/UpdateBtn.tsx#L28:60,TypeScript,30,6,0
30 lines of code for unit FotoPanel.tsx.FotoPanel(any),LOW,RAW,2026-06-06,41,FotoPanel.tsx.FotoPanel(any),src/Components/HomePage/Body/Left/Nabewerking/VluchtenZoeken/Steps/Step2/Actions/Waarnemingen/common/Foto/FotoPanel.tsx#L24:64,TypeScript,30,2,1
30 lines of code for unit handleSubmit(),LOW,RAW,2026-06-04,43,handleSubmit(),src/Components/HomePage/Body/Left/Voorbereiding/FlightPlan/Steps/Step3/Buttons.tsx#L50:79,TypeScript,30,7,0
30 lines of code for unit handleConfirm(),LOW,RAW,2026-06-04,43,handleConfirm(),src/Components/HomePage/Body/Left/Voorbereiding/DrawingTool/Step1/ConfirmButton.tsx#L20:55,TypeScript,30,5,0
30 lines of code for unit renderDownloadPage.ts.renderDownloadPage(any),LOW,RAW,2026-07-01,16,renderDownloadPage.ts.renderDownloadPage(any),backend/src/helpers/html/renderDownloadPage.ts#L21:54,TypeScript,30,2,1
"30 lines of code for unit createPoint.ts.createPoint(Request,Response)",LOW,RAW,2026-06-04,43,"createPoint.ts.createPoint(Request,Response)",backend/src/routes/points/createPoint.ts#L14:46,TypeScript,30,3,2
30 lines of code for unit handleSubmit(),LOW,RAW,2026-06-04,43,handleSubmit(),src/Components/HomePage/Body/Left/Voorbereiding/DrawingTool/Step2/Buttons.tsx#L42:72,TypeScript,30,2,0
30 lines of code for unit App.tsx.App(),LOW,RAW,2026-06-04,43,App.tsx.App(),src/App.tsx#L16:65,TypeScript,30,7,0
"30 lines of code for unit createGeometryGraphicCore.ts.createGeometryGraphic(BaseGeometryData,CreateGeometryGraphicOptions)",LOW,RAW,2026-07-17,0,"createGeometryGraphicCore.ts.createGeometryGraphic(BaseGeometryData,CreateGeometryGraphicOptions)",src/helpers/ArcGISHelpers/createGeometryGraphicCore.ts#L14:52,TypeScript,30,5,2
30 lines of code for unit singleFinishedPlanCtes.ts.buildSingleFinishedPlanCtes(),LOW,RAW,2026-07-04,13,singleFinishedPlanCtes.ts.buildSingleFinishedPlanCtes(),backend/src/helpers/queries/finished-plans/singleFinishedPlanCtes.ts#L3:32,TypeScript,30,1,0
30 lines of code for unit mapPointerHoverHandler.ts.createMapPointerHoverHandler(any),LOW,RAW,2026-07-13,4,mapPointerHoverHandler.ts.createMapPointerHoverHandler(any),src/Components/HomePage/Body/MapViewComp/mapPointerHoverHandler.ts#L8:17,TypeScript,30,6,1
30 lines of code for unit index.tsx.StepNo(any),LOW,RAW,2026-06-04,43,index.tsx.StepNo(any),src/Components/HomePage/Body/Left/Voorbereiding/SelectedPoint/AddToPlan/StepNo/index.tsx#L9:86,TypeScript,30,2,1
30 lines of code for unit CoordinatesInput.tsx.CoordinatesInput(),LOW,RAW,2026-06-04,43,CoordinatesInput.tsx.CoordinatesInput(),src/Components/HomePage/Body/Left/Voorbereiding/EnrichedAddPoint/Steps/Step2/CoordinatesInput.tsx#L6:36,TypeScript,30,1,0
29 lines of code for unit useDrawPath.ts.useDrawPath(boolean),LOW,RAW,2026-07-17,0,useDrawPath.ts.useDrawPath(boolean),src/hooks/hover-click-handlers/useDrawPath.ts#L14:46,TypeScript,29,1,1
29 lines of code for unit useChangePlanStatusState.ts,LOW,RAW,2026-06-04,43,useChangePlanStatusState.ts,src/hooks/zustand/nabewerking/useChangePlanStatusState.ts#L1:64,TypeScript,29,1,0
29 lines of code for unit Section1.tsx.Section1(any),LOW,RAW,2026-06-04,43,Section1.tsx.Section1(any),src/Components/HomePage/Body/Left/Common/KaartLegend/LayersList/Overig/Section1.tsx#L5:41,TypeScript,29,1,1
29 lines of code for unit helpers.ts.getUserRoles(GetUserRolesInput),LOW,RAW,2026-07-01,16,helpers.ts.getUserRoles(GetUserRolesInput),backend/src/routes/keycloak/management/users/helpers.ts#L16:51,TypeScript,29,3,1
"29 lines of code for unit deleteFinishedFlightPlan.ts.deleteFinishedFlightPlanCascade(PoolClient,string)",LOW,RAW,2026-07-04,13,"deleteFinishedFlightPlan.ts.deleteFinishedFlightPlanCascade(PoolClient,string)",backend/src/helpers/queries/flight-plans/deleteFinishedFlightPlan.ts#L24:61,TypeScript,29,4,2
29 lines of code for unit index.tsx.Left(any),LOW,RAW,2026-06-04,43,index.tsx.Left(any),src/Components/HomePage/Body/Left/index.tsx#L32:120,TypeScript,29,1,1
29 lines of code for unit useDrawingToolLifecycle.ts.useDrawingToolStep2Lifecycle(any),LOW,RAW,2026-07-13,4,useDrawingToolLifecycle.ts.useDrawingToolStep2Lifecycle(any),src/Components/HomePage/Body/Left/Voorbereiding/DrawingTool/helpers/useDrawingToolLifecycle.ts#L72:111,TypeScript,29,6,1
29 lines of code for unit NewPointsList.tsx.NewPointsList(),LOW,RAW,2026-06-04,43,NewPointsList.tsx.NewPointsList(),src/Components/HomePage/Body/Left/Voorbereiding/ReuseFlightPlan/Steps/Step2/NewPointsList.tsx#L9:17,TypeScript,29,3,0
29 lines of code for unit usePopupOpenEffect.ts.usePopupOpenEffect(void),LOW,RAW,2026-07-13,4,usePopupOpenEffect.ts.usePopupOpenEffect(void),src/hooks/popUpModal/usePopupOpenEffect.ts#L12:44,TypeScript,29,5,1
"29 lines of code for unit useRenderPoints.ts.useRenderPoints(FinishedFlightPlanType|null,number[])",LOW,RAW,2026-06-04,43,"useRenderPoints.ts.useRenderPoints(FinishedFlightPlanType|null,number[])",src/Components/HomePage/Body/Left/Nabewerking/CreateReport/Steps/Step2/hooks/useRenderPoints.ts#L7:43,TypeScript,29,5,2
29 lines of code for unit Section2.tsx.Section2(any),LOW,RAW,2026-06-04,43,Section2.tsx.Section2(any),src/Components/HomePage/Body/Left/Common/KaartLegend/LayersList/Overig/Section2.tsx#L6:42,TypeScript,29,1,1
29 lines of code for unit useTimesliderDerivedPlans.ts.useTimesliderDerivedPlans(any),LOW,RAW,2026-07-13,4,useTimesliderDerivedPlans.ts.useTimesliderDerivedPlans(any),src/Components/TimesliderItemDetailPage/useTimesliderDerivedPlans.ts#L8:44,TypeScript,29,4,1
29 lines of code for unit mapImage.ts.getStaticMapImage(any),LOW,RAW,2026-07-13,4,mapImage.ts.getStaticMapImage(any),src/Components/HomePage/Body/Left/Nabewerking/CreateReport/helpers/useHandleStep2/mapImage.ts#L37:75,TypeScript,29,2,1
29 lines of code for unit Section3.tsx.Section3(any),LOW,RAW,2026-06-04,43,Section3.tsx.Section3(any),src/Components/HomePage/Body/Left/Common/KaartLegend/LayersList/Overig/Section3.tsx#L5:41,TypeScript,29,1,1
29 lines of code for unit validateSpoedReportRequest.ts.validateSpoedReportRequest(any),LOW,RAW,2026-07-13,4,validateSpoedReportRequest.ts.validateSpoedReportRequest(any),backend/src/routes/emails/validateSpoedReportRequest.ts#L13:49,TypeScript,29,13,1
29 lines of code for unit submitPointCoordinates.ts.submitPointCoordinateUpdate(SubmitPointCoordinatesInput),LOW,RAW,2026-07-04,13,submitPointCoordinates.ts.submitPointCoordinateUpdate(SubmitPointCoordinatesInput),src/Components/HomePage/Body/Left/Nabewerking/VluchtenZoeken/Steps/Step2/Actions/Waarnemingen/EditPointDetails/Actions/EditPointCoordinates/submitPointCoordinates.ts#L32:55,TypeScript,29,1,1
"29 lines of code for unit reportAgentStatus.ts.RequestHandler(any,any)",LOW,RAW,2026-06-04,43,"reportAgentStatus.ts.RequestHandler(any,any)",backend/src/routes/devices-updates/agent/reportAgentStatus.ts#L9:42,TypeScript,29,5,2
"29 lines of code for unit pdfReportTables.ts.addDetailTable(jsPDF,PDFPointDataType)",LOW,RAW,2026-07-04,13,"pdfReportTables.ts.addDetailTable(jsPDF,PDFPointDataType)",src/Components/HomePage/Body/Left/Nabewerking/CreateReport/helpers/pdfReportTables.ts#L89:117,TypeScript,29,6,2
"29 lines of code for unit getPreparedFlightPlans.ts.getPreparedFlightPlans(Request,Response)",LOW,RAW,2026-06-04,43,"getPreparedFlightPlans.ts.getPreparedFlightPlans(Request,Response)",backend/src/routes/flightPlans/getPreparedFlightPlans.ts#L6:41,TypeScript,29,2,2
"29 lines of code for unit CoordinateValues.finalizeCoordinateValues(string,any)",LOW,RAW,2026-07-13,4,"CoordinateValues.finalizeCoordinateValues(string,any)",src/Components/HomePage/Body/Left/Nabewerking/VluchtenZoeken/Steps/Step2/Actions/Waarnemingen/EditPointDetails/Actions/EditPointCoordinates/coordinateFinalize.ts#L10:43,TypeScript,29,3,2
29 lines of code for unit useTimesliderItemImages.ts.useTimesliderItemImages(any),LOW,RAW,2026-07-13,4,useTimesliderItemImages.ts.useTimesliderItemImages(any),src/Components/TimesliderItemDetailPage/useTimesliderItemImages.ts#L8:46,TypeScript,29,9,1
28 lines of code for unit index.tsx.DevicesUpdatesPage(),LOW,RAW,2026-06-04,43,index.tsx.DevicesUpdatesPage(),src/Components/DevicesUpdatesPage/index.tsx#L27:40,TypeScript,28,4,0
28 lines of code for unit removePoint(string),LOW,RAW,2026-06-04,43,removePoint(string),src/Components/HomePage/Body/Left/Voorbereiding/ViewPlan/Steps/EditPoint/Buttons/RemovePoint.tsx#L21:47,TypeScript,28,3,1
28 lines of code for unit index.tsx.Step1(any),LOW,RAW,2026-06-04,43,index.tsx.Step1(any),src/Components/HomePage/Body/Left/Voorbereiding/ViewPlan/Steps/Step1/index.tsx#L11:78,TypeScript,28,6,1
28 lines of code for unit index.tsx.SearchedResultsTab(),LOW,RAW,2026-06-04,43,index.tsx.SearchedResultsTab(),src/Components/HomePage/Body/Left/Common/SearchedResultsTab/index.tsx#L15:97,TypeScript,28,5,0
28 lines of code for unit index.tsx.StepNo(),LOW,RAW,2026-06-04,43,index.tsx.StepNo(),src/Components/HomePage/Body/Left/Tools/AandachtspuntenVerwijderen/Actions/AddToPlan/StepNo/index.tsx#L10:71,TypeScript,28,3,0
28 lines of code for unit index.tsx.Step2(),LOW,RAW,2026-06-04,43,index.tsx.Step2(),src/Components/HomePage/Body/Left/Nabewerking/CreateReport/Steps/Step2/index.tsx#L14:52,TypeScript,28,5,0
28 lines of code for unit useDrawingToolLifecycle.ts.useDrawingToolStep1Lifecycle(any),LOW,RAW,2026-07-13,4,useDrawingToolLifecycle.ts.useDrawingToolStep1Lifecycle(any),src/Components/HomePage/Body/Left/Voorbereiding/DrawingTool/helpers/useDrawingToolLifecycle.ts#L36:70,TypeScript,28,2,1
28 lines of code for unit LegendSection.tsx.LegendSection(LegendSectionProps),LOW,RAW,2026-06-10,37,LegendSection.tsx.LegendSection(LegendSectionProps),src/Components/HomePage/Body/Left/Common/KaartLegend/LayersList/Common/LegendSection.tsx#L24:79,TypeScript,28,13,1
28 lines of code for unit verify-regio-apis.ts.testDatabaseQueries(),LOW,RAW,2026-06-10,37,verify-regio-apis.ts.testDatabaseQueries(),backend/scripts/verify-regio-apis.ts#L116:144,TypeScript,28,1,0
28 lines of code for unit runReturningUpdate.ts.executeReturningUpdate(any),LOW,RAW,2026-07-14,3,runReturningUpdate.ts.executeReturningUpdate(any),backend/src/helpers/http/runReturningUpdate.ts#L35:70,TypeScript,28,7,1
28 lines of code for unit handleSubmit(),LOW,RAW,2026-06-04,43,handleSubmit(),src/Components/HomePage/Body/Left/Nabewerking/VluchtenZoeken/Steps/Step2/Actions/Waarnemingen/EditPointDetails/Actions/ChangePoint/index.tsx#L39:58,TypeScript,28,3,0
28 lines of code for unit server.ts.startServer(),LOW,RAW,2026-07-13,4,server.ts.startServer(),backend/src/server.ts#L42:74,TypeScript,28,5,0
28 lines of code for unit index.tsx.EditUser(),LOW,RAW,2026-06-04,43,index.tsx.EditUser(),src/Components/DashboardPage/EditUser/index.tsx#L20:43,TypeScript,28,7,0
28 lines of code for unit useTableScrollWidth.ts.useTableScrollWidth(UseTableScrollWidthParams),LOW,RAW,2026-06-04,43,useTableScrollWidth.ts.useTableScrollWidth(UseTableScrollWidthParams),src/Components/HomePage/Body/Bottom/PointsView/common/hooks/useTableScrollWidth.ts#L14:34,TypeScript,28,3,1
28 lines of code for unit submitAddPointsToPlan.ts.submitAddPointsToPlan(SubmitAddPointsToPlanInput),LOW,RAW,2026-07-13,4,submitAddPointsToPlan.ts.submitAddPointsToPlan(SubmitAddPointsToPlanInput),src/Components/HomePage/Body/Left/Voorbereiding/ViewPlan/Steps/AddPointToPlan/helpers/submitAddPointsToPlan.ts#L37:66,TypeScript,28,2,1
28 lines of code for unit handleUpdate(),LOW,RAW,2026-06-04,43,handleUpdate(),src/Components/HomePage/Body/Left/Voorbereiding/ViewPlan/Steps/AddPointStep/Steps/Step2/index.tsx#L37:67,TypeScript,28,6,0
28 lines of code for unit HeadButtonsTimeslider.tsx.HeadButtonsTimeslider(),LOW,RAW,2026-06-04,43,HeadButtonsTimeslider.tsx.HeadButtonsTimeslider(),src/Components/HomePage/Head/HeadButtonsTimeslider.tsx#L13:80,TypeScript,28,3,0
28 lines of code for unit keycloakAdminTokenRequest.ts.requestAdminTokenWithRetry(any),LOW,RAW,2026-07-14,3,keycloakAdminTokenRequest.ts.requestAdminTokenWithRetry(any),backend/src/services/keycloakAdminTokenRequest.ts#L11:43,TypeScript,28,7,1
"28 lines of code for unit registerAgent.ts.RequestHandler(any,any)",LOW,RAW,2026-06-04,43,"registerAgent.ts.RequestHandler(any,any)",backend/src/routes/devices-updates/agent/registerAgent.ts#L5:35,TypeScript,28,8,2
"28 lines of code for unit legacyAuthUsageMonitor.ts.legacyAuthUsageMonitor(any,any,any)",LOW,RAW,2026-07-13,4,"legacyAuthUsageMonitor.ts.legacyAuthUsageMonitor(any,any,any)",backend/src/helpers/auth/legacyAuthUsageMonitor.ts#L13:44,TypeScript,28,10,3
27 lines of code for unit geometryJson.ts,LOW,RAW,2026-06-30,17,geometryJson.ts,backend/src/helpers/queries/geometries/geometryJson.ts#L3:31,TypeScript,27,1,0
"27 lines of code for unit selectedPlansPointsList.ts.collectSelectedData(FinishedFlightPlanType[],number[])",LOW,RAW,2026-06-04,43,"selectedPlansPointsList.ts.collectSelectedData(FinishedFlightPlanType[],number[])",src/helpers/timeslider/selectedPlansPointsList.ts#L55:88,TypeScript,27,10,2
27 lines of code for unit loadImages(),LOW,RAW,2026-07-17,0,loadImages(),src/api-hooks/planImages/useEntityPlanImages.ts#L29:57,TypeScript,27,9,0
27 lines of code for unit submitStep1(),LOW,RAW,2026-06-04,43,submitStep1(),src/Components/HomePage/Body/Left/Voorbereiding/ViewPlan/Steps/Step1/Buttons.tsx#L36:64,TypeScript,27,4,0
27 lines of code for unit Buttons.tsx.Buttons(any),LOW,RAW,2026-06-04,43,Buttons.tsx.Buttons(any),src/Components/HomePage/Body/Left/Voorbereiding/FlightPlan/Steps/Step3/Buttons.tsx#L19:49,TypeScript,27,1,1
"27 lines of code for unit pdfReportTables.ts.addCoordinatesTable(jsPDF,PDFPointDataType)",LOW,RAW,2026-07-04,13,"pdfReportTables.ts.addCoordinatesTable(jsPDF,PDFPointDataType)",src/Components/HomePage/Body/Left/Nabewerking/CreateReport/helpers/pdfReportTables.ts#L61:87,TypeScript,27,2,2
27 lines of code for unit getAllUsers.ts.getAllUsers(Request),LOW,RAW,2026-06-04,43,getAllUsers.ts.getAllUsers(Request),backend/src/routes/keycloak/management/users/getAllUsers.ts#L10:42,TypeScript,27,3,1
"27 lines of code for unit deleteUser.ts.handleDeleteUser(Request,Response)",LOW,RAW,2026-06-04,43,"deleteUser.ts.handleDeleteUser(Request,Response)",backend/src/routes/keycloak/management/users/deleteUser.ts#L7:40,TypeScript,27,6,2
"27 lines of code for unit FetchClientRoleNamesForUserInput.fetchClientRoleDefinitions(string,string)",LOW,RAW,2026-07-01,16,"FetchClientRoleNamesForUserInput.fetchClientRoleDefinitions(string,string)",backend/src/routes/keycloak/management/users/keycloakAdminClient.ts#L104:139,TypeScript,27,5,2
27 lines of code for unit flightPlanFormDefaults.ts,LOW,RAW,2026-07-17,0,flightPlanFormDefaults.ts,src/hooks/zustand/shared/flightPlanFormDefaults.ts#L1:32,TypeScript,27,1,0
27 lines of code for unit index.tsx.Form(any),LOW,RAW,2026-06-04,43,index.tsx.Form(any),src/Components/HomePage/Body/Left/Nabewerking/VluchtenZoeken/Steps/Step2/Actions/Waarnemingen/EditPointDetails/Actions/Form/index.tsx#L13:42,TypeScript,27,6,1
"27 lines of code for unit createEmail.ts.createEmail(Request,Response)",LOW,RAW,2026-06-04,43,"createEmail.ts.createEmail(Request,Response)",backend/src/routes/emails/createEmail.ts#L6:35,TypeScript,27,3,2
27 lines of code for unit useDebouncedRedPointFromInputs.ts.useDebouncedRedPointFromInputs(any),LOW,RAW,2026-06-04,43,useDebouncedRedPointFromInputs.ts.useDebouncedRedPointFromInputs(any),src/Components/HomePage/Body/Left/Tools/EditGeometry/EditForm/EditGeometryPointPanel/useDebouncedRedPointFromInputs.ts#L7:40,TypeScript,27,4,1
"27 lines of code for unit buildPlanGeometryGraphics.ts.buildPlanGeometryGraphics(FinishedFlightPlanType,number[])",LOW,RAW,2026-07-04,13,"buildPlanGeometryGraphics.ts.buildPlanGeometryGraphics(FinishedFlightPlanType,number[])",src/Components/HomePage/Body/Left/Nabewerking/CreateReport/Steps/Step2/hooks/buildPlanGeometryGraphics.ts#L22:59,TypeScript,27,7,2
26 lines of code for unit commandGuard.ts.queueDeviceCommandWhenIdle(QueueDeviceCommandInput),LOW,RAW,2026-07-01,16,commandGuard.ts.queueDeviceCommandWhenIdle(QueueDeviceCommandInput),backend/src/routes/devices-updates/commandGuard.ts#L17:48,TypeScript,26,5,1
26 lines of code for unit Buttons.tsx.Buttons(any),LOW,RAW,2026-06-04,43,Buttons.tsx.Buttons(any),src/Components/HomePage/Body/Left/Voorbereiding/TemplateFlight/Steps/Step3/Buttons.tsx#L15:44,TypeScript,26,1,1
26 lines of code for unit usePointsViewInteractions.ts.usePointsViewInteractions(any),LOW,RAW,2026-07-14,3,usePointsViewInteractions.ts.usePointsViewInteractions(any),src/Components/HomePage/Body/Bottom/PointsView/common/hooks/usePointsViewInteractions.ts#L8:39,TypeScript,26,1,1
26 lines of code for unit mapImage.ts,LOW,RAW,2026-06-04,43,mapImage.ts,src/Components/HomePage/Body/Left/Nabewerking/CreateReport/helpers/useHandleStep2/mapImage.ts#L1:28,TypeScript,26,1,0
26 lines of code for unit selectFromSourceGraphics.ts.syncPinsForSelection(any),LOW,RAW,2026-07-04,13,selectFromSourceGraphics.ts.syncPinsForSelection(any),src/Components/HomePage/Body/Left/Voorbereiding/ViewPlan/Steps/AddPointsFromPlan/SelectFromSource/helpers/selectFromSourceGraphics.ts#L38:74,TypeScript,26,6,1
26 lines of code for unit buildPathFeatureLayer.ts.addPathLayerBelowPoints(any),LOW,RAW,2026-07-04,13,buildPathFeatureLayer.ts.addPathLayerBelowPoints(any),src/hooks/hover-click-handlers/buildPathFeatureLayer.ts#L57:88,TypeScript,26,8,1
26 lines of code for unit bufferFlightPlansOnLayer.ts.bufferFlightPlansOnLayer(BufferFlightPlansOnLayerInput),LOW,RAW,2026-07-17,0,bufferFlightPlansOnLayer.ts.bufferFlightPlansOnLayer(BufferFlightPlansOnLayerInput),src/helpers/ArcGISHelpers/bufferFlightPlansOnLayer.ts#L20:51,TypeScript,26,6,1
26 lines of code for unit nabewerkingTabs.ts,LOW,RAW,2026-07-04,13,nabewerkingTabs.ts,src/Components/HomePage/Head/headTabDefinitions/nabewerkingTabs.ts#L1:33,TypeScript,26,1,0
26 lines of code for unit onSuccess(any),LOW,RAW,2026-07-13,4,onSuccess(any),src/Components/HomePage/Body/Left/Tools/EditGeometry/index.tsx#L86:112,TypeScript,26,6,1
26 lines of code for unit Buttons.tsx.Buttons(any),LOW,RAW,2026-06-04,43,Buttons.tsx.Buttons(any),src/Components/HomePage/Body/Left/Voorbereiding/ViewPlan/Steps/AddPointStep/Steps/Step3/Buttons.tsx#L15:47,TypeScript,26,4,1
26 lines of code for unit verifyCredentialsResponses.ts.authenticateOrRespondToVerifyFailure(any),LOW,RAW,2026-07-14,3,verifyCredentialsResponses.ts.authenticateOrRespondToVerifyFailure(any),backend/src/routes/auth2/verifyCredentialsResponses.ts#L39:71,TypeScript,26,5,1
"26 lines of code for unit getFlightPlanById.ts.getFlightPlanById(Request,Response)",LOW,RAW,2026-06-04,43,"getFlightPlanById.ts.getFlightPlanById(Request,Response)",backend/src/routes/flightPlans/getFlightPlanById.ts#L5:36,TypeScript,26,3,2
26 lines of code for unit SinglePlan.tsx.SinglePlan(any),LOW,RAW,2026-06-04,43,SinglePlan.tsx.SinglePlan(any),src/Components/HomePage/Body/Left/Voorbereiding/RemoveFlightPlan/SinglePlan.tsx#L12:56,TypeScript,26,5,1
26 lines of code for unit PointDetails.tsx.PointDetails(any),LOW,RAW,2026-06-04,43,PointDetails.tsx.PointDetails(any),src/Components/HomePage/Body/Left/Common/ResultTab/PointDetails.tsx#L8:130,TypeScript,26,1,1
26 lines of code for unit mapViewConfiguration.ts.createConfiguredMapView(any),LOW,RAW,2026-07-14,3,mapViewConfiguration.ts.createConfiguredMapView(any),src/helpers/ArcGISHelpers/mapViewConfiguration.ts#L6:38,TypeScript,26,3,1
26 lines of code for unit SinglePoint.tsx.SinglePoint(any),LOW,RAW,2026-06-04,43,SinglePoint.tsx.SinglePoint(any),src/Components/HomePage/Body/Left/Tools/AandachtspuntenVerwijderen/Actions/Main/SinglePoint.tsx#L10:14,TypeScript,26,1,1
26 lines of code for unit runFlightPlanRegioCases.ts.runFlightPlanRegioCases(any),LOW,RAW,2026-07-14,3,runFlightPlanRegioCases.ts.runFlightPlanRegioCases(any),backend/scripts/runFlightPlanRegioCases.ts#L7:37,TypeScript,26,5,1
26 lines of code for unit fetchAttachmentsForPlanPoint.ts.fetchAttachmentsForPlanPoint(any),LOW,RAW,2026-07-04,13,fetchAttachmentsForPlanPoint.ts.fetchAttachmentsForPlanPoint(any),backend/src/helpers/queries/finished-plans/fetchAttachmentsForPlanPoint.ts#L3:35,TypeScript,26,5,1
26 lines of code for unit CurrentGeometriesList.tsx.CurrentGeometriesList(),LOW,RAW,2026-06-04,43,CurrentGeometriesList.tsx.CurrentGeometriesList(),src/Components/HomePage/Body/Left/Voorbereiding/ReuseFlightPlan/Steps/Step2/CurrentGeometriesList.tsx#L11:62,TypeScript,26,6,0
26 lines of code for unit useUploadZip.ts.useUploadZip(),LOW,RAW,2026-06-04,43,useUploadZip.ts.useUploadZip(),src/Components/HomePage/Body/Left/Nabewerking/CreateReport/Steps/Step3/hooks/useUploadZip.ts#L8:14,TypeScript,26,4,0
25 lines of code for unit enrichedPointStateActions.ts.createEnrichedPointActions(any),LOW,RAW,2026-07-14,3,enrichedPointStateActions.ts.createEnrichedPointActions(any),src/hooks/zustand/enrichedPointStateActions.ts#L7:32,TypeScript,25,1,1
25 lines of code for unit toggleStarPlan(FlightPlanType),LOW,RAW,2026-06-04,43,toggleStarPlan(FlightPlanType),src/Components/HomePage/Body/Left/Common/SearchedResultsTab/FlightPlans/FlightPlansList/List.tsx#L81:109,TypeScript,25,4,1
25 lines of code for unit useFeatureLayerPopup.ts.useFeatureLayerPopup(),LOW,RAW,2026-06-04,43,useFeatureLayerPopup.ts.useFeatureLayerPopup(),src/hooks/hover-click-handlers/useFeatureLayerPopup.ts#L13:36,TypeScript,25,2,0
"25 lines of code for unit upsertRegisteredDevice.ts.updateExistingDevice(RegisterDeviceInput,string)",LOW,RAW,2026-07-04,13,"upsertRegisteredDevice.ts.updateExistingDevice(RegisterDeviceInput,string)",backend/src/routes/devices-updates/upsertRegisteredDevice.ts#L13:41,TypeScript,25,5,2
25 lines of code for unit submitStep2(),LOW,RAW,2026-06-10,37,submitStep2(),src/Components/HomePage/Body/Left/Voorbereiding/ViewPlan/Steps/Step2/Buttons.tsx#L45:70,TypeScript,25,6,0
"25 lines of code for unit middleware.ts.RequestHandler(any,any,any)",LOW,RAW,2026-06-04,43,"middleware.ts.RequestHandler(any,any,any)",backend/src/routes/devices-updates/middleware.ts#L7:34,TypeScript,25,6,3
25 lines of code for unit useSelectFromSourceGraphicsEffects.ts.useSelectFromSourceGraphicsLifecycle(any),LOW,RAW,2026-07-14,3,useSelectFromSourceGraphicsEffects.ts.useSelectFromSourceGraphicsLifecycle(any),src/Components/HomePage/Body/Left/Voorbereiding/ViewPlan/Steps/AddPointsFromPlan/SelectFromSource/useSelectFromSourceGraphicsEffects.ts#L16:48,TypeScript,25,2,1
25 lines of code for unit useFinishedPlansState.ts,LOW,RAW,2026-06-04,43,useFinishedPlansState.ts,src/hooks/zustand/nabewerking/useFinishedPlansState.ts#L1:75,TypeScript,25,1,0
25 lines of code for unit logQueue.ts.initializeLogQueue(SendLogs),LOW,RAW,2026-07-14,3,logQueue.ts.initializeLogQueue(SendLogs),src/hooks/logging/logQueue.ts#L14:22,TypeScript,25,5,1
25 lines of code for unit DropDown.tsx.DropDown(any),LOW,RAW,2026-07-15,2,DropDown.tsx.DropDown(any),src/Components/HomePage/Body/Left/Common/SearchedResultsTab/Points/DropDown.tsx#L29:48,TypeScript,25,1,1
25 lines of code for unit useSelectFromSourceGraphicsEffects.ts.useSourcePointHover(any),LOW,RAW,2026-07-14,3,useSelectFromSourceGraphicsEffects.ts.useSourcePointHover(any),src/Components/HomePage/Body/Left/Voorbereiding/ViewPlan/Steps/AddPointsFromPlan/SelectFromSource/useSelectFromSourceGraphicsEffects.ts#L101:130,TypeScript,25,6,1
25 lines of code for unit geometryRouteHelpers.ts.insertGeometryPoints(InsertGeometryPointsInput),LOW,RAW,2026-07-01,16,geometryRouteHelpers.ts.insertGeometryPoints(InsertGeometryPointsInput),backend/src/helpers/queries/geometries/geometryRouteHelpers.ts#L60:88,TypeScript,25,2,1
25 lines of code for unit DropDown.tsx.DropDown(any),LOW,RAW,2026-07-15,2,DropDown.tsx.DropDown(any),src/Components/HomePage/Body/Left/Common/SearchedResultsTab/FlightPlans/FlightPlansList/DropDown.tsx#L29:46,TypeScript,25,1,1
25 lines of code for unit handleSubmit(),LOW,RAW,2026-06-04,43,handleSubmit(),src/Components/HomePage/Body/Left/Voorbereiding/ReuseFlightPlan/Steps/Step2/Buttons.tsx#L38:59,TypeScript,25,3,0
"25 lines of code for unit registerApplicationRoutes.ts.registerApplicationRoutes(Express,Router)",LOW,RAW,2026-07-17,0,"registerApplicationRoutes.ts.registerApplicationRoutes(Express,Router)",backend/src/configure/registerApplicationRoutes.ts#L26:50,TypeScript,25,1,2
25 lines of code for unit ArcGISUserToken.ts.fetchAndRegister(),LOW,RAW,2026-06-04,43,ArcGISUserToken.ts.fetchAndRegister(),src/helpers/tokens/ArcGISUserToken.ts#L57:86,TypeScript,25,5,0
"25 lines of code for unit mapGraphicsLayers.ts.addAndOrderMapGraphicsLayers(Map,ReturnType,any)",LOW,RAW,2026-07-14,3,"mapGraphicsLayers.ts.addAndOrderMapGraphicsLayers(Map,ReturnType,any)",src/helpers/ArcGISHelpers/mapGraphicsLayers.ts#L17:46,TypeScript,25,1,3
"25 lines of code for unit isPointInPolygon(__esri.Point,number[])",LOW,RAW,2026-06-04,43,"isPointInPolygon(__esri.Point,number[])",src/Components/HomePage/Body/Left/Voorbereiding/SelectedPoint/AddToPlan/index.tsx#L77:113,TypeScript,25,13,2
25 lines of code for unit shapefileExport.ts.exportFlightPlansShapefile(FlightPlanType[]),LOW,RAW,2026-07-17,0,shapefileExport.ts.exportFlightPlansShapefile(FlightPlanType[]),src/helpers/tableExports/shapefileExport.ts#L19:44,TypeScript,25,1,1
25 lines of code for unit useResultTabTableView.ts.useResultTabTableView(),LOW,RAW,2026-07-13,4,useResultTabTableView.ts.useResultTabTableView(),src/hooks/resultTab/useResultTabTableView.ts#L8:34,TypeScript,25,1,0
25 lines of code for unit handleNext(),LOW,RAW,2026-06-04,43,handleNext(),src/Components/HomePage/Body/Left/Nabewerking/VluchtenZoeken/Steps/Step1/Content/Buttons.tsx#L27:53,TypeScript,25,7,0
25 lines of code for unit usePopupMapClickEffect.ts.usePopupMapClickEffect(),LOW,RAW,2026-07-13,4,usePopupMapClickEffect.ts.usePopupMapClickEffect(),src/hooks/popUpModal/usePopupMapClickEffect.ts#L9:38,TypeScript,25,4,0
25 lines of code for unit notLoggedInBannerTheme.ts.resolveLoginBannerTheme(any),LOW,RAW,2026-07-04,13,notLoggedInBannerTheme.ts.resolveLoginBannerTheme(any),src/Components/HomePage/Body/Common/notLoggedInBannerTheme.ts#L14:44,TypeScript,25,2,1
25 lines of code for unit SinglePlan.tsx.SinglePlan(any),LOW,RAW,2026-06-06,41,SinglePlan.tsx.SinglePlan(any),src/Components/HomePage/Body/Left/Nabewerking/VluchtenZoeken/Steps/Step1/Content/SinglePlan.tsx#L8:42,TypeScript,25,1,1
25 lines of code for unit processGeometry.ts.processGeometry(ProcessGeometryParams),LOW,RAW,2026-06-04,43,processGeometry.ts.processGeometry(ProcessGeometryParams),src/Components/HomePage/Body/Left/Nabewerking/CreateReport/helpers/useHandleStep2/processGeometry.ts#L26:54,TypeScript,25,1,1
25 lines of code for unit SinglePoint.tsx.SinglePoint(any),LOW,RAW,2026-06-04,43,SinglePoint.tsx.SinglePoint(any),src/Components/HomePage/Body/Left/Nabewerking/VluchtenZoeken/Steps/Step2/Actions/Waarnemingen/SinglePoint.tsx#L7:44,TypeScript,25,1,1
25 lines of code for unit handleConfirmDelete(),LOW,RAW,2026-06-04,43,handleConfirmDelete(),src/Components/DashboardPage/AllUsersTable/index.tsx#L82:113,TypeScript,25,6,0
"25 lines of code for unit logoutHandler.ts.RequestHandler(any,any)",LOW,RAW,2026-07-13,4,"logoutHandler.ts.RequestHandler(any,any)",backend/src/routes/auth2/logoutHandler.ts#L5:32,TypeScript,25,5,2
25 lines of code for unit importPointRowNormalization.ts.normalizeImportRow(unknown),LOW,RAW,2026-07-01,16,importPointRowNormalization.ts.normalizeImportRow(unknown),backend/src/helpers/points/importPointRowNormalization.ts#L64:91,TypeScript,25,9,1
24 lines of code for unit index.tsx.Step2(),LOW,RAW,2026-06-04,43,index.tsx.Step2(),src/Components/HomePage/Body/Left/Voorbereiding/FlightPlan/Steps/Step2/index.tsx#L22:98,TypeScript,24,1,0
24 lines of code for unit useEditPointFormMapClick.ts.useEditPointFormMapClick(any),LOW,RAW,2026-07-04,13,useEditPointFormMapClick.ts.useEditPointFormMapClick(any),src/Components/HomePage/Body/Left/Voorbereiding/SelectedPoint/EditPointDetails/Steps/Step2/useEditPointFormMapClick.ts#L7:38,TypeScript,24,3,1
24 lines of code for unit useFeatureLayerLabels.ts.useFeatureLayerLabels(),LOW,RAW,2026-06-04,43,useFeatureLayerLabels.ts.useFeatureLayerLabels(),src/hooks/hover-click-handlers/useFeatureLayerLabels.ts#L6:33,TypeScript,24,5,0
24 lines of code for unit pdfReportMapPages.ts.imageDataToJpegDataUrl(any),LOW,RAW,2026-07-13,4,pdfReportMapPages.ts.imageDataToJpegDataUrl(any),src/Components/HomePage/Body/Left/Nabewerking/CreateReport/helpers/pdfReportMapPages.ts#L13:42,TypeScript,24,3,1
"24 lines of code for unit DefaultPointItem.tsx.DefaultPointItem(PointItemViewProps,any)",LOW,RAW,2026-07-15,2,"DefaultPointItem.tsx.DefaultPointItem(PointItemViewProps,any)",src/Components/HomePage/Body/Left/Common/DefaultPointItem.tsx#L4:54,TypeScript,24,3,2
"24 lines of code for unit getFlighPlansNummer.ts.getFlighPlansNummer(Request,Response)",LOW,RAW,2026-06-04,43,"getFlighPlansNummer.ts.getFlighPlansNummer(Request,Response)",backend/src/routes/flightPlans/getFlighPlansNummer.ts#L4:30,TypeScript,24,5,2
24 lines of code for unit FlightPlanPickerList.tsx.FlightPlanPickerList(any),LOW,RAW,2026-06-10,37,FlightPlanPickerList.tsx.FlightPlanPickerList(any),src/Components/HomePage/Body/Common/EditPoint/FlightPlanPickerList.tsx#L9:86,TypeScript,24,4,1
24 lines of code for unit ArcGISAuthProvider.tsx.ArcGISAuthProvider(Props),LOW,RAW,2026-06-04,43,ArcGISAuthProvider.tsx.ArcGISAuthProvider(Props),src/Components/Common/ArcGISAuthProvider.tsx#L8:36,TypeScript,24,4,1
24 lines of code for unit handleSubmit(),LOW,RAW,2026-06-04,43,handleSubmit(),src/Components/HomePage/Body/Left/Nabewerking/VluchtenZoeken/Steps/Step2/Actions/EditFlight/Buttons.tsx#L22:33,TypeScript,24,2,0
24 lines of code for unit verifyRegioPointsGeometries.ts.runPointsRegioCheck(any),LOW,RAW,2026-07-04,13,verifyRegioPointsGeometries.ts.runPointsRegioCheck(any),backend/scripts/verifyRegioPointsGeometries.ts#L47:74,TypeScript,24,5,1
"24 lines of code for unit createUser.ts.createUser(Request,Response)",LOW,RAW,2026-06-04,43,"createUser.ts.createUser(Request,Response)",backend/src/routes/users/createUser.ts#L4:30,TypeScript,24,6,2
"24 lines of code for unit editGeometryHelpers.ts.zoomMapToGeometryPoints(__esri.MapView|null|undefined,Geometry)",LOW,RAW,2026-07-04,13,"editGeometryHelpers.ts.zoomMapToGeometryPoints(__esri.MapView|null|undefined,Geometry)",src/Components/HomePage/Body/Left/Tools/EditGeometry/editGeometryHelpers.ts#L32:61,TypeScript,24,7,2
24 lines of code for unit fetchConstLookup.ts.fetchConstLookup(FetchConstLookupInput),LOW,RAW,2026-07-01,16,fetchConstLookup.ts.fetchConstLookup(FetchConstLookupInput),backend/src/helpers/queries/consts/fetchConstLookup.ts#L14:42,TypeScript,24,5,1
24 lines of code for unit popupSelection.ts.openPopupForClickedPoint(any),LOW,RAW,2026-07-04,13,popupSelection.ts.openPopupForClickedPoint(any),src/hooks/popUpModal/popupSelection.ts#L16:55,TypeScript,24,5,1
24 lines of code for unit index.tsx.SelectFromSource(any),LOW,RAW,2026-06-04,43,index.tsx.SelectFromSource(any),src/Components/HomePage/Body/Left/Voorbereiding/ViewPlan/Steps/AddPointsFromPlan/SelectFromSource/index.tsx#L16:77,TypeScript,24,3,1
24 lines of code for unit useTimesliderState.ts,LOW,RAW,2026-06-04,43,useTimesliderState.ts,src/helpers/ZustandStates/useTimesliderState.ts#L1:37,TypeScript,24,2,0
24 lines of code for unit patchCoords(any),LOW,RAW,2026-06-10,37,patchCoords(any),src/Components/HomePage/Body/Left/Tools/AandachtspuntenVerwijderen/Actions/EditPointDetails/Steps/Step2/Step2Sub2.tsx#L38:62,TypeScript,24,7,1
24 lines of code for unit handleBuffer(),LOW,RAW,2026-06-04,43,handleBuffer(),src/Components/HomePage/Body/Left/Common/SearchedResultsTab/Functions/PointsBuffer.tsx#L21:49,TypeScript,24,5,0
"24 lines of code for unit GrantFailureKind.classifyGrantFailure(unknown,any)",LOW,RAW,2026-07-13,4,"GrantFailureKind.classifyGrantFailure(unknown,any)",backend/src/routes/auth2/grantHelpers.ts#L91:122,TypeScript,24,9,2
24 lines of code for unit index.tsx.Form(any),LOW,RAW,2026-06-04,43,index.tsx.Form(any),src/Components/HomePage/Body/Left/Nabewerking/VluchtenZoeken/Steps/Step2/Actions/Waarnemingen/EditGeometryDetails/Actions/Form/index.tsx#L14:42,TypeScript,24,7,1
24 lines of code for unit pdfReportTables.ts.addGeneralInfoTable(any),LOW,RAW,2026-07-13,4,pdfReportTables.ts.addGeneralInfoTable(any),src/Components/HomePage/Body/Left/Nabewerking/CreateReport/helpers/pdfReportTables.ts#L32:59,TypeScript,24,6,1
24 lines of code for unit loadUsers(),LOW,RAW,2026-06-04,43,loadUsers(),src/Components/DashboardPage/AllUsersTable/index.tsx#L44:71,TypeScript,24,5,0
"24 lines of code for unit getAttachmentsPlanSinglePoint.ts.getAttachmentsPlanSinglePoint(Request,Response)",LOW,RAW,2026-06-04,43,"getAttachmentsPlanSinglePoint.ts.getAttachmentsPlanSinglePoint(Request,Response)",backend/src/routes/finished_plans/getAttachmentsPlanSinglePoint.ts#L4:32,TypeScript,24,5,2
24 lines of code for unit Step2Sub2.tsx.Step2Sub2(any),LOW,RAW,2026-06-04,43,Step2Sub2.tsx.Step2Sub2(any),src/Components/HomePage/Body/Left/Tools/AandachtspuntenVerwijderen/Actions/EditPointDetails/Steps/Step2/Step2Sub2.tsx#L9:37,TypeScript,24,1,1
24 lines of code for unit flightPathMetrics.ts.calculateFlightPathMetrics(PlanPathRow),LOW,RAW,2026-07-14,3,flightPathMetrics.ts.calculateFlightPathMetrics(PlanPathRow),src/hooks/flightPathMetrics.ts#L18:41,TypeScript,24,6,1
24 lines of code for unit index.tsx.Step3(any),LOW,RAW,2026-06-04,43,index.tsx.Step3(any),src/Components/HomePage/Body/Left/Voorbereiding/FlightPlan/Steps/Step3/index.tsx#L20:102,TypeScript,24,1,1
24 lines of code for unit index.tsx.EditPointCoordinates(any),LOW,RAW,2026-06-04,43,index.tsx.EditPointCoordinates(any),src/Components/HomePage/Body/Left/Nabewerking/VluchtenZoeken/Steps/Step2/Actions/Waarnemingen/EditPointDetails/Actions/EditPointCoordinates/index.tsx#L9:111,TypeScript,24,2,1
"24 lines of code for unit computeFlightPlanCentroid.ts.computeFlightPlanCentroid(FlightPlanCentroidPoint[],any,any)",LOW,RAW,2026-06-06,41,"computeFlightPlanCentroid.ts.computeFlightPlanCentroid(FlightPlanCentroidPoint[],any,any)",src/helpers/ArcGISHelpers/computeFlightPlanCentroid.ts#L12:41,TypeScript,24,6,3
24 lines of code for unit index.tsx.EditPoint(),LOW,RAW,2026-06-04,43,index.tsx.EditPoint(),src/Components/HomePage/Body/Left/Voorbereiding/ViewPlan/Steps/EditPoint/index.tsx#L7:61,TypeScript,24,2,0
24 lines of code for unit processImportedRows(string[]),LOW,RAW,2026-07-04,13,processImportedRows(string[]),src/Components/HomePage/Body/Left/Voorbereiding/FlightPlan/Steps/Step1/ImportVluchtPlan.tsx#L53:67,TypeScript,24,6,1
23 lines of code for unit bufferPointsOnLayer.ts.bufferPointsOnLayer(BufferPointsOnLayerInput),LOW,RAW,2026-07-17,0,bufferPointsOnLayer.ts.bufferPointsOnLayer(BufferPointsOnLayerInput),src/helpers/ArcGISHelpers/bufferPointsOnLayer.ts#L45:69,TypeScript,23,1,1
23 lines of code for unit utils.ts.fetchWithRetry(any),LOW,RAW,2026-07-13,4,utils.ts.fetchWithRetry(any),src/Components/HomePage/Body/Left/Nabewerking/CreateReport/helpers/useHandleStep2/utils.ts#L3:29,TypeScript,23,7,1
23 lines of code for unit staleCommandSql.ts.buildStaleCommandUpdateSql(any),LOW,RAW,2026-07-13,4,staleCommandSql.ts.buildStaleCommandUpdateSql(any),backend/src/routes/devices-updates/staleCommandSql.ts#L9:35,TypeScript,23,2,1
23 lines of code for unit index.tsx.Step2(),LOW,RAW,2026-06-04,43,index.tsx.Step2(),src/Components/HomePage/Body/Left/Voorbereiding/AddPointsVluchtPlan/Step2/index.tsx#L5:29,TypeScript,23,1,0
23 lines of code for unit updateGeometryPoints.ts.updateGeometryOwnedPoints(any),LOW,RAW,2026-07-04,13,updateGeometryPoints.ts.updateGeometryOwnedPoints(any),backend/src/helpers/queries/geometries/updateGeometryPoints.ts#L10:42,TypeScript,23,6,1
"23 lines of code for unit keycloakUserLookup.ts.userHasOtpCredential(Request,string)",LOW,RAW,2026-07-13,4,"keycloakUserLookup.ts.userHasOtpCredential(Request,string)",backend/src/routes/auth2/keycloakUserLookup.ts#L75:104,TypeScript,23,5,2
23 lines of code for unit generatePdfReport.ts.generatePdfReport(GeneratePdfReportInput),LOW,RAW,2026-07-04,13,generatePdfReport.ts.generatePdfReport(GeneratePdfReportInput),src/Components/HomePage/Body/Left/Nabewerking/CreateReport/helpers/generatePdfReport.ts#L29:57,TypeScript,23,3,1
23 lines of code for unit Buttons.tsx.Buttons(),LOW,RAW,2026-06-04,43,Buttons.tsx.Buttons(),src/Components/HomePage/Body/Left/Voorbereiding/ReuseFlightPlan/Steps/Step2/Buttons.tsx#L17:37,TypeScript,23,2,0
23 lines of code for unit usePathLoadingReady.ts.usePathLoadingReady(any),LOW,RAW,2026-07-04,13,usePathLoadingReady.ts.usePathLoadingReady(any),src/hooks/hover-click-handlers/usePathLoadingReady.ts#L3:22,TypeScript,23,5,1
23 lines of code for unit buildFlightPlanCreateAttributes.ts.buildFlightPlanCreateAttributes(BuildFlightPlanCreateAttributesInput),LOW,RAW,2026-07-04,13,buildFlightPlanCreateAttributes.ts.buildFlightPlanCreateAttributes(BuildFlightPlanCreateAttributesInput),src/hooks/flightPlan/buildFlightPlanCreateAttributes.ts#L18:43,TypeScript,23,2,1
23 lines of code for unit useViewPlanFilteredPlans.ts.useViewPlanFilteredPlans(any),LOW,RAW,2026-07-13,4,useViewPlanFilteredPlans.ts.useViewPlanFilteredPlans(any),src/Components/HomePage/Body/Left/Voorbereiding/ViewPlan/useViewPlanFilteredPlans.ts#L5:36,TypeScript,23,3,1
23 lines of code for unit handleToggle(React.ChangeEvent<HTMLInputElement>),LOW,RAW,2026-06-04,43,handleToggle(React.ChangeEvent<HTMLInputElement>),src/Components/HomePage/Body/Left/Common/KaartLegend/LayersList/Common/LayerItem.tsx#L41:70,TypeScript,23,5,1
23 lines of code for unit index.tsx.Step3(),LOW,RAW,2026-06-04,43,index.tsx.Step3(),src/Components/HomePage/Body/Left/Voorbereiding/AddPointsVluchtPlan/Step3/index.tsx#L5:29,TypeScript,23,1,0
23 lines of code for unit useNearestPointClick.ts.useNearestPointClick(UseNearestPointClickOptions),LOW,RAW,2026-06-04,43,useNearestPointClick.ts.useNearestPointClick(UseNearestPointClickOptions),src/hooks/hover-click-handlers/useNearestPointClick.ts#L17:50,TypeScript,23,6,1
23 lines of code for unit featureLayerLabelsSync.ts.attachFeatureLayerLabelSync(any),LOW,RAW,2026-07-04,13,featureLayerLabelsSync.ts.attachFeatureLayerLabelSync(any),src/hooks/hover-click-handlers/featureLayerLabelsSync.ts#L28:32,TypeScript,23,3,1
"23 lines of code for unit logoutHandler.ts.RequestHandler(any,any)",LOW,RAW,2026-06-04,43,"logoutHandler.ts.RequestHandler(any,any)",backend/src/routes/auth/authKeycloak/logoutHandler.ts#L4:30,TypeScript,23,7,2
23 lines of code for unit fetchTimeRange(),LOW,RAW,2026-06-04,43,fetchTimeRange(),src/hooks/useTimeRange.ts#L15:37,TypeScript,23,8,0
23 lines of code for unit verifyRegioPointsGeometries.ts.runGeometriesQuery(string|undefined),LOW,RAW,2026-07-04,13,verifyRegioPointsGeometries.ts.runGeometriesQuery(string|undefined),backend/scripts/verifyRegioPointsGeometries.ts#L23:45,TypeScript,23,4,1
23 lines of code for unit flightPlanFormFields.ts,LOW,RAW,2026-07-17,0,flightPlanFormFields.ts,src/hooks/zustand/shared/flightPlanFormFields.ts#L1:23,TypeScript,23,1,0
23 lines of code for unit handleSubmit(),LOW,RAW,2026-06-04,43,handleSubmit(),src/Components/HomePage/Body/Left/Voorbereiding/ViewPlan/Steps/EditPoint/Buttons/Submit.tsx#L24:46,TypeScript,23,2,0
23 lines of code for unit pages.ts,LOW,RAW,2026-07-04,13,pages.ts,src/Components/HomePage/Head/headTabDefinitions/pages.ts#L1:26,TypeScript,23,1,0
"23 lines of code for unit drawYellowPlanGraphics.ts.drawYellowGeometries(Geometry[],__esri.GraphicsLayer|null)",LOW,RAW,2026-06-04,43,"drawYellowPlanGraphics.ts.drawYellowGeometries(Geometry[],__esri.GraphicsLayer|null)",src/Components/HomePage/Body/Left/Voorbereiding/ViewPlan/Steps/AddPointToPlan/helpers/drawYellowPlanGraphics.ts#L44:73,TypeScript,23,5,2
23 lines of code for unit index.tsx.ListPointFunctions(any),LOW,RAW,2026-07-15,2,index.tsx.ListPointFunctions(any),src/Components/HomePage/Body/Left/Common/SearchedResultsTab/Functions/ListPointsFunctions/index.tsx#L24:40,TypeScript,23,1,1
23 lines of code for unit SinglePlan.tsx.SinglePlan(any),LOW,RAW,2026-06-04,43,SinglePlan.tsx.SinglePlan(any),src/Components/HomePage/Body/Left/Voorbereiding/ReuseFlightPlan/Steps/Step1/SinglePlan.tsx#L9:45,TypeScript,23,1,1
23 lines of code for unit useEntityPlanImages.ts.useEntityPlanImages(EntityPlanImagesInput),LOW,RAW,2026-07-17,0,useEntityPlanImages.ts.useEntityPlanImages(EntityPlanImagesInput),src/api-hooks/planImages/useEntityPlanImages.ts#L15:28,TypeScript,23,5,1
23 lines of code for unit buildTemplateGeometryGroup.ts.buildTemplateGeometryGroup(any),LOW,RAW,2026-07-04,13,buildTemplateGeometryGroup.ts.buildTemplateGeometryGroup(any),backend/src/helpers/queries/geometries/buildTemplateGeometryGroup.ts#L7:35,TypeScript,23,12,1
"23 lines of code for unit invalidateRelatedQueries.ts.invalidateRelatedQueries(QueryClient,string)",LOW,RAW,2026-07-17,0,"invalidateRelatedQueries.ts.invalidateRelatedQueries(QueryClient,string)",src/lib/invalidateRelatedQueries.ts#L12:43,TypeScript,23,9,2
22 lines of code for unit usePointsViewLayoutController.ts.usePointsViewLayoutController(any),LOW,RAW,2026-07-14,3,usePointsViewLayoutController.ts.usePointsViewLayoutController(any),src/Components/HomePage/Body/Bottom/PointsView/common/hooks/usePointsViewLayoutController.ts#L5:39,TypeScript,22,1,1
22 lines of code for unit SinglePoints.tsx.SinglePoint(any),LOW,RAW,2026-06-04,43,SinglePoints.tsx.SinglePoint(any),src/Components/HomePage/Body/Left/Nabewerking/VluchtenZoeken/Steps/Step2/Actions/Waarnemingen/EditPointDetails/Actions/ChangePoint/SinglePoints.tsx#L7:39,TypeScript,22,1,1
22 lines of code for unit upsertRegisteredDevice.ts.insertNewDevice(RegisterDeviceInput),LOW,RAW,2026-07-04,13,upsertRegisteredDevice.ts.insertNewDevice(RegisterDeviceInput),backend/src/routes/devices-updates/upsertRegisteredDevice.ts#L43:67,TypeScript,22,5,1
22 lines of code for unit useDrawingStore.ts,LOW,RAW,2026-06-04,43,useDrawingStore.ts,src/hooks/zustand/useDrawingStore.ts#L1:48,TypeScript,22,1,0
22 lines of code for unit Buttons.tsx.Buttons(any),LOW,RAW,2026-06-04,43,Buttons.tsx.Buttons(any),src/Components/HomePage/Body/Left/Voorbereiding/ViewPlan/Steps/Step1/Buttons.tsx#L10:35,TypeScript,22,4,1
22 lines of code for unit useReuseFlightPlan.ts,LOW,RAW,2026-06-04,43,useReuseFlightPlan.ts,src/hooks/zustand/useReuseFlightPlan.ts#L1:67,TypeScript,22,1,0
22 lines of code for unit Buttons.tsx.Buttons(any),LOW,RAW,2026-06-10,37,Buttons.tsx.Buttons(any),src/Components/HomePage/Body/Left/Voorbereiding/ViewPlan/Steps/Step2/Buttons.tsx#L17:44,TypeScript,22,1,1
"22 lines of code for unit formatPlanGeometries.ts.splitPointsByGeometry(RawPoint[],SplitPointsOptions<T>)",LOW,RAW,2026-06-30,17,"formatPlanGeometries.ts.splitPointsByGeometry(RawPoint[],SplitPointsOptions<T>)",backend/src/helpers/queries/geometries/formatPlanGeometries.ts#L43:71,TypeScript,22,3,2
22 lines of code for unit FlightPlanStandardFieldsProps.pickFlightPlanFormFields(FlightPlanFormFieldValues&FlightPlanFormFieldSetters),LOW,RAW,2026-07-04,13,FlightPlanStandardFieldsProps.pickFlightPlanFormFields(FlightPlanFormFieldValues&FlightPlanFormFieldSetters),src/Components/HomePage/Body/Left/Common/FlightPlanForm/FlightPlanStandardFields.tsx#L41:64,TypeScript,22,1,1
"22 lines of code for unit mapGetacDeviceRow.ts.mapGetacDeviceRow(Record<string, unknown>)",LOW,RAW,2026-07-04,13,"mapGetacDeviceRow.ts.mapGetacDeviceRow(Record<string, unknown>)",backend/src/routes/devices-updates/mapGetacDeviceRow.ts#L11:32,TypeScript,22,5,1
22 lines of code for unit useViewPlanState.ts,LOW,RAW,2026-06-06,41,useViewPlanState.ts,src/hooks/zustand/voorbereiding/useViewPlanState.ts#L1:76,TypeScript,22,1,0
"22 lines of code for unit buildHtml.ts.htmlDiv(string,string)",LOW,RAW,2026-06-29,18,"buildHtml.ts.htmlDiv(string,string)",backend/src/helpers/html/buildHtml.ts#L15:40,TypeScript,22,1,2
"22 lines of code for unit createTemplateName.ts.createTemplateName(Request,Response)",LOW,RAW,2026-06-04,43,"createTemplateName.ts.createTemplateName(Request,Response)",backend/src/routes/template_plans/createTemplateName.ts#L8:35,TypeScript,22,4,2
"22 lines of code for unit pointGraphicFactory.ts.createPointGraphic(PointData,CreatePointGraphicOptions)",LOW,RAW,2026-07-17,0,"pointGraphicFactory.ts.createPointGraphic(PointData,CreatePointGraphicOptions)",src/helpers/ArcGISHelpers/pointGraphicFactory.ts#L10:36,TypeScript,22,2,2
"22 lines of code for unit pointGraphicCoordinates.ts.getPointCoordinates(PointData,any)",LOW,RAW,2026-07-17,0,"pointGraphicCoordinates.ts.getPointCoordinates(PointData,any)",src/helpers/ArcGISHelpers/pointGraphicCoordinates.ts#L4:30,TypeScript,22,8,2
22 lines of code for unit EditFormBody.tsx,LOW,RAW,2026-06-04,43,EditFormBody.tsx,src/Components/HomePage/Body/Left/Tools/EditGeometry/EditForm/EditFormBody.tsx#L1:9,TypeScript,22,1,0
22 lines of code for unit useWizardPointsFilterHeader.tsx.useWizardPointsFilterHeader(any),LOW,RAW,2026-07-13,4,useWizardPointsFilterHeader.tsx.useWizardPointsFilterHeader(any),src/hooks/points/useWizardPointsFilterHeader.tsx#L3:44,TypeScript,22,6,1
"22 lines of code for unit CreateKeycloakUserInput.clearKeycloakRequiredActions(Request,string)",LOW,RAW,2026-07-04,13,"CreateKeycloakUserInput.clearKeycloakRequiredActions(Request,string)",backend/src/routes/keycloak/management/users/createKeycloakUser.ts#L84:107,TypeScript,22,4,2
22 lines of code for unit uploadAttachment(),LOW,RAW,2026-06-06,41,uploadAttachment(),src/Components/HomePage/Body/Left/Nabewerking/VluchtenZoeken/Steps/Step2/Actions/Waarnemingen/common/Foto/CreateImageBtn.tsx#L74:95,TypeScript,22,3,0
22 lines of code for unit flightPlanFields.ts.buildFlightPlanInsertParams(FlightPlanBodySource),LOW,RAW,2026-06-30,17,flightPlanFields.ts.buildFlightPlanInsertParams(FlightPlanBodySource),backend/src/helpers/queries/flight-plans/flightPlanFields.ts#L87:109,TypeScript,22,5,1
22 lines of code for unit useTimesliderSelection.ts.useTimesliderSelectedPlan(any),LOW,RAW,2026-07-04,13,useTimesliderSelection.ts.useTimesliderSelectedPlan(any),src/Components/TimesliderItemDetailPage/useTimesliderSelection.ts#L4:32,TypeScript,22,6,1
"22 lines of code for unit getPoints.ts.getPoints(Request,Response)",LOW,RAW,2026-06-04,43,"getPoints.ts.getPoints(Request,Response)",backend/src/routes/points/getPoints.ts#L6:28,TypeScript,22,3,2
22 lines of code for unit useStepContentMapSync.ts.useStepContentMapSync(PointData[]),LOW,RAW,2026-07-14,3,useStepContentMapSync.ts.useStepContentMapSync(PointData[]),src/Components/HomePage/Body/Left/Voorbereiding/AddPointsVluchtPlan/Common/useStepContentMapSync.ts#L11:34,TypeScript,22,1,1
22 lines of code for unit zoomToPoints(),LOW,RAW,2026-06-04,43,zoomToPoints(),src/Components/HomePage/Body/Bottom/ClickedTableFunctions/PointsList.tsx#L28:51,TypeScript,22,4,0
22 lines of code for unit flightPlanFields.ts.buildFlightPlanInsertSql(),LOW,RAW,2026-06-30,17,flightPlanFields.ts.buildFlightPlanInsertSql(),backend/src/helpers/queries/flight-plans/flightPlanFields.ts#L63:85,TypeScript,22,1,0
22 lines of code for unit index.tsx.Step1(any),LOW,RAW,2026-06-04,43,index.tsx.Step1(any),src/Components/HomePage/Body/Left/Nabewerking/CreateReport/Steps/Step1/index.tsx#L8:51,TypeScript,22,1,1
"22 lines of code for unit timesliderHighlightGraphics.ts.addPlanPointHighlights(__esri.GraphicsLayer,FinishedFlightPlanType)",LOW,RAW,2026-07-13,4,"timesliderHighlightGraphics.ts.addPlanPointHighlights(__esri.GraphicsLayer,FinishedFlightPlanType)",src/helpers/timeslider/timesliderHighlightGraphics.ts#L37:61,TypeScript,22,4,2
22 lines of code for unit FlightPlan.tsx.SinglePlan(any),LOW,RAW,2026-06-04,43,FlightPlan.tsx.SinglePlan(any),src/Components/HomePage/Body/Left/Nabewerking/ChangeFlightPlanStatus/FlightPlan.tsx#L8:35,TypeScript,22,1,1
21 lines of code for unit index.tsx.Step2(any),LOW,RAW,2026-06-04,43,index.tsx.Step2(any),src/Components/HomePage/Body/Left/Voorbereiding/ViewPlan/Steps/AddPointStep/Steps/Step2/index.tsx#L13:36,TypeScript,21,2,1
21 lines of code for unit createYellowBorder.ts.createYellowBorder(EnrichedPointType),LOW,RAW,2026-06-04,43,createYellowBorder.ts.createYellowBorder(EnrichedPointType),src/helpers/ArcGISHelpers/createYellowBorder.ts#L6:29,TypeScript,21,1,1
21 lines of code for unit Images.tsx.Images(any),LOW,RAW,2026-06-04,43,Images.tsx.Images(any),src/Components/HomePage/Body/Left/Voorbereiding/SelectedPoint/ViewPlans/Images.tsx#L9:29,TypeScript,21,5,1
21 lines of code for unit Sidebar.tsx.Sidebar(),LOW,RAW,2026-06-04,43,Sidebar.tsx.Sidebar(),src/Components/DashboardPage/Sidebar.tsx#L3:37,TypeScript,21,1,0
"21 lines of code for unit geometryFilterPredicates.ts.matchesGeometryFilters(Geometry,GeometryFilterCriteria)",LOW,RAW,2026-07-17,0,"geometryFilterPredicates.ts.matchesGeometryFilters(Geometry,GeometryFilterCriteria)",src/hooks/filters/geometryFilterPredicates.ts#L15:41,TypeScript,21,10,2
21 lines of code for unit FinishedPlanWriter.markFlightPlanFinished(),LOW,RAW,2026-07-01,16,FinishedPlanWriter.markFlightPlanFinished(),backend/src/helpers/finished-plans/createFinishedPlanDb.ts#L119:140,TypeScript,21,3,0
"21 lines of code for unit handleSubmit(number[],number[])",LOW,RAW,2026-06-04,43,"handleSubmit(number[],number[])",src/Components/HomePage/Body/Left/Voorbereiding/FlightPlan/Steps/Step1/TemplateFlights/index.tsx#L40:59,TypeScript,21,1,2
21 lines of code for unit useTimesliderQueryContext.ts.useTimesliderQueryContext(),LOW,RAW,2026-07-13,4,useTimesliderQueryContext.ts.useTimesliderQueryContext(),src/Components/TimesliderItemDetailPage/useTimesliderQueryContext.ts#L6:27,TypeScript,21,8,0
21 lines of code for unit useRenderGeometries.ts.useRenderGeometries(),LOW,RAW,2026-06-04,43,useRenderGeometries.ts.useRenderGeometries(),src/hooks/features/useRenderGeometries.ts#L12:32,TypeScript,21,4,0
21 lines of code for unit syncTableTabGraphics.ts.syncFlightPlansTabGraphics(any),LOW,RAW,2026-07-04,13,syncTableTabGraphics.ts.syncFlightPlansTabGraphics(any),src/Components/HomePage/Body/Bottom/PointsView/common/hooks/syncTableTabGraphics.ts#L46:72,TypeScript,21,5,1
21 lines of code for unit syncTableTabGraphics.ts,LOW,RAW,2026-07-04,13,syncTableTabGraphics.ts,src/Components/HomePage/Body/Bottom/PointsView/common/hooks/syncTableTabGraphics.ts#L1:17,TypeScript,21,1,0
21 lines of code for unit resetFormAndState(),LOW,RAW,2026-06-04,43,resetFormAndState(),src/Components/HomePage/Body/Left/Voorbereiding/ViewPlan/Steps/AddPointStep/index.tsx#L63:83,TypeScript,21,1,0
21 lines of code for unit InputComp.tsx,LOW,RAW,2026-07-14,3,InputComp.tsx,src/Components/HomePage/Body/Left/Common/FormComponents/InputComp.tsx#L1:18,TypeScript,21,9,0
21 lines of code for unit MapComp.tsx.MapComp(any),LOW,RAW,2026-06-04,43,MapComp.tsx.MapComp(any),src/Components/HomePage/Body/MapViewComp/MapComp.tsx#L12:45,TypeScript,21,4,1
21 lines of code for unit CommonTabBtn.tsx.CommonTabBtn(any),LOW,RAW,2026-06-04,43,CommonTabBtn.tsx.CommonTabBtn(any),src/Components/HomePage/Head/Common/CommonTabBtn.tsx#L6:52,TypeScript,21,2,1
21 lines of code for unit handleSubmit(),LOW,RAW,2026-07-13,4,handleSubmit(),src/Components/HomePage/Body/Left/Nabewerking/VluchtenZoeken/Steps/Step2/Actions/Waarnemingen/EditPointDetails/Actions/EditPointCoordinates/useEditPointCoordinateSubmit.ts#L24:44,TypeScript,21,2,0
21 lines of code for unit handleSubmit(),LOW,RAW,2026-06-04,43,handleSubmit(),src/Components/HomePage/Body/Left/Voorbereiding/ViewPlan/Steps/AddPointToPlan/Buttons.tsx#L37:58,TypeScript,21,2,0
"21 lines of code for unit callbackHandler.ts.RequestHandler(any,any)",LOW,RAW,2026-06-04,43,"callbackHandler.ts.RequestHandler(any,any)",backend/src/routes/auth/authKeycloak/callbackHandler.ts#L7:28,TypeScript,21,2,2
21 lines of code for unit usePointGraphicsEffects.ts.usePointGraphicsClick(any),LOW,RAW,2026-07-14,3,usePointGraphicsEffects.ts.usePointGraphicsClick(any),src/hooks/features/usePointGraphicsEffects.ts#L38:62,TypeScript,21,6,1
21 lines of code for unit useTableLayout.ts.useTableLayout(UseTableLayoutInput),LOW,RAW,2026-07-04,13,useTableLayout.ts.useTableLayout(UseTableLayoutInput),src/Components/HomePage/Body/Bottom/PointsView/common/hooks/useTableLayout.ts#L8:29,TypeScript,21,6,1
"21 lines of code for unit getPointsDescription.ts.getPointsDescription(Request,Response)",LOW,RAW,2026-06-04,43,"getPointsDescription.ts.getPointsDescription(Request,Response)",backend/src/routes/points/getPointsDescription.ts#L4:28,TypeScript,21,3,2
21 lines of code for unit buildCoordinateSyncPatch.ts.buildCoordinateSyncPatch(any),LOW,RAW,2026-07-17,0,buildCoordinateSyncPatch.ts.buildCoordinateSyncPatch(any),src/helpers/geo/buildCoordinateSyncPatch.ts#L11:39,TypeScript,21,3,1
21 lines of code for unit featureLayerPopupClick.ts.handleFeatureLayerMapClick(any),LOW,RAW,2026-07-04,13,featureLayerPopupClick.ts.handleFeatureLayerMapClick(any),src/hooks/hover-click-handlers/featureLayerPopupClick.ts#L8:37,TypeScript,21,5,1
21 lines of code for unit index.tsx.AllUsersTable(),LOW,RAW,2026-06-04,43,index.tsx.AllUsersTable(),src/Components/DashboardPage/AllUsersTable/index.tsx#L28:43,TypeScript,21,3,0
21 lines of code for unit finishedPlan.ts.validateFinishedPlan(unknown),LOW,RAW,2026-06-10,37,finishedPlan.ts.validateFinishedPlan(unknown),backend/src/helpers/validators/finishedPlan.ts#L65:93,TypeScript,21,10,1
"21 lines of code for unit createUser.ts.handleCreateUser(Request,Response)",LOW,RAW,2026-06-04,43,"createUser.ts.handleCreateUser(Request,Response)",backend/src/routes/keycloak/management/users/createUser.ts#L8:33,TypeScript,21,5,2
"21 lines of code for unit sortPointsWithSelectionOrder.ts.sortPointsWithSelectionOrder(T[],number[])",LOW,RAW,2026-06-29,18,"sortPointsWithSelectionOrder.ts.sortPointsWithSelectionOrder(T[],number[])",src/hooks/points/sortPointsWithSelectionOrder.ts#L4:15,TypeScript,21,12,2
21 lines of code for unit usePopupBlockedGuard.ts.usePopupBlockedGuard(),LOW,RAW,2026-07-13,4,usePopupBlockedGuard.ts.usePopupBlockedGuard(),src/hooks/popUpModal/usePopupBlockedGuard.ts#L7:28,TypeScript,21,1,0
21 lines of code for unit selectTargetGeometry(number),LOW,RAW,2026-07-15,2,selectTargetGeometry(number),src/Components/HomePage/Body/Left/Voorbereiding/ViewPlan/Steps/Step2/useViewPlanStepMap.ts#L84:104,TypeScript,21,4,1
21 lines of code for unit hoverMapGraphic.ts.findHoveredMapGraphic(any),LOW,RAW,2026-07-04,13,hoverMapGraphic.ts.findHoveredMapGraphic(any),src/hooks/features/hoverMapGraphic.ts#L6:37,TypeScript,21,11,1
21 lines of code for unit Section2.tsx.Section2(),LOW,RAW,2026-06-04,43,Section2.tsx.Section2(),src/Components/HomePage/Body/Left/Common/KaartLegend/LayersList/Block1/Section2.tsx#L4:28,TypeScript,21,1,0
"21 lines of code for unit fileDownload.ts.setPasswordHandler(any,any)",LOW,RAW,2026-06-04,43,"fileDownload.ts.setPasswordHandler(any,any)",backend/src/routes/fileDownload.ts#L24:31,TypeScript,21,5,2
"21 lines of code for unit buildPlanBoundingBoxGraphic.ts.buildPlanBoundingBoxGraphic(PlanBoundingBoxPoint[],any,any,CreatePlanBoundingBoxGraphicOptions)",LOW,RAW,2026-07-17,0,"buildPlanBoundingBoxGraphic.ts.buildPlanBoundingBoxGraphic(PlanBoundingBoxPoint[],any,any,CreatePlanBoundingBoxGraphicOptions)",src/helpers/ArcGISHelpers/buildPlanBoundingBoxGraphic.ts#L11:37,TypeScript,21,8,4
"21 lines of code for unit formatPlanGeometries.ts.fetchGeometryDataMap(Pool,number[])",LOW,RAW,2026-06-30,17,"formatPlanGeometries.ts.fetchGeometryDataMap(Pool,number[])",backend/src/helpers/queries/geometries/formatPlanGeometries.ts#L111:138,TypeScript,21,2,2
21 lines of code for unit processPoint.ts.processPoint(ProcessPointParams),LOW,RAW,2026-06-04,43,processPoint.ts.processPoint(ProcessPointParams),src/Components/HomePage/Body/Left/Nabewerking/CreateReport/helpers/useHandleStep2/processPoint.ts#L9:32,TypeScript,21,1,1
20 lines of code for unit featureLayerPopupClick.ts.attachFeatureLayerPopupClick(any),LOW,RAW,2026-07-04,13,featureLayerPopupClick.ts.attachFeatureLayerPopupClick(any),src/hooks/hover-click-handlers/featureLayerPopupClick.ts#L39:66,TypeScript,20,3,1
20 lines of code for unit keycloakUserApi.ts.createKeycloakUser(any),LOW,RAW,2026-07-04,13,keycloakUserApi.ts.createKeycloakUser(any),src/Components/DashboardPage/shared/keycloakUserApi.ts#L47:72,TypeScript,20,6,1
"20 lines of code for unit useResizableSidebar.ts.useResizableSidebar(number,ResizeHandleSide)",LOW,RAW,2026-06-10,37,"useResizableSidebar.ts.useResizableSidebar(number,ResizeHandleSide)",src/hooks/layout/useResizableSidebar.ts#L14:37,TypeScript,20,1,2
20 lines of code for unit buildReusePlanPointIds.ts.buildReuseFlightPlanPointIds(BuildReuseFlightPlanPointIdsInput),LOW,RAW,2026-07-04,13,buildReusePlanPointIds.ts.buildReuseFlightPlanPointIds(BuildReuseFlightPlanPointIdsInput),src/Components/HomePage/Body/Left/Voorbereiding/ReuseFlightPlan/Steps/Step2/helpers/buildReusePlanPointIds.ts#L13:31,TypeScript,20,1,1
20 lines of code for unit Pages.tsx.Pages(),LOW,RAW,2026-06-04,43,Pages.tsx.Pages(),src/Components/HomePage/Head/Common/Pages.tsx#L8:45,TypeScript,20,4,0
20 lines of code for unit reportPdfCommon.ts.fetchOverviewDetailImages(any),LOW,RAW,2026-07-04,13,reportPdfCommon.ts.fetchOverviewDetailImages(any),src/Components/HomePage/Body/Left/Nabewerking/CreateReport/helpers/useHandleStep2/reportPdfCommon.ts#L47:70,TypeScript,20,1,1
"20 lines of code for unit drawYellowPlanGraphics.ts.drawYellowPoint(EnrichedPointType,__esri.GraphicsLayer|null)",LOW,RAW,2026-06-04,43,"drawYellowPlanGraphics.ts.drawYellowPoint(EnrichedPointType,__esri.GraphicsLayer|null)",src/Components/HomePage/Body/Left/Voorbereiding/ViewPlan/Steps/AddPointToPlan/helpers/drawYellowPlanGraphics.ts#L17:42,TypeScript,20,3,2
"20 lines of code for unit entityDeleteHelpers.ts.removePointIdsFromFlightPlans(PoolClient,number[])",LOW,RAW,2026-07-01,16,"entityDeleteHelpers.ts.removePointIdsFromFlightPlans(PoolClient,number[])",backend/src/helpers/entities/entityDeleteHelpers.ts#L68:94,TypeScript,20,6,2
20 lines of code for unit KaartlagenlijstTab.tsx.KaartlagenlijstTab(),LOW,RAW,2026-06-04,43,KaartlagenlijstTab.tsx.KaartlagenlijstTab(),src/Components/HomePage/Body/Left/Common/BottomTabs/KaartlagenlijstTab.tsx#L5:30,TypeScript,20,1,0
20 lines of code for unit resetAddPointStepState.ts.removeAddPointMapGraphics(any),LOW,RAW,2026-07-13,4,resetAddPointStepState.ts.removeAddPointMapGraphics(any),src/Components/HomePage/Body/Left/Voorbereiding/ViewPlan/Steps/AddPointStep/resetAddPointStepState.ts#L4:29,TypeScript,20,5,1
20 lines of code for unit pdfReportTables.ts.addWrappedTable(any),LOW,RAW,2026-07-14,3,pdfReportTables.ts.addWrappedTable(any),src/Components/HomePage/Body/Left/Nabewerking/CreateReport/helpers/pdfReportTables.ts#L6:30,TypeScript,20,2,1
20 lines of code for unit spoedReportPdf.ts.waitForEmbeddedAssets(Page),LOW,RAW,2026-06-29,18,spoedReportPdf.ts.waitForEmbeddedAssets(Page),backend/src/routes/emails/spoedReportPdf.ts#L22:41,TypeScript,20,9,1
20 lines of code for unit pointPlanImagesToAttachments.ts.pointPlanImagesToAttachments(PointPlanImageRow[]),LOW,RAW,2026-07-17,0,pointPlanImagesToAttachments.ts.pointPlanImagesToAttachments(PointPlanImageRow[]),src/api-hooks/planImages/pointPlanImagesToAttachments.ts#L5:28,TypeScript,20,8,1
20 lines of code for unit Buttons.tsx.Buttons(any),LOW,RAW,2026-06-04,43,Buttons.tsx.Buttons(any),src/Components/HomePage/Body/Left/Voorbereiding/TemplateFlight/Steps/Step2/Buttons.tsx#L10:32,TypeScript,20,1,1
"20 lines of code for unit db.ts.queueDeviceCommand(string,DeviceCommand)",LOW,RAW,2026-06-04,43,"db.ts.queueDeviceCommand(string,DeviceCommand)",backend/src/routes/devices-updates/db.ts#L126:150,TypeScript,20,2,2
20 lines of code for unit loadRoles(),LOW,RAW,2026-06-29,18,loadRoles(),src/Components/DashboardPage/shared/useKeycloakRoles.ts#L17:36,TypeScript,20,5,0
20 lines of code for unit NewGeometriesList.tsx.NewGeometriesList(),LOW,RAW,2026-06-04,43,NewGeometriesList.tsx.NewGeometriesList(),src/Components/HomePage/Body/Left/Voorbereiding/ReuseFlightPlan/Steps/Step2/NewGeometriesList.tsx#L10:49,TypeScript,20,5,0
20 lines of code for unit FeatureDeleteAttachmentsResponse.assertDeleteAttachmentsSuccess(FeatureDeleteAttachmentsResponse),LOW,RAW,2026-07-04,13,FeatureDeleteAttachmentsResponse.assertDeleteAttachmentsSuccess(FeatureDeleteAttachmentsResponse),src/helpers/arcgis/deleteAttachmentsResponse.ts#L27:52,TypeScript,20,10,1
20 lines of code for unit index.tsx.Step3(),LOW,RAW,2026-06-04,43,index.tsx.Step3(),src/Components/HomePage/Body/Left/Nabewerking/CreateReport/Steps/Step3/index.tsx#L10:56,TypeScript,20,4,0
20 lines of code for unit pdfReportMapPages.ts.addMapPages(any),LOW,RAW,2026-07-13,4,pdfReportMapPages.ts.addMapPages(any),src/Components/HomePage/Body/Left/Nabewerking/CreateReport/helpers/pdfReportMapPages.ts#L44:68,TypeScript,20,1,1
"20 lines of code for unit loginHandler.ts.RequestHandler(any,any)",LOW,RAW,2026-07-13,4,"loginHandler.ts.RequestHandler(any,any)",backend/src/routes/auth2/loginHandler.ts#L6:26,TypeScript,20,3,2
"20 lines of code for unit buildGeometryPointsFromDrawn.ts.webMercatorToWgs84(number,number)",LOW,RAW,2026-07-04,13,"buildGeometryPointsFromDrawn.ts.webMercatorToWgs84(number,number)",src/Components/HomePage/Body/Left/Voorbereiding/DrawingTool/helpers/buildGeometryPointsFromDrawn.ts#L27:48,TypeScript,20,5,2
20 lines of code for unit PointItemCheckBox.tsx.PointItemCheckBox(PointItemCheckBoxProps),LOW,RAW,2026-07-15,2,PointItemCheckBox.tsx.PointItemCheckBox(PointItemCheckBoxProps),src/Components/HomePage/Body/Left/Common/PointItemCheckBox.tsx#L18:46,TypeScript,20,7,1
20 lines of code for unit SearchedTab.tsx.SearchedTab(),LOW,RAW,2026-06-04,43,SearchedTab.tsx.SearchedTab(),src/Components/HomePage/Body/Left/Common/BottomTabs/SearchedTab.tsx#L5:33,TypeScript,20,1,0
"20 lines of code for unit buildFinishedPlanQuery.ts.buildFinishedPlansTimeRangeQuery(unknown,RegioFilterOptions)",LOW,RAW,2026-07-01,16,"buildFinishedPlanQuery.ts.buildFinishedPlansTimeRangeQuery(unknown,RegioFilterOptions)",backend/src/helpers/queries/finished-plans/buildFinishedPlanQuery.ts#L86:114,TypeScript,20,1,2
20 lines of code for unit persistLoginSession.ts.persistLoginSession(any),LOW,RAW,2026-07-13,4,persistLoginSession.ts.persistLoginSession(any),backend/src/routes/auth2/persistLoginSession.ts#L9:36,TypeScript,20,3,1
20 lines of code for unit ResultTab.tsx.ResultTab(),LOW,RAW,2026-06-04,43,ResultTab.tsx.ResultTab(),src/Components/HomePage/Body/Left/Common/BottomTabs/ResultTab.tsx#L6:33,TypeScript,20,2,0
20 lines of code for unit pointJson.ts,LOW,RAW,2026-06-30,17,pointJson.ts,backend/src/helpers/queries/points/pointJson.ts#L1:20,TypeScript,20,1,0
20 lines of code for unit swagger.ts.setupSwagger(Express),LOW,RAW,2026-06-10,37,swagger.ts.setupSwagger(Express),backend/src/routes/swagger.ts#L54:74,TypeScript,20,1,1
20 lines of code for unit useImageMarkersOnMap.ts.useImageMarkersOnMap(UseImageMarkersOnMapInput),LOW,RAW,2026-07-04,13,useImageMarkersOnMap.ts.useImageMarkersOnMap(UseImageMarkersOnMapInput),src/Components/HomePage/Body/Left/Nabewerking/VluchtenZoeken/Steps/Step2/Actions/Waarnemingen/common/Foto/useImageMarkersOnMap.ts#L14:36,TypeScript,20,4,1
20 lines of code for unit Buttons.tsx.Buttons(any),LOW,RAW,2026-06-04,43,Buttons.tsx.Buttons(any),src/Components/HomePage/Body/Left/Voorbereiding/FlightPlan/Steps/Step2/Buttons.tsx#L10:32,TypeScript,20,1,1
20 lines of code for unit SelectFromSourceButtons.tsx.SelectFromSourceButtons(any),LOW,RAW,2026-07-13,4,SelectFromSourceButtons.tsx.SelectFromSourceButtons(any),src/Components/HomePage/Body/Left/Voorbereiding/ViewPlan/Steps/AddPointsFromPlan/SelectFromSource/SelectFromSourceButtons.tsx#L11:35,TypeScript,20,3,1
20 lines of code for unit safeServerRedirect.ts.isSafeServerRedirectTarget(string),LOW,RAW,2026-07-13,4,safeServerRedirect.ts.isSafeServerRedirectTarget(string),backend/src/routes/auth/authKeycloak/safeServerRedirect.ts#L20:43,TypeScript,20,11,1
20 lines of code for unit startDrawingSession(string),LOW,RAW,2026-07-04,13,startDrawingSession(string),src/Components/HomePage/Body/Left/Voorbereiding/DrawingTool/Step1/Options.tsx#L64:88,TypeScript,20,5,1
20 lines of code for unit useCoordinatesWatcher.ts.useCoordinatesWatcher(),LOW,RAW,2026-06-04,43,useCoordinatesWatcher.ts.useCoordinatesWatcher(),src/Components/HomePage/Body/Left/Voorbereiding/EnrichedAddPoint/Steps/Step2/useCoordinatesWatcher.ts#L4:22,TypeScript,20,1,0
"20 lines of code for unit useRenderGeometries.ts.useRenderGeometries(FinishedFlightPlanType|null,number[])",LOW,RAW,2026-06-04,43,"useRenderGeometries.ts.useRenderGeometries(FinishedFlightPlanType|null,number[])",src/Components/HomePage/Body/Left/Nabewerking/CreateReport/Steps/Step2/hooks/useRenderGeometries.ts#L9:34,TypeScript,20,3,2
20 lines of code for unit getTransformedCoordinates.ts.getTransformedCoordinates(TransformCoordinatesInput),LOW,RAW,2026-07-04,13,getTransformedCoordinates.ts.getTransformedCoordinates(TransformCoordinatesInput),src/helpers/ArcGISHelpers/getTransformedCoordinates.ts#L10:34,TypeScript,20,7,1
20 lines of code for unit Buttons.tsx.Buttons(),LOW,RAW,2026-06-04,43,Buttons.tsx.Buttons(),src/Components/HomePage/Body/Left/Voorbereiding/DrawingTool/Step2/Buttons.tsx#L19:36,TypeScript,20,5,0
20 lines of code for unit filterState.ts,LOW,RAW,2026-06-04,43,filterState.ts,src/helpers/ZustandStates/filterState.ts#L1:52,TypeScript,20,1,0
20 lines of code for unit Form.tsx.Form(),LOW,RAW,2026-06-04,43,Form.tsx.Form(),src/Components/HomePage/Body/Left/Voorbereiding/ViewPlan/Steps/AddPointStep/Steps/Step3/Form.tsx#L7:73,TypeScript,20,1,0
"20 lines of code for unit bboxPolygon.ts.getBboxPolygon(any,any)",LOW,RAW,2026-07-13,4,"bboxPolygon.ts.getBboxPolygon(any,any)",src/helpers/geo/bboxPolygon.ts#L3:24,TypeScript,20,1,2
19 lines of code for unit index.tsx.Step1(),LOW,RAW,2026-06-04,43,index.tsx.Step1(),src/Components/HomePage/Body/Left/Voorbereiding/AddPointsVluchtPlan/Step1/index.tsx#L10:30,TypeScript,19,3,0
19 lines of code for unit spoedReportMail.ts.sendSpoedReportMail(SpoedMailPayload),LOW,RAW,2026-06-29,18,spoedReportMail.ts.sendSpoedReportMail(SpoedMailPayload),backend/src/routes/emails/spoedReportMail.ts#L29:49,TypeScript,19,1,1
"19 lines of code for unit getSearchedPoints.ts.getSearchedPoints(Request,Response)",LOW,RAW,2026-06-04,43,"getSearchedPoints.ts.getSearchedPoints(Request,Response)",backend/src/routes/points/getSearchedPoints.ts#L5:29,TypeScript,19,4,2
19 lines of code for unit usePointGraphicsEffects.ts.usePointGraphicsRendering(any),LOW,RAW,2026-07-14,3,usePointGraphicsEffects.ts.usePointGraphicsRendering(any),src/hooks/features/usePointGraphicsEffects.ts#L10:36,TypeScript,19,6,1
19 lines of code for unit SelectButtons.tsx.SelectButtons(any),LOW,RAW,2026-07-13,4,SelectButtons.tsx.SelectButtons(any),src/Components/HomePage/Body/Left/Voorbereiding/FlightPlan/Common/SelectButtons.tsx#L5:29,TypeScript,19,1,1
19 lines of code for unit FinishedPlanRegioWhereInput.buildFinishedPlanRegioWhereClause(FinishedPlanRegioWhereInput),LOW,RAW,2026-07-01,16,FinishedPlanRegioWhereInput.buildFinishedPlanRegioWhereClause(FinishedPlanRegioWhereInput),backend/src/helpers/queries/finished-plans/buildFinishedPlanQuery.ts#L123:144,TypeScript,19,1,1
19 lines of code for unit shapefileExport.ts.exportPointsShapefile(EnrichedPointType[]),LOW,RAW,2026-07-17,0,shapefileExport.ts.exportPointsShapefile(EnrichedPointType[]),src/helpers/tableExports/shapefileExport.ts#L46:65,TypeScript,19,2,1
19 lines of code for unit handleUpload(React.FormEvent<HTMLFormElement>),LOW,RAW,2026-06-04,43,handleUpload(React.FormEvent<HTMLFormElement>),src/Components/InstallationsPage/index.tsx#L48:67,TypeScript,19,4,1
19 lines of code for unit index.tsx.ChangePoint(any),LOW,RAW,2026-06-04,43,index.tsx.ChangePoint(any),src/Components/HomePage/Body/Left/Nabewerking/VluchtenZoeken/Steps/Step2/Actions/Waarnemingen/EditPointDetails/Actions/ChangePoint/index.tsx#L15:38,TypeScript,19,3,1
19 lines of code for unit Points.tsx.Points(PointsProps),LOW,RAW,2026-07-14,3,Points.tsx.Points(PointsProps),src/Components/HomePage/Body/Left/Nabewerking/CreateReport/Steps/Step2/Points.tsx#L14:54,TypeScript,19,1,1
19 lines of code for unit mapHoverHighlight.ts,LOW,RAW,2026-07-04,13,mapHoverHighlight.ts,src/Components/HomePage/Body/MapViewComp/mapHoverHighlight.ts#L1:24,TypeScript,19,3,0
19 lines of code for unit useDeletePointState.ts,LOW,RAW,2026-06-10,37,useDeletePointState.ts,src/hooks/zustand/tools/useDeletePointState.ts#L1:150,TypeScript,19,1,0
19 lines of code for unit NextBtn.tsx.NextBtn(),LOW,RAW,2026-06-04,43,NextBtn.tsx.NextBtn(),src/Components/HomePage/Body/Left/Voorbereiding/EnrichedAddPoint/Steps/Step2/NextBtn.tsx#L12:31,TypeScript,19,2,0
19 lines of code for unit resetAddPointStepState.ts.resetAddPointFormState(any),LOW,RAW,2026-07-13,4,resetAddPointStepState.ts.resetAddPointFormState(any),src/Components/HomePage/Body/Left/Voorbereiding/ViewPlan/Steps/AddPointStep/resetAddPointStepState.ts#L31:67,TypeScript,19,1,1
19 lines of code for unit viewPlanSession.ts.useViewPlanCancel(void),LOW,RAW,2026-07-04,13,viewPlanSession.ts.useViewPlanCancel(void),src/Components/HomePage/Body/Left/Voorbereiding/ViewPlan/viewPlanSession.ts#L51:70,TypeScript,19,1,1
19 lines of code for unit reportPdfCommon.ts.buildPdfPointData(any),LOW,RAW,2026-07-04,13,reportPdfCommon.ts.buildPdfPointData(any),src/Components/HomePage/Body/Left/Nabewerking/CreateReport/helpers/useHandleStep2/reportPdfCommon.ts#L14:41,TypeScript,19,1,1
"19 lines of code for unit getTimeRange.ts.getTimeRange(Request,Response)",LOW,RAW,2026-06-04,43,"getTimeRange.ts.getTimeRange(Request,Response)",backend/src/routes/timeslider/getTimeRange.ts#L6:27,TypeScript,19,3,2
19 lines of code for unit createPointMapGraphics.ts,LOW,RAW,2026-07-17,0,createPointMapGraphics.ts,src/helpers/ArcGISHelpers/createPointMapGraphics.ts#L1:19,TypeScript,19,1,0
19 lines of code for unit UpdateBtn.tsx.UpdateBtn(),LOW,RAW,2026-06-04,43,UpdateBtn.tsx.UpdateBtn(),src/Components/HomePage/Body/Left/Voorbereiding/EnrichedAddPoint/Steps/Step2/UpdateBtn.tsx#L8:27,TypeScript,19,1,0
19 lines of code for unit syncLocalGeometryGraphics.ts.syncLocalGeometryGraphics(any),LOW,RAW,2026-07-17,0,syncLocalGeometryGraphics.ts.syncLocalGeometryGraphics(any),src/hooks/features/syncLocalGeometryGraphics.ts#L7:32,TypeScript,19,4,1
"19 lines of code for unit selectedPlansPointsList.ts.buildListItems(PointWithPlan[],GeometryWithPlan[])",LOW,RAW,2026-06-04,43,"selectedPlansPointsList.ts.buildListItems(PointWithPlan[],GeometryWithPlan[])",src/helpers/timeslider/selectedPlansPointsList.ts#L90:111,TypeScript,19,1,2
19 lines of code for unit reportUpload.ts,LOW,RAW,2026-06-04,43,reportUpload.ts,backend/src/routes/reportUpload.ts#L1:17,TypeScript,19,3,0
19 lines of code for unit selectFromSourceGraphics.ts.createYellowPointGraphic(SelectFromSourceItemPoint),LOW,RAW,2026-07-04,13,selectFromSourceGraphics.ts.createYellowPointGraphic(SelectFromSourceItemPoint),src/Components/HomePage/Body/Left/Voorbereiding/ViewPlan/Steps/AddPointsFromPlan/SelectFromSource/helpers/selectFromSourceGraphics.ts#L95:115,TypeScript,19,2,1
19 lines of code for unit useSelectFromSourceGraphicsEffects.ts.useBluePointRendering(any),LOW,RAW,2026-07-14,3,useSelectFromSourceGraphicsEffects.ts.useBluePointRendering(any),src/Components/HomePage/Body/Left/Voorbereiding/ViewPlan/Steps/AddPointsFromPlan/SelectFromSource/useSelectFromSourceGraphicsEffects.ts#L50:74,TypeScript,19,2,1
19 lines of code for unit index.tsx.StepMultiplePoints(any),LOW,RAW,2026-06-04,43,index.tsx.StepMultiplePoints(any),src/Components/HomePage/Body/Left/Voorbereiding/SelectedPoint/AddToPlan/StepMultiplePoints/index.tsx#L7:69,TypeScript,19,2,1
"19 lines of code for unit deleteFlightPlan.ts.deleteFinishedFlightPlan(string,Response)",LOW,RAW,2026-07-04,13,"deleteFlightPlan.ts.deleteFinishedFlightPlan(string,Response)",backend/src/routes/flightPlans/deleteFlightPlan.ts#L23:44,TypeScript,19,3,2
19 lines of code for unit useGeometryListGraphics.ts.useGeometryListGraphics(any),LOW,RAW,2026-07-13,4,useGeometryListGraphics.ts.useGeometryListGraphics(any),src/Components/HomePage/Body/Left/Voorbereiding/FlightPlan/Common/useGeometryListGraphics.ts#L8:34,TypeScript,19,3,1
19 lines of code for unit pointFields.ts,LOW,RAW,2026-06-30,17,pointFields.ts,backend/src/helpers/queries/points/pointFields.ts#L1:21,TypeScript,19,1,0
"19 lines of code for unit FinishedPlanWriter.insertOneAttachment(FinishedPlanPoint,FinishedPlanAttachment)",LOW,RAW,2026-07-01,16,"FinishedPlanWriter.insertOneAttachment(FinishedPlanPoint,FinishedPlanAttachment)",backend/src/helpers/finished-plans/createFinishedPlanDb.ts#L167:188,TypeScript,19,7,2
"19 lines of code for unit startPolling(string,any)",LOW,RAW,2026-07-04,13,"startPolling(string,any)",src/Components/DevicesUpdatesPage/useDeviceActionPolling.ts#L23:45,TypeScript,19,5,2
19 lines of code for unit LoginErrorDecision.buildStep2LoginFailureBody(Step2FailureKind),LOW,RAW,2026-07-17,0,LoginErrorDecision.buildStep2LoginFailureBody(Step2FailureKind),backend/src/routes/auth2/loginErrorDecision.ts#L22:44,TypeScript,19,3,1
19 lines of code for unit index.tsx,LOW,RAW,2026-06-04,43,index.tsx,src/Components/HomePage/Body/Bottom/PointsView/FlightPlansTable/index.tsx#L1:39,TypeScript,19,1,0
19 lines of code for unit PlansList.tsx.PlansList(any),LOW,RAW,2026-06-04,43,PlansList.tsx.PlansList(any),src/Components/HomePage/Body/Left/Voorbereiding/SelectedPoint/ViewPlans/PlansList.tsx#L7:71,TypeScript,19,1,1
19 lines of code for unit deleteAttachmentsRequest.ts.postDeleteAttachmentsRequest(any),LOW,RAW,2026-07-17,0,deleteAttachmentsRequest.ts.postDeleteAttachmentsRequest(any),src/helpers/arcgis/deleteAttachmentsRequest.ts#L17:40,TypeScript,19,2,1
19 lines of code for unit drawingToolSketch.ts.symbolForTool(string),LOW,RAW,2026-07-17,0,drawingToolSketch.ts.symbolForTool(string),src/Components/HomePage/Body/Left/Voorbereiding/DrawingTool/helpers/drawingToolSketch.ts#L7:27,TypeScript,19,4,1
19 lines of code for unit index.ts.createAuth2Router(),LOW,RAW,2026-07-13,4,index.ts.createAuth2Router(),backend/src/routes/auth2/index.ts#L9:29,TypeScript,19,1,0
19 lines of code for unit db.ts.claimPendingCommand(string),LOW,RAW,2026-06-04,43,db.ts.claimPendingCommand(string),backend/src/routes/devices-updates/db.ts#L152:172,TypeScript,19,3,1
19 lines of code for unit exportExcel(FlightPlanType),LOW,RAW,2026-06-04,43,exportExcel(FlightPlanType),src/Components/HomePage/Body/Left/Voorbereiding/ViewPlan/Steps/Step1/SinglePlan.tsx#L31:50,TypeScript,19,1,1
19 lines of code for unit flightPlanPointExcel.ts.buildFlightPlanPointExportRows(FlightPlanType),LOW,RAW,2026-07-17,0,flightPlanPointExcel.ts.buildFlightPlanPointExportRows(FlightPlanType),src/helpers/points/flightPlanPointExcel.ts#L23:43,TypeScript,19,17,1
19 lines of code for unit index.ts,LOW,RAW,2026-06-04,43,index.ts,backend/src/routes/emails/index.ts#L1:36,TypeScript,19,1,0
"19 lines of code for unit formatPlanGeometries.ts.formatFinishedPlansWithGeometries(Record<string, unknown>,any)",LOW,RAW,2026-06-30,17,"formatPlanGeometries.ts.formatFinishedPlansWithGeometries(Record<string, unknown>,any)",backend/src/helpers/queries/geometries/formatPlanGeometries.ts#L147:160,TypeScript,19,7,2
19 lines of code for unit nnederlandLayerIconMap.tsx,LOW,RAW,2026-07-17,0,nnederlandLayerIconMap.tsx,src/Components/HomePage/Body/Left/Common/KaartLegend/LayersList/NNederland/nnederlandLayerIconMap.tsx#L1:46,TypeScript,19,1,0
19 lines of code for unit parseTimesliderImageQuery.ts.parseTimesliderImageQuery(URLSearchParams),LOW,RAW,2026-07-04,13,parseTimesliderImageQuery.ts.parseTimesliderImageQuery(URLSearchParams),src/Components/TimesliderItemDetailPage/parseTimesliderImageQuery.ts#L32:57,TypeScript,19,7,1
19 lines of code for unit LegendSectionLayout.tsx.LegendSectionLayout(LegendSectionLayoutProps),LOW,RAW,2026-07-15,2,LegendSectionLayout.tsx.LegendSectionLayout(LegendSectionLayoutProps),src/Components/HomePage/Body/Left/Common/KaartLegend/LayersList/Common/LegendSectionLayout.tsx#L19:74,TypeScript,19,11,1
"19 lines of code for unit CreateKeycloakUserInput.createKeycloakUserRecord(Request,CreateKeycloakUserInput)",LOW,RAW,2026-07-04,13,"CreateKeycloakUserInput.createKeycloakUserRecord(Request,CreateKeycloakUserInput)",backend/src/routes/keycloak/management/users/createKeycloakUser.ts#L33:56,TypeScript,19,3,2
"19 lines of code for unit meHandler.ts.RequestHandler(any,any)",LOW,RAW,2026-07-13,4,"meHandler.ts.RequestHandler(any,any)",backend/src/routes/auth2/meHandler.ts#L13:34,TypeScript,19,4,2
19 lines of code for unit Buttons.tsx.Buttons(),LOW,RAW,2026-06-04,43,Buttons.tsx.Buttons(),src/Components/HomePage/Body/Left/Voorbereiding/AddPointsVluchtPlan/Step3/Buttons.tsx#L10:27,TypeScript,19,1,0
18 lines of code for unit useRenderPoints.ts.useRenderPoints(),LOW,RAW,2026-06-04,43,useRenderPoints.ts.useRenderPoints(),src/hooks/features/useRenderPoints.ts#L11:21,TypeScript,18,2,0
18 lines of code for unit keycloakUserApi.ts.updateKeycloakUserProfile(any),LOW,RAW,2026-07-04,13,keycloakUserApi.ts.updateKeycloakUserProfile(any),src/Components/DashboardPage/shared/keycloakUserApi.ts#L3:25,TypeScript,18,5,1
18 lines of code for unit useGeometryListMapClick.ts.useGeometryListInteractions(any),LOW,RAW,2026-07-04,13,useGeometryListMapClick.ts.useGeometryListInteractions(any),src/Components/HomePage/Body/Left/Voorbereiding/FlightPlan/Common/useGeometryListMapClick.ts#L49:76,TypeScript,18,2,1
18 lines of code for unit useStepContentDataInit.ts.useStepContentDataInit(any),LOW,RAW,2026-07-13,4,useStepContentDataInit.ts.useStepContentDataInit(any),src/Components/HomePage/Body/Left/Voorbereiding/AddPointsVluchtPlan/Common/useStepContentDataInit.ts#L10:34,TypeScript,18,1,1
18 lines of code for unit parseKeycloakAdminTokenResponse.ts.parseKeycloakAdminTokenResponse(Response),LOW,RAW,2026-07-14,3,parseKeycloakAdminTokenResponse.ts.parseKeycloakAdminTokenResponse(Response),backend/src/services/parseKeycloakAdminTokenResponse.ts#L10:27,TypeScript,18,7,1
18 lines of code for unit useMapPointSelectionClick.ts.useMapPointSelectionClick(any),LOW,RAW,2026-06-10,37,useMapPointSelectionClick.ts.useMapPointSelectionClick(any),src/hooks/viewPlan/useMapPointSelectionClick.ts#L17:48,TypeScript,18,5,1
18 lines of code for unit handleSubmit(),LOW,RAW,2026-06-04,43,handleSubmit(),src/Components/HomePage/Body/Left/Voorbereiding/SelectedPoint/AddToPlan/StepNo/Buttons.tsx#L25:44,TypeScript,18,2,0
18 lines of code for unit handleDelete(),LOW,RAW,2026-06-04,43,handleDelete(),src/Components/HomePage/Body/Left/Nabewerking/VluchtenZoeken/Steps/Step2/Actions/Waarnemingen/EditPointDetails/Actions/DeletePoint/index.tsx#L22:34,TypeScript,18,1,0
18 lines of code for unit db.ts.resetDeviceCommand(string),LOW,RAW,2026-06-05,42,db.ts.resetDeviceCommand(string),backend/src/routes/devices-updates/db.ts#L105:124,TypeScript,18,2,1
18 lines of code for unit Buttons.tsx.Step1Buttons(),LOW,RAW,2026-06-04,43,Buttons.tsx.Step1Buttons(),src/Components/HomePage/Body/Left/Nabewerking/CreateReport/Steps/Step1/Buttons.tsx#L9:24,TypeScript,18,1,0
18 lines of code for unit PeriodFilterPanel.tsx.PeriodFilterPanel(any),LOW,RAW,2026-06-29,18,PeriodFilterPanel.tsx.PeriodFilterPanel(any),src/Components/HomePage/Body/Left/Common/PeriodFilterPanel.tsx#L16:115,TypeScript,18,1,1
18 lines of code for unit useRenderPlanPoints.ts.useRenderPlanPoints(),LOW,RAW,2026-06-04,43,useRenderPlanPoints.ts.useRenderPlanPoints(),src/Components/HomePage/Body/Left/Nabewerking/VluchtenZoeken/hooks/useRenderPlanPoints.ts#L13:33,TypeScript,18,3,0
18 lines of code for unit useAddPointStates.ts,LOW,RAW,2026-06-04,43,useAddPointStates.ts,src/hooks/zustand/useAddPointStates.ts#L1:44,TypeScript,18,1,0
18 lines of code for unit Geometries.tsx.Geometries(GeometriesProps),LOW,RAW,2026-06-04,43,Geometries.tsx.Geometries(GeometriesProps),src/Components/HomePage/Body/Left/Nabewerking/CreateReport/Steps/Step2/Geometries.tsx#L12:57,TypeScript,18,1,1
18 lines of code for unit db.ts,LOW,RAW,2026-06-04,43,db.ts,backend/src/db.ts#L1:24,TypeScript,18,2,0
18 lines of code for unit getAvailableRoles.ts.getAvailableRoles(Request),LOW,RAW,2026-06-04,43,getAvailableRoles.ts.getAvailableRoles(Request),backend/src/routes/keycloak/management/users/getAvailableRoles.ts#L9:35,TypeScript,18,3,1
18 lines of code for unit Auth2RateLimiters.createRateLimitHandler(any),LOW,RAW,2026-07-13,4,Auth2RateLimiters.createRateLimitHandler(any),backend/src/routes/auth2/authRateLimit.ts#L43:61,TypeScript,18,1,1
18 lines of code for unit useSelectFromSourceGraphicsEffects.ts.useSelectionPins(any),LOW,RAW,2026-07-14,3,useSelectFromSourceGraphicsEffects.ts.useSelectionPins(any),src/Components/HomePage/Body/Left/Voorbereiding/ViewPlan/Steps/AddPointsFromPlan/SelectFromSource/useSelectFromSourceGraphicsEffects.ts#L76:99,TypeScript,18,3,1
18 lines of code for unit LayerItem.tsx.LayerItem(any),LOW,RAW,2026-06-04,43,LayerItem.tsx.LayerItem(any),src/Components/HomePage/Body/Left/Common/KaartLegend/LayersList/Common/LayerItem.tsx#L6:24,TypeScript,18,4,1
18 lines of code for unit Form.tsx.Form(any),LOW,RAW,2026-06-04,43,Form.tsx.Form(any),src/Components/HomePage/Body/Left/Voorbereiding/ViewPlan/Steps/Step2/Form.tsx#L10:59,TypeScript,18,1,1
18 lines of code for unit resolveDebouncedPointWgs84.ts.resolveDebouncedPointWgs84(PointFormState),LOW,RAW,2026-07-04,13,resolveDebouncedPointWgs84.ts.resolveDebouncedPointWgs84(PointFormState),src/Components/HomePage/Body/Left/Tools/EditGeometry/EditForm/EditGeometryPointPanel/resolveDebouncedPointWgs84.ts#L5:26,TypeScript,18,7,1
18 lines of code for unit PointJsonFieldKey.buildAttachmentsAggregationExpr(string),LOW,RAW,2026-06-30,17,PointJsonFieldKey.buildAttachmentsAggregationExpr(string),backend/src/helpers/queries/points/pointJson.ts#L140:159,TypeScript,18,1,1
18 lines of code for unit index.tsx.SelectedPointDetails(),LOW,RAW,2026-06-04,43,index.tsx.SelectedPointDetails(),src/Components/HomePage/Body/Left/Voorbereiding/SelectedPoint/SelectedPointDetails/index.tsx#L12:20,TypeScript,18,1,0
18 lines of code for unit refreshFeatureStores.ts.refreshFeatureStores(string),LOW,RAW,2026-07-17,0,refreshFeatureStores.ts.refreshFeatureStores(string),src/lib/refreshFeatureStores.ts#L4:24,TypeScript,18,6,1
18 lines of code for unit CurrentPointsList.tsx.CurrentPointsList(),LOW,RAW,2026-06-04,43,CurrentPointsList.tsx.CurrentPointsList(),src/Components/HomePage/Body/Left/Voorbereiding/ReuseFlightPlan/Steps/Step2/CurrentPointsList.tsx#L6:15,TypeScript,18,2,0
18 lines of code for unit index.tsx.Step1(),LOW,RAW,2026-07-04,13,index.tsx.Step1(),src/Components/HomePage/Body/Left/Voorbereiding/ReuseFlightPlan/Steps/Step1/index.tsx#L14:60,TypeScript,18,4,0
18 lines of code for unit geometryMapGraphics.ts.buildGeometryMapGraphics(Geometry[]),LOW,RAW,2026-07-04,13,geometryMapGraphics.ts.buildGeometryMapGraphics(Geometry[]),src/hooks/features/geometryMapGraphics.ts#L4:21,TypeScript,18,1,1
18 lines of code for unit openBottomCompactListView.ts.openBottomCompactListView(BottomCompactListSetters),LOW,RAW,2026-07-17,0,openBottomCompactListView.ts.openBottomCompactListView(BottomCompactListSetters),src/hooks/bottom/openBottomCompactListView.ts#L14:32,TypeScript,18,4,1
18 lines of code for unit pointsPlansTableExport.ts,LOW,RAW,2026-07-17,0,pointsPlansTableExport.ts,src/helpers/tableExports/pointsPlansTableExport.ts#L1:18,TypeScript,18,1,0
18 lines of code for unit useEditPointCoordinateInputs.ts.useInitialEditPointMarker(any),LOW,RAW,2026-07-04,13,useEditPointCoordinateInputs.ts.useInitialEditPointMarker(any),src/Components/HomePage/Body/Left/Nabewerking/VluchtenZoeken/Steps/Step2/Actions/Waarnemingen/EditPointDetails/Actions/EditPointCoordinates/useEditPointCoordinateInputs.ts#L89:111,TypeScript,18,5,1
18 lines of code for unit verify-regio-apis.ts.main(),LOW,RAW,2026-06-10,37,verify-regio-apis.ts.main(),backend/scripts/verify-regio-apis.ts#L146:167,TypeScript,18,2,0
18 lines of code for unit Profile.configureOidcHttpOptions(),LOW,RAW,2026-07-13,4,Profile.configureOidcHttpOptions(),backend/src/routes/auth/oidc.ts#L17:40,TypeScript,18,4,0
18 lines of code for unit filterPlansByPeriod.ts.filterPlansByPeriod(FilterPlansByPeriodInput<T>),LOW,RAW,2026-07-04,13,filterPlansByPeriod.ts.filterPlansByPeriod(FilterPlansByPeriodInput<T>),src/hooks/filters/filterPlansByPeriod.ts#L44:65,TypeScript,18,4,1
18 lines of code for unit createPointFromImportDb.ts.buildBulkInsertQuery(NormalizedImportRow[]),LOW,RAW,2026-07-01,16,createPointFromImportDb.ts.buildBulkInsertQuery(NormalizedImportRow[]),backend/src/helpers/points/createPointFromImportDb.ts#L44:65,TypeScript,18,1,1
18 lines of code for unit index.tsx.TemplateFlight(),LOW,RAW,2026-06-04,43,index.tsx.TemplateFlight(),src/Components/HomePage/Body/Left/Voorbereiding/TemplateFlight/index.tsx#L11:63,TypeScript,18,4,0
"18 lines of code for unit createLogs.ts.createLogs(Request,Response)",LOW,RAW,2026-06-04,43,"createLogs.ts.createLogs(Request,Response)",backend/src/routes/logs/createLogs.ts#L9:29,TypeScript,18,4,2
18 lines of code for unit onSuccess(any),LOW,RAW,2026-07-13,4,onSuccess(any),src/Components/HomePage/Body/Left/Voorbereiding/FlightPlan/Steps/Step1/ImportVluchtPlan.tsx#L68:88,TypeScript,18,5,1
18 lines of code for unit handleLogout(),LOW,RAW,2026-06-04,43,handleLogout(),src/Components/DashboardPage/Navbar.tsx#L13:37,TypeScript,18,2,0
18 lines of code for unit UserList.tsx.UserList(any),LOW,RAW,2026-06-04,43,UserList.tsx.UserList(any),src/Components/HomePage/Head/Users/UserList.tsx#L9:26,TypeScript,18,2,1
"18 lines of code for unit formatPlanGeometries.ts.formatPlansWithGeometries(Record<string, unknown>)",LOW,RAW,2026-06-30,17,"formatPlanGeometries.ts.formatPlansWithGeometries(Record<string, unknown>)",backend/src/helpers/queries/geometries/formatPlanGeometries.ts#L73:94,TypeScript,18,7,1
18 lines of code for unit FinishedPlanWriter.insertFinishedRow(FinishedPlanPoint),LOW,RAW,2026-07-01,16,FinishedPlanWriter.insertFinishedRow(FinishedPlanPoint),backend/src/helpers/finished-plans/createFinishedPlanDb.ts#L202:220,TypeScript,18,9,1
"18 lines of code for unit filterPointsByCriteria.ts.matchesPeriod(EnrichedPointType,PointFilterCriteria)",LOW,RAW,2026-07-15,2,"filterPointsByCriteria.ts.matchesPeriod(EnrichedPointType,PointFilterCriteria)",src/hooks/filters/filterPointsByCriteria.ts#L13:33,TypeScript,18,9,2
17 lines of code for unit ImportVluchtPlan.tsx.ImportVluchtPlan(),LOW,RAW,2026-06-04,43,ImportVluchtPlan.tsx.ImportVluchtPlan(),src/Components/HomePage/Body/Left/Voorbereiding/FlightPlan/Steps/Step1/ImportVluchtPlan.tsx#L29:44,TypeScript,17,1,0
17 lines of code for unit LoadingPhase.tsx.LoadingPhase(LoadingPhaseProps),LOW,RAW,2026-07-04,13,LoadingPhase.tsx.LoadingPhase(LoadingPhaseProps),src/Components/HomePage/Body/Left/Nabewerking/CreateReport/Steps/Step3/components/LoadingPhase.tsx#L10:65,TypeScript,17,4,1
17 lines of code for unit Buttons.tsx.Buttons(any),LOW,RAW,2026-06-04,43,Buttons.tsx.Buttons(any),src/Components/HomePage/Body/Left/Voorbereiding/ViewPlan/Steps/AddPointToPlan/Buttons.tsx#L11:36,TypeScript,17,1,1
"17 lines of code for unit pathPointGraphics.ts.addSelectedPathHighlight(__esri.GraphicsLayer,PathPoint)",LOW,RAW,2026-07-04,13,"pathPointGraphics.ts.addSelectedPathHighlight(__esri.GraphicsLayer,PathPoint)",src/hooks/hover-click-handlers/pathPointGraphics.ts#L14:33,TypeScript,17,1,2
17 lines of code for unit syncYellowMarkerSelection.ts.syncYellowMarkerSelection(SyncYellowMarkerSelectionInput),LOW,RAW,2026-07-17,0,syncYellowMarkerSelection.ts.syncYellowMarkerSelection(SyncYellowMarkerSelectionInput),src/hooks/hover-click-handlers/syncYellowMarkerSelection.ts#L21:40,TypeScript,17,4,1
17 lines of code for unit importPointRowNormalization.ts.normalizeImportRows(unknown[]),LOW,RAW,2026-07-01,16,importPointRowNormalization.ts.normalizeImportRows(unknown[]),backend/src/helpers/points/importPointRowNormalization.ts#L93:115,TypeScript,17,4,1
"17 lines of code for unit ImportPointsDbResult.bulkInsertRowParams(NormalizedImportRow,Date)",LOW,RAW,2026-07-01,16,"ImportPointsDbResult.bulkInsertRowParams(NormalizedImportRow,Date)",backend/src/helpers/points/createPointFromImportDb.ts#L26:42,TypeScript,17,1,2
17 lines of code for unit onSuccess(any),LOW,RAW,2026-07-13,4,onSuccess(any),src/Components/HomePage/Body/Left/Tools/AandachtspuntenVerwijderen/Actions/EditPointDetails/Steps/Step2/index.tsx#L47:67,TypeScript,17,3,1
17 lines of code for unit CreateImageBtn.tsx.CreateImageBtn(any),LOW,RAW,2026-06-06,41,CreateImageBtn.tsx.CreateImageBtn(any),src/Components/HomePage/Body/Left/Nabewerking/VluchtenZoeken/Steps/Step2/Actions/Waarnemingen/common/Foto/CreateImageBtn.tsx#L31:59,TypeScript,17,4,1
17 lines of code for unit PdfAttachment.onload(),LOW,RAW,2026-07-13,4,PdfAttachment.onload(),src/Components/HomePage/Body/Left/Nabewerking/CreateReport/helpers/pdfReportAttachments.ts#L25:42,TypeScript,17,2,0
17 lines of code for unit EditPointTabs.tsx.EditPointTabs(),LOW,RAW,2026-06-04,43,EditPointTabs.tsx.EditPointTabs(),src/Components/HomePage/Body/Left/Common/BottomTabs/EditPointTabs.tsx#L10:96,TypeScript,17,11,0
"17 lines of code for unit pdfReportAttachments.ts.addOtherAttachmentsTable(jsPDF,PdfAttachment[])",LOW,RAW,2026-07-04,13,"pdfReportAttachments.ts.addOtherAttachmentsTable(jsPDF,PdfAttachment[])",src/Components/HomePage/Body/Left/Nabewerking/CreateReport/helpers/pdfReportAttachments.ts#L87:104,TypeScript,17,2,2
17 lines of code for unit createMapView.ts.createMapView(RefObject<HTMLDivElement>),LOW,RAW,2026-06-04,43,createMapView.ts.createMapView(RefObject<HTMLDivElement>),src/helpers/ArcGISHelpers/createMapView.ts#L10:27,TypeScript,17,1,1
"17 lines of code for unit mapLoginError.ts.mapLoginError(unknown,MapLoginErrorContext)",LOW,RAW,2026-07-13,4,"mapLoginError.ts.mapLoginError(unknown,MapLoginErrorContext)",backend/src/routes/auth2/mapLoginError.ts#L19:40,TypeScript,17,4,2
17 lines of code for unit FormInputs.tsx.FormInputs(),LOW,RAW,2026-06-04,43,FormInputs.tsx.FormInputs(),src/Components/HomePage/Body/Left/Voorbereiding/ReuseFlightPlan/Steps/Step2/FormInputs.tsx#L10:29,TypeScript,17,1,0
17 lines of code for unit onSuccess(),LOW,RAW,2026-07-13,4,onSuccess(),src/Components/HomePage/Body/Left/Tools/EditGeometry/index.tsx#L152:168,TypeScript,17,1,0
17 lines of code for unit SortedAttachment.buildImageMarkerGraphics(SortedAttachment[]),LOW,RAW,2026-07-15,2,SortedAttachment.buildImageMarkerGraphics(SortedAttachment[]),src/Components/HomePage/Body/Left/Nabewerking/VluchtenZoeken/Steps/Step2/Actions/Waarnemingen/common/Foto/buildImageMarkerGraphics.ts#L26:46,TypeScript,17,2,1
17 lines of code for unit createGeometryGraphic.ts,LOW,RAW,2026-07-17,0,createGeometryGraphic.ts,src/helpers/ArcGISHelpers/createGeometryGraphic.ts#L1:19,TypeScript,17,1,0
"17 lines of code for unit logFields.ts.buildLogInsertValues(number,LogInsertInput)",LOW,RAW,2026-06-30,17,"logFields.ts.buildLogInsertValues(number,LogInsertInput)",backend/src/helpers/queries/logs/logFields.ts#L45:64,TypeScript,17,10,2
"17 lines of code for unit create(CreateInput<T, R>)",LOW,RAW,2026-07-17,0,"create(CreateInput<T, R>)",src/api-hooks/mutations/useCreateData.ts#L37:53,TypeScript,17,5,1
17 lines of code for unit featureLayerPopupMarker.ts.createFeatureLayerMarker(any),LOW,RAW,2026-07-04,13,featureLayerPopupMarker.ts.createFeatureLayerMarker(any),src/hooks/hover-click-handlers/featureLayerPopupMarker.ts#L4:26,TypeScript,17,2,1
"17 lines of code for unit getUserById.ts.getUserById(string,Request)",LOW,RAW,2026-06-04,43,"getUserById.ts.getUserById(string,Request)",backend/src/routes/keycloak/management/users/getUserById.ts#L10:32,TypeScript,17,2,2
"17 lines of code for unit getUsers.ts.getUsers(Request,Response)",LOW,RAW,2026-06-04,43,"getUsers.ts.getUsers(Request,Response)",backend/src/routes/users/getUsers.ts#L4:22,TypeScript,17,2,2
"17 lines of code for unit getPrePreparedPlanPoints.ts.getPrepreparedFlightPlanPoints(Request,Response)",LOW,RAW,2026-06-04,43,"getPrePreparedPlanPoints.ts.getPrepreparedFlightPlanPoints(Request,Response)",backend/src/routes/points/getPrePreparedPlanPoints.ts#L5:26,TypeScript,17,4,2
17 lines of code for unit netherlandsMapBounds.ts.createNetherlandsMapBounds(),LOW,RAW,2026-07-14,3,netherlandsMapBounds.ts.createNetherlandsMapBounds(),src/helpers/ArcGISHelpers/netherlandsMapBounds.ts#L13:30,TypeScript,17,1,0
"17 lines of code for unit selectedPointDetailsData.ts.buildSelectedPointDetails(EnrichedPointType,Option[],Option[])",LOW,RAW,2026-07-14,3,"selectedPointDetailsData.ts.buildSelectedPointDetails(EnrichedPointType,Option[],Option[])",src/Components/HomePage/Body/Left/Voorbereiding/SelectedPoint/SelectedPointDetails/selectedPointDetailsData.ts#L5:25,TypeScript,17,7,3
17 lines of code for unit toEditPointCoordinatesView.ts.toEditPointCoordinatesView(any),LOW,RAW,2026-07-13,4,toEditPointCoordinatesView.ts.toEditPointCoordinatesView(any),src/Components/HomePage/Body/Left/Nabewerking/VluchtenZoeken/Steps/Step2/Actions/Waarnemingen/EditPointDetails/Actions/EditPointCoordinates/toEditPointCoordinatesView.ts#L12:33,TypeScript,17,1,1
"17 lines of code for unit planBoundingBoxGeometry.ts.createPlanBoundingBoxPolygon(PlanBoundingBoxPoint[],any,any)",LOW,RAW,2026-07-17,0,"planBoundingBoxGeometry.ts.createPlanBoundingBoxPolygon(PlanBoundingBoxPoint[],any,any)",src/helpers/ArcGISHelpers/planBoundingBoxGeometry.ts#L47:67,TypeScript,17,2,3
"17 lines of code for unit getSearchedFlightPlans.ts.getSearchedFlightPlans(Request,Response)",LOW,RAW,2026-07-01,16,"getSearchedFlightPlans.ts.getSearchedFlightPlans(Request,Response)",backend/src/routes/flightPlans/getSearchedFlightPlans.ts#L4:25,TypeScript,17,2,2
17 lines of code for unit geometryHoverGraphics.ts.buildGeometryHoverState(HoverableGeometry),LOW,RAW,2026-07-13,4,geometryHoverGraphics.ts.buildGeometryHoverState(HoverableGeometry),src/hooks/hover-click-handlers/geometryHoverGraphics.ts#L46:62,TypeScript,17,5,1
17 lines of code for unit useResultTabStarredPointActions.ts.useResultTabStarredPointActions(),LOW,RAW,2026-06-29,18,useResultTabStarredPointActions.ts.useResultTabStarredPointActions(),src/hooks/resultTab/useResultTabStarredPointActions.ts#L6:13,TypeScript,17,1,0
17 lines of code for unit finishedPlanCentroidMarkers.ts.addFinishedPlanGeometryCentroidMarkers(any),LOW,RAW,2026-07-17,0,finishedPlanCentroidMarkers.ts.addFinishedPlanGeometryCentroidMarkers(any),src/helpers/ArcGISHelpers/finishedPlanCentroidMarkers.ts#L20:41,TypeScript,17,4,1
17 lines of code for unit postProxyHelpers.ts.postUrlencodedToArcgis(any),LOW,RAW,2026-07-04,13,postProxyHelpers.ts.postUrlencodedToArcgis(any),backend/src/routes/arcgis/postProxyHelpers.ts#L6:28,TypeScript,17,3,1
17 lines of code for unit drawingToolMapCleanup.ts.clearCurrentlyDrawingGraphics(MapView|null|undefined),LOW,RAW,2026-06-10,37,drawingToolMapCleanup.ts.clearCurrentlyDrawingGraphics(MapView|null|undefined),src/Components/HomePage/Body/Left/Voorbereiding/DrawingTool/helpers/drawingToolMapCleanup.ts#L6:27,TypeScript,17,6,1
17 lines of code for unit geometryGraphicBuilders.ts.buildPolygonGraphic(any),LOW,RAW,2026-07-04,13,geometryGraphicBuilders.ts.buildPolygonGraphic(any),src/helpers/ArcGISHelpers/geometryGraphicBuilders.ts#L40:61,TypeScript,17,1,1
"17 lines of code for unit CreateKeycloakUserInput.setKeycloakUserPassword(Request,string,string)",LOW,RAW,2026-07-04,13,"CreateKeycloakUserInput.setKeycloakUserPassword(Request,string,string)",backend/src/routes/keycloak/management/users/createKeycloakUser.ts#L58:82,TypeScript,17,3,3
17 lines of code for unit index.tsx.TemplateFlight(any),LOW,RAW,2026-06-04,43,index.tsx.TemplateFlight(any),src/Components/HomePage/Body/Left/Voorbereiding/FlightPlan/Steps/Step1/TemplateFlights/index.tsx#L20:39,TypeScript,17,1,1
17 lines of code for unit updateUser.ts.updateUser(UpdateUserInput),LOW,RAW,2026-07-01,16,updateUser.ts.updateUser(UpdateUserInput),backend/src/routes/keycloak/management/users/updateUser.ts#L15:33,TypeScript,17,2,1
17 lines of code for unit timesliderHighlightGraphics.ts,LOW,RAW,2026-07-13,4,timesliderHighlightGraphics.ts,src/helpers/timeslider/timesliderHighlightGraphics.ts#L1:35,TypeScript,17,1,0
17 lines of code for unit filterFinishedPlansForItem.ts.getItemDisplayTitle(any),LOW,RAW,2026-07-13,4,filterFinishedPlansForItem.ts.getItemDisplayTitle(any),src/helpers/timeslider/filterFinishedPlansForItem.ts#L17:37,TypeScript,17,9,1
17 lines of code for unit buildPointSearchQuery.ts.buildPointSearchQuery(PointSearchFilter),LOW,RAW,2026-06-30,17,buildPointSearchQuery.ts.buildPointSearchQuery(PointSearchFilter),backend/src/helpers/queries/points/buildPointSearchQuery.ts#L6:24,TypeScript,17,2,1
17 lines of code for unit useGeometryGraphicsEffects.ts.useGeometryGraphicsRendering(any),LOW,RAW,2026-07-14,3,useGeometryGraphicsEffects.ts.useGeometryGraphicsRendering(any),src/hooks/features/useGeometryGraphicsEffects.ts#L17:41,TypeScript,17,6,1
"16 lines of code for unit csvExport.ts.buildCsvFromRows(T[],string[])",LOW,RAW,2026-07-17,0,"csvExport.ts.buildCsvFromRows(T[],string[])",src/helpers/tableExports/csvExport.ts#L11:31,TypeScript,16,2,2
16 lines of code for unit verifyRegioPointsGeometries.ts.runGeometriesRegioCheck(any),LOW,RAW,2026-07-04,13,verifyRegioPointsGeometries.ts.runGeometriesRegioCheck(any),backend/scripts/verifyRegioPointsGeometries.ts#L76:95,TypeScript,16,4,1
16 lines of code for unit attachMapHoverLifecycle.ts.attachMapHoverLifecycle(AttachMapHoverLifecycleInput),LOW,RAW,2026-07-17,0,attachMapHoverLifecycle.ts.attachMapHoverLifecycle(AttachMapHoverLifecycleInput),src/hooks/features/attachMapHoverLifecycle.ts#L19:36,TypeScript,16,4,1
16 lines of code for unit xlsxExport.ts.exportPointsPlansXlsx(any),LOW,RAW,2026-07-17,0,xlsxExport.ts.exportPointsPlansXlsx(any),src/helpers/tableExports/xlsxExport.ts#L35:54,TypeScript,16,5,1
16 lines of code for unit Buttons.tsx.Buttons(any),LOW,RAW,2026-06-04,43,Buttons.tsx.Buttons(any),src/Components/HomePage/Body/Left/Nabewerking/VluchtenZoeken/Steps/Step2/Buttons.tsx#L9:25,TypeScript,16,1,1
16 lines of code for unit TruthyColumn.createEmptyPointRow(string),LOW,RAW,2026-07-17,0,TruthyColumn.createEmptyPointRow(string),src/Components/HomePage/Body/Left/Voorbereiding/FlightPlan/helpers/parsePointImportFile.ts#L21:36,TypeScript,16,1,1
16 lines of code for unit useCreateData.ts.useCreateData(string),LOW,RAW,2026-07-17,0,useCreateData.ts.useCreateData(string),src/api-hooks/mutations/useCreateData.ts#L24:32,TypeScript,16,1,1
16 lines of code for unit pointMapGraphics.ts.updateSavedGraphics(any),LOW,RAW,2026-07-04,13,pointMapGraphics.ts.updateSavedGraphics(any),src/Components/HomePage/Body/Left/Nabewerking/VluchtenZoeken/Steps/Step2/Actions/Waarnemingen/EditPointDetails/Actions/EditPointCoordinates/pointMapGraphics.ts#L108:131,TypeScript,16,1,1
16 lines of code for unit goToPoint(),LOW,RAW,2026-06-04,43,goToPoint(),src/Components/HomePage/Body/Left/Common/SearchedResultsTab/FlightPlans/FlightPlansList/ClickedPlan.tsx#L39:55,TypeScript,16,4,0
16 lines of code for unit toggleStarPlan(FlightPlanType),LOW,RAW,2026-06-04,43,toggleStarPlan(FlightPlanType),src/Components/HomePage/Body/Bottom/PointsView/FlightPlansTable/index.tsx#L81:99,TypeScript,16,4,1
16 lines of code for unit regioFilter.ts.buildRegioWhereClause(BuildRegioWhereClauseInput),LOW,RAW,2026-07-01,16,regioFilter.ts.buildRegioWhereClause(BuildRegioWhereClauseInput),backend/src/helpers/queries/shared/regioFilter.ts#L95:114,TypeScript,16,3,1
"16 lines of code for unit reportUpload.ts.uploadErrorHandler(unknown,express.Request,express.Response,express.NextFunction)",LOW,RAW,2026-07-13,4,"reportUpload.ts.uploadErrorHandler(unknown,express.Request,express.Response,express.NextFunction)",backend/src/routes/reportUpload.ts#L83:103,TypeScript,16,4,4
"16 lines of code for unit getSingleFinishedFlightPlan.ts.getSingleFinishedFlightPlan(Request,Response)",LOW,RAW,2026-06-04,43,"getSingleFinishedFlightPlan.ts.getSingleFinishedFlightPlan(Request,Response)",backend/src/routes/finished_plans/getSingleFinishedFlightPlan.ts#L7:29,TypeScript,16,3,2
16 lines of code for unit zoomToPoint(),LOW,RAW,2026-06-04,43,zoomToPoint(),src/Components/HomePage/Body/Left/Common/SearchedResultsTab/FlightPlans/FlightPlansList/ClickedPlan.tsx#L21:37,TypeScript,16,4,0
16 lines of code for unit verifyRegioPointsGeometries.ts.runPointsQuery(string|undefined),LOW,RAW,2026-07-04,13,verifyRegioPointsGeometries.ts.runPointsQuery(string|undefined),backend/scripts/verifyRegioPointsGeometries.ts#L6:21,TypeScript,16,3,1
16 lines of code for unit useWizardButtons.ts.useWizardButtons(string),LOW,RAW,2026-06-10,37,useWizardButtons.ts.useWizardButtons(string),src/hooks/wizard/useWizardButtons.ts#L10:27,TypeScript,16,1,1
16 lines of code for unit index.tsx.PointsView(PointsViewProps),LOW,RAW,2026-06-04,43,index.tsx.PointsView(PointsViewProps),src/Components/HomePage/Body/Bottom/PointsView/index.tsx#L12:84,TypeScript,16,2,1
"16 lines of code for unit PointsFilters.loadPoints(PointsFilters,Partial<PointsState>,any)",LOW,RAW,2026-06-04,43,"PointsFilters.loadPoints(PointsFilters,Partial<PointsState>,any)",src/hooks/features/usePointsStore.ts#L39:66,TypeScript,16,7,3
16 lines of code for unit flightPlanFields.ts.normalizeFlightPlanUpdateFields(FlightPlanBodySource),LOW,RAW,2026-06-30,17,flightPlanFields.ts.normalizeFlightPlanUpdateFields(FlightPlanBodySource),backend/src/helpers/queries/flight-plans/flightPlanFields.ts#L20:37,TypeScript,16,1,1
16 lines of code for unit DeletePointFormFields.pickDeletePointFormFields(DeletePoint),LOW,RAW,2026-06-29,18,DeletePointFormFields.pickDeletePointFormFields(DeletePoint),src/hooks/zustand/tools/useDeletePointState.ts#L78:95,TypeScript,16,1,1
16 lines of code for unit showTable.ts,LOW,RAW,2026-06-04,43,showTable.ts,src/helpers/ZustandStates/showTable.ts#L1:42,TypeScript,16,1,0
"16 lines of code for unit regioPlanAssertions.ts.assertPlanRegiosWithDb(RegioTestReporter,any)",LOW,RAW,2026-07-14,3,"regioPlanAssertions.ts.assertPlanRegiosWithDb(RegioTestReporter,any)",backend/scripts/regioPlanAssertions.ts#L26:47,TypeScript,16,5,2
16 lines of code for unit index.tsx.AddUser(),LOW,RAW,2026-06-04,43,index.tsx.AddUser(),src/Components/DashboardPage/AddUser/index.tsx#L17:30,TypeScript,16,2,0
16 lines of code for unit GeometryItemCheckBox.tsx.GeometryItemCheckBox(any),LOW,RAW,2026-07-04,13,GeometryItemCheckBox.tsx.GeometryItemCheckBox(any),src/Components/HomePage/Body/Left/Voorbereiding/FlightPlan/Common/GeometryItemCheckBox.tsx#L5:87,TypeScript,16,2,1
16 lines of code for unit TimesliderRangeTrack.tsx.TimesliderRangeTrack(any),LOW,RAW,2026-07-13,4,TimesliderRangeTrack.tsx.TimesliderRangeTrack(any),src/Components/HomePage/Head/timeslider/TimesliderRangeTrack.tsx#L5:56,TypeScript,16,1,1
16 lines of code for unit FormElements.tsx.FormElements(),LOW,RAW,2026-07-13,4,FormElements.tsx.FormElements(),src/Components/HomePage/Body/Left/Nabewerking/VluchtenZoeken/Steps/Step2/Actions/EditFlight/FormElements.tsx#L12:72,TypeScript,16,1,0
16 lines of code for unit index.tsx.InstallationsPage(),LOW,RAW,2026-06-04,43,index.tsx.InstallationsPage(),src/Components/InstallationsPage/index.tsx#L19:31,TypeScript,16,2,0
16 lines of code for unit resolveRegioFilter.ts.getSessionRealmRoles(Request),LOW,RAW,2026-07-01,16,resolveRegioFilter.ts.getSessionRealmRoles(Request),backend/src/helpers/queries/shared/resolveRegioFilter.ts#L17:35,TypeScript,16,9,1
16 lines of code for unit keycloakAdminClient.ts,LOW,RAW,2026-07-13,4,keycloakAdminClient.ts,backend/src/routes/keycloak/management/users/keycloakAdminClient.ts#L1:8,TypeScript,16,3,0
16 lines of code for unit PlansFilterSection.tsx.PlansFilterSection(Props),LOW,RAW,2026-06-04,43,PlansFilterSection.tsx.PlansFilterSection(Props),src/Components/TimesliderItemDetailPage/sections/PlansFilterSection.tsx#L18:97,TypeScript,16,1,1
16 lines of code for unit index.tsx.VliegrouteExporteren(any),LOW,RAW,2026-06-04,43,index.tsx.VliegrouteExporteren(any),src/Components/HomePage/Body/Left/Nabewerking/VluchtenZoeken/Steps/Step2/Actions/VliegrouteExporteren/index.tsx#L13:36,TypeScript,16,2,1
16 lines of code for unit regioFilter.ts.appendRegioFilter(AppendRegioFilterInput),LOW,RAW,2026-07-01,16,regioFilter.ts.appendRegioFilter(AppendRegioFilterInput),backend/src/helpers/queries/shared/regioFilter.ts#L74:93,TypeScript,16,3,1
16 lines of code for unit ChevronButton.tsx.ChevronButton(any),LOW,RAW,2026-06-04,43,ChevronButton.tsx.ChevronButton(any),src/Components/HomePage/Body/Common/ChevronButton.tsx#L5:35,TypeScript,16,2,1
16 lines of code for unit nearestPoint.ts.findNearestPoint(any),LOW,RAW,2026-07-14,3,nearestPoint.ts.findNearestPoint(any),src/hooks/hover-click-handlers/nearestPoint.ts#L4:24,TypeScript,16,6,1
16 lines of code for unit useEditGeometryVerticesOnMap.ts.useEditGeometryVerticesOnMap(any),LOW,RAW,2026-06-04,43,useEditGeometryVerticesOnMap.ts.useEditGeometryVerticesOnMap(any),src/hooks/hover-click-handlers/useEditGeometryVerticesOnMap.ts#L12:32,TypeScript,16,3,1
"16 lines of code for unit useFilterAndSortPlans.ts.useFilterAndSortPlans(FinishedFlightPlanType[],any,string)",LOW,RAW,2026-06-04,43,"useFilterAndSortPlans.ts.useFilterAndSortPlans(FinishedFlightPlanType[],any,string)",src/Components/HomePage/Body/Left/Nabewerking/VluchtenZoeken/hooks/useFilterAndSortPlans.ts#L8:27,TypeScript,16,1,3
16 lines of code for unit index.tsx.Step2(any),LOW,RAW,2026-06-04,43,index.tsx.Step2(any),src/Components/HomePage/Body/Left/Voorbereiding/TemplateFlight/Steps/Step2/index.tsx#L7:29,TypeScript,16,1,1
16 lines of code for unit onSuccess(any),LOW,RAW,2026-07-13,4,onSuccess(any),src/Components/HomePage/Body/Left/Nabewerking/VluchtenZoeken/Steps/Step2/Actions/Waarnemingen/EditPointDetails/Actions/Form/index.tsx#L69:88,TypeScript,16,3,1
16 lines of code for unit renderTabContent(),LOW,RAW,2026-06-04,43,renderTabContent(),src/Components/HomePage/Body/Bottom/PlansView/index.tsx#L19:34,TypeScript,16,6,0
"16 lines of code for unit requireAuthClientHeader.ts.requireAuthClientHeader(any,any,any)",LOW,RAW,2026-07-13,4,"requireAuthClientHeader.ts.requireAuthClientHeader(any,any,any)",backend/src/routes/auth2/requireAuthClientHeader.ts#L9:26,TypeScript,16,2,3
16 lines of code for unit types.ts.geometryToDraft(Geometry),LOW,RAW,2026-06-04,43,types.ts.geometryToDraft(Geometry),src/Components/HomePage/Body/Left/Tools/EditGeometry/EditForm/helpers/types.ts#L12:28,TypeScript,16,11,1
16 lines of code for unit Step1.tsx.Step1(any),LOW,RAW,2026-07-04,13,Step1.tsx.Step1(any),src/Components/HomePage/Body/Left/Voorbereiding/PrepareFlightPlan/Steps/Step1.tsx#L8:29,TypeScript,16,2,1
16 lines of code for unit oidc.ts.buildClient(BuildOidcClientInput),LOW,RAW,2026-07-13,4,oidc.ts.buildClient(BuildOidcClientInput),backend/src/routes/auth/oidc.ts#L59:78,TypeScript,16,1,1
16 lines of code for unit viewPlanSession.ts.resetViewPlanSession(any),LOW,RAW,2026-07-04,13,viewPlanSession.ts.resetViewPlanSession(any),src/Components/HomePage/Body/Left/Voorbereiding/ViewPlan/viewPlanSession.ts#L12:49,TypeScript,16,1,1
16 lines of code for unit index.tsx.Step3(any),LOW,RAW,2026-06-04,43,index.tsx.Step3(any),src/Components/HomePage/Body/Left/Voorbereiding/TemplateFlight/Steps/Step3/index.tsx#L7:31,TypeScript,16,1,1
16 lines of code for unit cleanupSketch(),LOW,RAW,2026-06-04,43,cleanupSketch(),src/Components/HomePage/Body/Left/Voorbereiding/SelectedPoint/AddToPlan/index.tsx#L44:61,TypeScript,16,4,0
"16 lines of code for unit parseAgentReport.ts.parseAgentReportBody(Record<string, unknown>)",LOW,RAW,2026-07-04,13,"parseAgentReport.ts.parseAgentReportBody(Record<string, unknown>)",backend/src/routes/devices-updates/agent/parseAgentReport.ts#L18:33,TypeScript,16,6,1
"16 lines of code for unit getAllEmails.ts.getAllEmails(Request,Response)",LOW,RAW,2026-06-04,43,"getAllEmails.ts.getAllEmails(Request,Response)",backend/src/routes/emails/getAllEmails.ts#L4:21,TypeScript,16,3,2
"16 lines of code for unit createPoint.ts.createPoint(number,number)",LOW,RAW,2026-06-04,43,"createPoint.ts.createPoint(number,number)",src/helpers/ArcGISHelpers/createPoint.ts#L5:23,TypeScript,16,1,2
16 lines of code for unit enrichedPointStateDefaults.ts,LOW,RAW,2026-07-14,3,enrichedPointStateDefaults.ts,src/hooks/zustand/enrichedPointStateDefaults.ts#L1:18,TypeScript,16,1,0
16 lines of code for unit index.ts.useHandleStep2(UseHandleStep2Input),LOW,RAW,2026-07-04,13,index.ts.useHandleStep2(UseHandleStep2Input),src/Components/HomePage/Body/Left/Nabewerking/CreateReport/helpers/useHandleStep2/index.ts#L31:45,TypeScript,16,1,1
16 lines of code for unit useLogAction.ts.useLogAction(),LOW,RAW,2026-06-04,43,useLogAction.ts.useLogAction(),src/hooks/useLogAction.ts#L7:23,TypeScript,16,1,0
16 lines of code for unit useSelectFromSourceMapEffects.ts.useSelectFromSourceMapEffects(any),LOW,RAW,2026-07-04,13,useSelectFromSourceMapEffects.ts.useSelectFromSourceMapEffects(any),src/Components/HomePage/Body/Left/Voorbereiding/ViewPlan/Steps/AddPointsFromPlan/SelectFromSource/useSelectFromSourceMapEffects.ts#L11:31,TypeScript,16,1,1
"16 lines of code for unit geometryHerhalen.ts.sortGeometriesForSelection(Geometry[],number[])",LOW,RAW,2026-07-04,13,"geometryHerhalen.ts.sortGeometriesForSelection(Geometry[],number[])",src/Components/HomePage/Body/Left/Voorbereiding/FlightPlan/Common/geometryHerhalen.ts#L27:46,TypeScript,16,7,2
16 lines of code for unit selectAll(),LOW,RAW,2026-06-04,43,selectAll(),src/Components/HomePage/Body/Left/Common/ResultTab/ListPointsFunctions/index.tsx#L79:96,TypeScript,16,2,0
16 lines of code for unit LoginRequiredModal.tsx.LoginRequiredModal(Props),LOW,RAW,2026-06-04,43,LoginRequiredModal.tsx.LoginRequiredModal(Props),src/Components/TimesliderItemDetailPage/sections/LoginRequiredModal.tsx#L11:22,TypeScript,16,2,1
16 lines of code for unit filterPlansByPeriod.ts.matchesPeriod(any),LOW,RAW,2026-07-17,0,filterPlansByPeriod.ts.matchesPeriod(any),src/hooks/filters/filterPlansByPeriod.ts#L14:37,TypeScript,16,6,1
16 lines of code for unit ClassifyStep2DebugContext.hasExplicitOtpRequiredSignal(string),LOW,RAW,2026-07-13,4,ClassifyStep2DebugContext.hasExplicitOtpRequiredSignal(string),backend/src/routes/auth2/grantHelpers.ts#L55:71,TypeScript,16,1,1
"16 lines of code for unit postProxyHandler.ts.arcgisPostProxyHandler(Request,Response)",LOW,RAW,2026-06-04,43,"postProxyHandler.ts.arcgisPostProxyHandler(Request,Response)",backend/src/routes/arcgis/postProxyHandler.ts#L4:24,TypeScript,16,5,2
16 lines of code for unit parsePointImportFile.ts.mapImportRowsToPoints(any),LOW,RAW,2026-07-04,13,parsePointImportFile.ts.mapImportRowsToPoints(any),src/Components/HomePage/Body/Left/Voorbereiding/FlightPlan/helpers/parsePointImportFile.ts#L76:99,TypeScript,16,2,1
16 lines of code for unit buildCreatePointPayload.ts.buildCreatePointPayload(any),LOW,RAW,2026-07-14,3,buildCreatePointPayload.ts.buildCreatePointPayload(any),src/Components/HomePage/Body/Left/Voorbereiding/EnrichedAddPoint/helpers/buildCreatePointPayload.ts#L6:24,TypeScript,16,3,1
"16 lines of code for unit getPlanPath.ts.getPlanPath(Request,Response)",LOW,RAW,2026-06-04,43,"getPlanPath.ts.getPlanPath(Request,Response)",backend/src/routes/finished_plans/getPlanPath.ts#L4:21,TypeScript,16,2,2
16 lines of code for unit index.tsx.Step2(any),LOW,RAW,2026-06-04,43,index.tsx.Step2(any),src/Components/HomePage/Body/Left/Voorbereiding/SelectedPoint/EditPointDetails/Steps/Step2/index.tsx#L14:35,TypeScript,16,1,1
16 lines of code for unit importPointRowNormalization.ts.to01(unknown),LOW,RAW,2026-07-01,16,importPointRowNormalization.ts.to01(unknown),backend/src/helpers/points/importPointRowNormalization.ts#L42:57,TypeScript,16,6,1
16 lines of code for unit registerMapHoverHandler.ts.registerMapHoverHandler(any),LOW,RAW,2026-07-17,0,registerMapHoverHandler.ts.registerMapHoverHandler(any),src/hooks/features/registerMapHoverHandler.ts#L8:31,TypeScript,16,4,1
16 lines of code for unit PointsList.tsx.PointsList(any),LOW,RAW,2026-06-04,43,PointsList.tsx.PointsList(any),src/Components/HomePage/Body/Left/Voorbereiding/ViewPlan/Steps/AddPointsFromPlan/SelectFromSource/PointsList.tsx#L10:52,TypeScript,16,1,1
"16 lines of code for unit GeometryPoint.patchGeometryPoint(GeometryPoint,string)",LOW,RAW,2026-07-13,4,"GeometryPoint.patchGeometryPoint(GeometryPoint,string)",src/Components/HomePage/Body/Left/Nabewerking/VluchtenZoeken/Steps/Step2/Actions/Waarnemingen/EditGeometryDetails/Actions/Form/updateGeometryPointsComment.ts#L16:32,TypeScript,16,3,2
