Description,Severity,Status,First Seen,Issue age,Unit,File,Technology,Lines of code,McCabe complexity,Number of parameters
59 lines of code for unit dockerfile,MEDIUM,RAW,2026-06-04,44,dockerfile,backend/dockerfile#L1:86,Docker,59,-,-
56 lines of code for unit verify-regio-apis.ts.testResolveRegioFilter(),MEDIUM,RAW,2026-06-10,38,verify-regio-apis.ts.testResolveRegioFilter(),backend/scripts/verify-regio-apis.ts#L56:114,TypeScript,56,5,0
41 lines of code for unit applyDeletePointCoordinatePatch.ts.applyDeletePointCoordinatePatch(any),MEDIUM,RAW,2026-07-17,1,applyDeletePointCoordinatePatch.ts.applyDeletePointCoordinatePatch(any),src/Components/HomePage/Body/Left/Tools/AandachtspuntenVerwijderen/Actions/EditPointDetails/Steps/Step2/applyDeletePointCoordinatePatch.ts#L5:51,TypeScript,41,3,1
38 lines of code for unit LegendSection.tsx.LegendSection(LegendSectionProps),MEDIUM,RAW,2026-06-10,38,LegendSection.tsx.LegendSection(LegendSectionProps),src/Components/HomePage/Body/Left/Common/KaartLegend/LayersList/Common/LegendSection.tsx#L75:140,TypeScript,38,3,1
37 lines of code for unit pointCoreFieldKeys.ts,MEDIUM,RAW,2026-07-18,0,pointCoreFieldKeys.ts,src/helpers/points/pointCoreFieldKeys.ts#L3:42,TypeScript,37,1,0
32 lines of code for unit LegendSectionLayout.tsx.LegendSectionLayout(LegendSectionLayoutProps),MEDIUM,RAW,2026-07-15,3,LegendSectionLayout.tsx.LegendSectionLayout(LegendSectionLayoutProps),src/Components/HomePage/Body/Left/Common/KaartLegend/LayersList/Common/LegendSectionLayout.tsx#L75:135,TypeScript,32,2,1
30 lines of code for unit postProxyHelpers.ts.forwardArcgisPostRequest(Request),LOW,RAW,2026-07-04,14,postProxyHelpers.ts.forwardArcgisPostRequest(Request),backend/src/routes/arcgis/postProxyHelpers.ts#L60:91,TypeScript,30,6,1
"30 lines of code for unit getFinishedPlansTimeslider.ts.getFinishedPlansTimeslider(Request,Response)",LOW,RAW,2026-06-04,44,"getFinishedPlansTimeslider.ts.getFinishedPlansTimeslider(Request,Response)",backend/src/routes/timeslider/getFinishedPlansTimeslider.ts#L7:43,TypeScript,30,4,2
"30 lines of code for unit getGeometries.ts.getGeometries(Request,Response)",LOW,RAW,2026-06-04,44,"getGeometries.ts.getGeometries(Request,Response)",backend/src/routes/geometries/getGeometries.ts#L9:47,TypeScript,30,6,2
"30 lines of code for unit deletePoint.ts.deletePoint(Request,Response)",LOW,RAW,2026-06-04,44,"deletePoint.ts.deletePoint(Request,Response)",backend/src/routes/finished_plans/deletePoint.ts#L4:39,TypeScript,30,5,2
30 lines of code for unit geoJsonExport.ts.exportPointsPlansGeoJsonZip(any),LOW,RAW,2026-07-17,1,geoJsonExport.ts.exportPointsPlansGeoJsonZip(any),src/helpers/tableExports/geoJsonExport.ts#L6:38,TypeScript,30,1,1
30 lines of code for unit handleDeletePointEmptyMapClick.ts.handleDeletePointEmptyMapClick(any),LOW,RAW,2026-07-17,1,handleDeletePointEmptyMapClick.ts.handleDeletePointEmptyMapClick(any),src/Components/HomePage/Body/Left/Tools/AandachtspuntenVerwijderen/Actions/EditPointDetails/Steps/Step2/handleDeletePointEmptyMapClick.ts#L14:55,TypeScript,30,8,1
30 lines of code for unit index.tsx.FlightPlans(any),LOW,RAW,2026-06-04,44,index.tsx.FlightPlans(any),src/Components/HomePage/Body/Left/Common/SearchedResultsTab/FlightPlans/index.tsx#L9:46,TypeScript,30,4,1
30 lines of code for unit oidcClientCache.ts.getOrCreateOidcClient(Profile),LOW,RAW,2026-07-17,1,oidcClientCache.ts.getOrCreateOidcClient(Profile),backend/src/routes/auth/oidcClientCache.ts#L65:97,TypeScript,30,4,1
30 lines of code for unit spoedReportHtml.ts,LOW,RAW,2026-06-29,19,spoedReportHtml.ts,backend/src/routes/emails/spoedReportHtml.ts#L1:81,TypeScript,30,1,0
30 lines of code for unit runCreateImageUpload.ts.runCreateImageUpload(CreateImageUploadInput),LOW,RAW,2026-07-18,0,runCreateImageUpload.ts.runCreateImageUpload(CreateImageUploadInput),src/Components/HomePage/Body/Left/Nabewerking/VluchtenZoeken/Steps/Step2/Actions/Waarnemingen/common/Foto/runCreateImageUpload.ts#L19:48,TypeScript,30,3,1
30 lines of code for unit WizardPointsList.tsx.WizardPointsList(WizardPointsListProps),LOW,RAW,2026-07-04,14,WizardPointsList.tsx.WizardPointsList(WizardPointsListProps),src/Components/HomePage/Body/Left/Common/WizardPointsList.tsx#L36:49,TypeScript,30,3,1
30 lines of code for unit index.tsx.EditPointDetails(),LOW,RAW,2026-06-04,44,index.tsx.EditPointDetails(),src/Components/HomePage/Body/Left/Voorbereiding/SelectedPoint/EditPointDetails/index.tsx#L14:84,TypeScript,30,2,0
30 lines of code for unit FotoPanel.tsx.FotoPanel(any),LOW,RAW,2026-06-06,42,FotoPanel.tsx.FotoPanel(any),src/Components/HomePage/Body/Left/Nabewerking/VluchtenZoeken/Steps/Step2/Actions/Waarnemingen/common/Foto/FotoPanel.tsx#L22:62,TypeScript,30,2,1
30 lines of code for unit handleSubmit(),LOW,RAW,2026-06-04,44,handleSubmit(),src/Components/HomePage/Body/Left/Voorbereiding/FlightPlan/Steps/Step3/Buttons.tsx#L50:79,TypeScript,30,7,0
30 lines of code for unit handleConfirm(),LOW,RAW,2026-06-04,44,handleConfirm(),src/Components/HomePage/Body/Left/Voorbereiding/DrawingTool/Step1/ConfirmButton.tsx#L20:55,TypeScript,30,5,0
30 lines of code for unit renderDownloadPage.ts.renderDownloadPage(any),LOW,RAW,2026-07-01,17,renderDownloadPage.ts.renderDownloadPage(any),backend/src/helpers/html/renderDownloadPage.ts#L21:54,TypeScript,30,2,1
30 lines of code for unit useEditUserFormModel.ts.useEditUserFormModel(),LOW,RAW,2026-07-18,0,useEditUserFormModel.ts.useEditUserFormModel(),src/Components/DashboardPage/EditUser/useEditUserFormModel.ts#L8:37,TypeScript,30,1,0
"30 lines of code for unit createPoint.ts.createPoint(Request,Response)",LOW,RAW,2026-06-04,44,"createPoint.ts.createPoint(Request,Response)",backend/src/routes/points/createPoint.ts#L14:46,TypeScript,30,3,2
30 lines of code for unit handleSubmit(),LOW,RAW,2026-06-04,44,handleSubmit(),src/Components/HomePage/Body/Left/Voorbereiding/DrawingTool/Step2/Buttons.tsx#L42:72,TypeScript,30,2,0
30 lines of code for unit App.tsx.App(),LOW,RAW,2026-06-04,44,App.tsx.App(),src/App.tsx#L16:65,TypeScript,30,7,0
"30 lines of code for unit createGeometryGraphicCore.ts.createGeometryGraphic(BaseGeometryData,CreateGeometryGraphicOptions)",LOW,RAW,2026-07-17,1,"createGeometryGraphicCore.ts.createGeometryGraphic(BaseGeometryData,CreateGeometryGraphicOptions)",src/helpers/ArcGISHelpers/createGeometryGraphicCore.ts#L14:52,TypeScript,30,5,2
30 lines of code for unit singleFinishedPlanCtes.ts.buildSingleFinishedPlanCtes(),LOW,RAW,2026-07-04,14,singleFinishedPlanCtes.ts.buildSingleFinishedPlanCtes(),backend/src/helpers/queries/finished-plans/singleFinishedPlanCtes.ts#L3:32,TypeScript,30,1,0
30 lines of code for unit mapPointerHoverHandler.ts.createMapPointerHoverHandler(any),LOW,RAW,2026-07-13,5,mapPointerHoverHandler.ts.createMapPointerHoverHandler(any),src/Components/HomePage/Body/MapViewComp/mapPointerHoverHandler.ts#L8:17,TypeScript,30,6,1
30 lines of code for unit index.tsx.StepNo(any),LOW,RAW,2026-06-04,44,index.tsx.StepNo(any),src/Components/HomePage/Body/Left/Voorbereiding/SelectedPoint/AddToPlan/StepNo/index.tsx#L9:86,TypeScript,30,2,1
30 lines of code for unit CoordinatesInput.tsx.CoordinatesInput(),LOW,RAW,2026-06-04,44,CoordinatesInput.tsx.CoordinatesInput(),src/Components/HomePage/Body/Left/Voorbereiding/EnrichedAddPoint/Steps/Step2/CoordinatesInput.tsx#L6:36,TypeScript,30,1,0
30 lines of code for unit fileDownload.ts,LOW,RAW,2026-06-04,44,fileDownload.ts,backend/src/routes/fileDownload.ts#L1:26,TypeScript,30,2,0
30 lines of code for unit index.tsx.Points(any),LOW,RAW,2026-06-04,44,index.tsx.Points(any),src/Components/HomePage/Body/Left/Common/SearchedResultsTab/Points/index.tsx#L19:59,TypeScript,30,1,1
29 lines of code for unit useDrawPath.ts.useDrawPath(boolean),LOW,RAW,2026-07-17,1,useDrawPath.ts.useDrawPath(boolean),src/hooks/hover-click-handlers/useDrawPath.ts#L14:46,TypeScript,29,1,1
29 lines of code for unit useChangePlanStatusState.ts,LOW,RAW,2026-06-04,44,useChangePlanStatusState.ts,src/hooks/zustand/nabewerking/useChangePlanStatusState.ts#L1:64,TypeScript,29,1,0
29 lines of code for unit Section1.tsx.Section1(any),LOW,RAW,2026-06-04,44,Section1.tsx.Section1(any),src/Components/HomePage/Body/Left/Common/KaartLegend/LayersList/Overig/Section1.tsx#L5:41,TypeScript,29,1,1
29 lines of code for unit helpers.ts.getUserRoles(GetUserRolesInput),LOW,RAW,2026-07-01,17,helpers.ts.getUserRoles(GetUserRolesInput),backend/src/routes/keycloak/management/users/helpers.ts#L16:51,TypeScript,29,3,1
29 lines of code for unit removePoint(string),LOW,RAW,2026-06-04,44,removePoint(string),src/Components/HomePage/Body/Left/Voorbereiding/ViewPlan/Steps/EditPoint/Buttons/RemovePoint.tsx#L23:53,TypeScript,29,3,1
"29 lines of code for unit deleteFinishedFlightPlan.ts.deleteFinishedFlightPlanCascade(PoolClient,string)",LOW,RAW,2026-07-04,14,"deleteFinishedFlightPlan.ts.deleteFinishedFlightPlanCascade(PoolClient,string)",backend/src/helpers/queries/flight-plans/deleteFinishedFlightPlan.ts#L24:61,TypeScript,29,4,2
29 lines of code for unit index.tsx.Left(any),LOW,RAW,2026-06-04,44,index.tsx.Left(any),src/Components/HomePage/Body/Left/index.tsx#L32:120,TypeScript,29,1,1
29 lines of code for unit useDrawingToolLifecycle.ts.useDrawingToolStep2Lifecycle(any),LOW,RAW,2026-07-13,5,useDrawingToolLifecycle.ts.useDrawingToolStep2Lifecycle(any),src/Components/HomePage/Body/Left/Voorbereiding/DrawingTool/helpers/useDrawingToolLifecycle.ts#L72:111,TypeScript,29,6,1
29 lines of code for unit NewPointsList.tsx.NewPointsList(),LOW,RAW,2026-06-04,44,NewPointsList.tsx.NewPointsList(),src/Components/HomePage/Body/Left/Voorbereiding/ReuseFlightPlan/Steps/Step2/NewPointsList.tsx#L9:17,TypeScript,29,3,0
29 lines of code for unit usePopupOpenEffect.ts.usePopupOpenEffect(void),LOW,RAW,2026-07-13,5,usePopupOpenEffect.ts.usePopupOpenEffect(void),src/hooks/popUpModal/usePopupOpenEffect.ts#L12:44,TypeScript,29,5,1
"29 lines of code for unit useRenderPoints.ts.useRenderPoints(FinishedFlightPlanType|null,number[])",LOW,RAW,2026-06-04,44,"useRenderPoints.ts.useRenderPoints(FinishedFlightPlanType|null,number[])",src/Components/HomePage/Body/Left/Nabewerking/CreateReport/Steps/Step2/hooks/useRenderPoints.ts#L7:43,TypeScript,29,5,2
29 lines of code for unit Section2.tsx.Section2(any),LOW,RAW,2026-06-04,44,Section2.tsx.Section2(any),src/Components/HomePage/Body/Left/Common/KaartLegend/LayersList/Overig/Section2.tsx#L6:42,TypeScript,29,1,1
29 lines of code for unit useTimesliderDerivedPlans.ts.useTimesliderDerivedPlans(any),LOW,RAW,2026-07-13,5,useTimesliderDerivedPlans.ts.useTimesliderDerivedPlans(any),src/Components/TimesliderItemDetailPage/useTimesliderDerivedPlans.ts#L8:44,TypeScript,29,4,1
29 lines of code for unit mapImage.ts.getStaticMapImage(any),LOW,RAW,2026-07-13,5,mapImage.ts.getStaticMapImage(any),src/Components/HomePage/Body/Left/Nabewerking/CreateReport/helpers/useHandleStep2/mapImage.ts#L37:75,TypeScript,29,2,1
29 lines of code for unit useDrawingToolSketchState.ts.useDrawingToolSketchState(),LOW,RAW,2026-07-18,0,useDrawingToolSketchState.ts.useDrawingToolSketchState(),src/Components/HomePage/Body/Left/Voorbereiding/DrawingTool/Step1/useDrawingToolSketchState.ts#L9:37,TypeScript,29,1,0
29 lines of code for unit EditPointTabs.tsx.resolveEditPointTabDefs(any),LOW,RAW,2026-07-18,0,EditPointTabs.tsx.resolveEditPointTabDefs(any),src/Components/HomePage/Body/Left/Common/BottomTabs/EditPointTabs.tsx#L52:88,TypeScript,29,3,1
29 lines of code for unit Section3.tsx.Section3(any),LOW,RAW,2026-06-04,44,Section3.tsx.Section3(any),src/Components/HomePage/Body/Left/Common/KaartLegend/LayersList/Overig/Section3.tsx#L5:41,TypeScript,29,1,1
"29 lines of code for unit reportAgentStatus.ts.RequestHandler(any,any)",LOW,RAW,2026-06-04,44,"reportAgentStatus.ts.RequestHandler(any,any)",backend/src/routes/devices-updates/agent/reportAgentStatus.ts#L9:42,TypeScript,29,5,2
"29 lines of code for unit pdfReportTables.ts.addDetailTable(jsPDF,PDFPointDataType)",LOW,RAW,2026-07-04,14,"pdfReportTables.ts.addDetailTable(jsPDF,PDFPointDataType)",src/Components/HomePage/Body/Left/Nabewerking/CreateReport/helpers/pdfReportTables.ts#L89:117,TypeScript,29,6,2
"29 lines of code for unit getPreparedFlightPlans.ts.getPreparedFlightPlans(Request,Response)",LOW,RAW,2026-06-04,44,"getPreparedFlightPlans.ts.getPreparedFlightPlans(Request,Response)",backend/src/routes/flightPlans/getPreparedFlightPlans.ts#L6:41,TypeScript,29,2,2
"29 lines of code for unit CoordinateValues.finalizeCoordinateValues(string,any)",LOW,RAW,2026-07-13,5,"CoordinateValues.finalizeCoordinateValues(string,any)",src/Components/HomePage/Body/Left/Nabewerking/VluchtenZoeken/Steps/Step2/Actions/Waarnemingen/EditPointDetails/Actions/EditPointCoordinates/coordinateFinalize.ts#L10:43,TypeScript,29,3,2
29 lines of code for unit useTimesliderItemImages.ts.useTimesliderItemImages(any),LOW,RAW,2026-07-13,5,useTimesliderItemImages.ts.useTimesliderItemImages(any),src/Components/TimesliderItemDetailPage/useTimesliderItemImages.ts#L8:46,TypeScript,29,9,1
29 lines of code for unit useTimesliderPlansFetch.ts.useTimesliderPlansFetch(any),LOW,RAW,2026-07-04,14,useTimesliderPlansFetch.ts.useTimesliderPlansFetch(any),src/Components/TimesliderItemDetailPage/useTimesliderPlansFetch.ts#L18:53,TypeScript,29,5,1
28 lines of code for unit useTabHeaderModel.ts.useTabHeaderModel(),LOW,RAW,2026-07-18,0,useTabHeaderModel.ts.useTabHeaderModel(),src/Components/HomePage/Body/Left/Common/TabHeader/useTabHeaderModel.ts#L11:39,TypeScript,28,3,0
"28 lines of code for unit verifyCredentialsHandler.ts.RequestHandler(any,any)",LOW,RAW,2026-07-13,5,"verifyCredentialsHandler.ts.RequestHandler(any,any)",backend/src/routes/auth2/verifyCredentialsHandler.ts#L38:66,TypeScript,28,5,2
28 lines of code for unit index.tsx.DevicesUpdatesPage(),LOW,RAW,2026-06-04,44,index.tsx.DevicesUpdatesPage(),src/Components/DevicesUpdatesPage/index.tsx#L27:40,TypeScript,28,4,0
28 lines of code for unit index.tsx.Step1(any),LOW,RAW,2026-06-04,44,index.tsx.Step1(any),src/Components/HomePage/Body/Left/Voorbereiding/ViewPlan/Steps/Step1/index.tsx#L11:78,TypeScript,28,6,1
28 lines of code for unit index.tsx.SearchedResultsTab(),LOW,RAW,2026-06-04,44,index.tsx.SearchedResultsTab(),src/Components/HomePage/Body/Left/Common/SearchedResultsTab/index.tsx#L15:97,TypeScript,28,5,0
28 lines of code for unit index.tsx.StepNo(),LOW,RAW,2026-06-04,44,index.tsx.StepNo(),src/Components/HomePage/Body/Left/Tools/AandachtspuntenVerwijderen/Actions/AddToPlan/StepNo/index.tsx#L10:71,TypeScript,28,3,0
28 lines of code for unit index.tsx.Step2(),LOW,RAW,2026-06-04,44,index.tsx.Step2(),src/Components/HomePage/Body/Left/Nabewerking/CreateReport/Steps/Step2/index.tsx#L14:52,TypeScript,28,5,0
28 lines of code for unit useDrawingToolLifecycle.ts.useDrawingToolStep1Lifecycle(any),LOW,RAW,2026-07-13,5,useDrawingToolLifecycle.ts.useDrawingToolStep1Lifecycle(any),src/Components/HomePage/Body/Left/Voorbereiding/DrawingTool/helpers/useDrawingToolLifecycle.ts#L36:70,TypeScript,28,2,1
28 lines of code for unit prepareAddPointsToPlanPayload.ts.prepareAddPointsToPlanPayload(SubmitAddPointsToPlanInput),LOW,RAW,2026-07-18,0,prepareAddPointsToPlanPayload.ts.prepareAddPointsToPlanPayload(SubmitAddPointsToPlanInput),src/Components/HomePage/Body/Left/Voorbereiding/ViewPlan/Steps/AddPointToPlan/helpers/prepareAddPointsToPlanPayload.ts#L9:38,TypeScript,28,2,1
28 lines of code for unit verify-regio-apis.ts.testDatabaseQueries(),LOW,RAW,2026-06-10,38,verify-regio-apis.ts.testDatabaseQueries(),backend/scripts/verify-regio-apis.ts#L116:144,TypeScript,28,1,0
28 lines of code for unit runReturningUpdate.ts.executeReturningUpdate(any),LOW,RAW,2026-07-14,4,runReturningUpdate.ts.executeReturningUpdate(any),backend/src/helpers/http/runReturningUpdate.ts#L35:70,TypeScript,28,7,1
28 lines of code for unit handleSubmit(),LOW,RAW,2026-06-04,44,handleSubmit(),src/Components/HomePage/Body/Left/Nabewerking/VluchtenZoeken/Steps/Step2/Actions/Waarnemingen/EditPointDetails/Actions/ChangePoint/index.tsx#L39:58,TypeScript,28,3,0
28 lines of code for unit useWaarnemingenFilters.ts.useWaarnemingenFilters(),LOW,RAW,2026-07-18,0,useWaarnemingenFilters.ts.useWaarnemingenFilters(),src/Components/HomePage/Body/Left/Nabewerking/VluchtenZoeken/Steps/Step2/Actions/Waarnemingen/useWaarnemingenFilters.ts#L5:34,TypeScript,28,1,0
28 lines of code for unit SelectedTab.tsx.SelectedTab(),LOW,RAW,2026-06-04,44,SelectedTab.tsx.SelectedTab(),src/Components/HomePage/Body/Left/Common/BottomTabs/SelectedTab.tsx#L9:38,TypeScript,28,3,0
28 lines of code for unit useTableScrollWidth.ts.useTableScrollWidth(UseTableScrollWidthParams),LOW,RAW,2026-06-04,44,useTableScrollWidth.ts.useTableScrollWidth(UseTableScrollWidthParams),src/Components/HomePage/Body/Bottom/PointsView/common/hooks/useTableScrollWidth.ts#L14:34,TypeScript,28,3,1
28 lines of code for unit HeadButtonsTimeslider.tsx.HeadButtonsTimeslider(),LOW,RAW,2026-06-04,44,HeadButtonsTimeslider.tsx.HeadButtonsTimeslider(),src/Components/HomePage/Head/HeadButtonsTimeslider.tsx#L13:80,TypeScript,28,3,0
"28 lines of code for unit useEditFormController.ts.useEditFormController(Geometry,void)",LOW,RAW,2026-07-18,0,"useEditFormController.ts.useEditFormController(Geometry,void)",src/Components/HomePage/Body/Left/Tools/EditGeometry/EditForm/useEditFormController.ts#L10:44,TypeScript,28,1,2
28 lines of code for unit keycloakAdminTokenRequest.ts.requestAdminTokenWithRetry(any),LOW,RAW,2026-07-14,4,keycloakAdminTokenRequest.ts.requestAdminTokenWithRetry(any),backend/src/services/keycloakAdminTokenRequest.ts#L11:43,TypeScript,28,7,1
"28 lines of code for unit registerAgent.ts.RequestHandler(any,any)",LOW,RAW,2026-06-04,44,"registerAgent.ts.RequestHandler(any,any)",backend/src/routes/devices-updates/agent/registerAgent.ts#L5:35,TypeScript,28,8,2
"28 lines of code for unit legacyAuthUsageMonitor.ts.legacyAuthUsageMonitor(any,any,any)",LOW,RAW,2026-07-13,5,"legacyAuthUsageMonitor.ts.legacyAuthUsageMonitor(any,any,any)",backend/src/helpers/auth/legacyAuthUsageMonitor.ts#L13:44,TypeScript,28,10,3
27 lines of code for unit useRemoveFlightPlanModel.ts.useRemoveFlightPlanModel(),LOW,RAW,2026-07-18,0,useRemoveFlightPlanModel.ts.useRemoveFlightPlanModel(),src/Components/HomePage/Body/Left/Voorbereiding/RemoveFlightPlan/useRemoveFlightPlanModel.ts#L10:39,TypeScript,27,1,0
27 lines of code for unit loadImages(),LOW,RAW,2026-07-17,1,loadImages(),src/api-hooks/planImages/useEntityPlanImages.ts#L29:57,TypeScript,27,9,0
27 lines of code for unit submitStep1(),LOW,RAW,2026-06-04,44,submitStep1(),src/Components/HomePage/Body/Left/Voorbereiding/ViewPlan/Steps/Step1/Buttons.tsx#L36:64,TypeScript,27,4,0
27 lines of code for unit Buttons.tsx.Buttons(any),LOW,RAW,2026-06-04,44,Buttons.tsx.Buttons(any),src/Components/HomePage/Body/Left/Voorbereiding/FlightPlan/Steps/Step3/Buttons.tsx#L19:49,TypeScript,27,1,1
"27 lines of code for unit pdfReportTables.ts.addCoordinatesTable(jsPDF,PDFPointDataType)",LOW,RAW,2026-07-04,14,"pdfReportTables.ts.addCoordinatesTable(jsPDF,PDFPointDataType)",src/Components/HomePage/Body/Left/Nabewerking/CreateReport/helpers/pdfReportTables.ts#L61:87,TypeScript,27,2,2
27 lines of code for unit buildSingleFinishedFlightPlanQuery.ts.buildSingleFinishedFlightPlanSelect(string),LOW,RAW,2026-07-18,0,buildSingleFinishedFlightPlanQuery.ts.buildSingleFinishedFlightPlanSelect(string),backend/src/helpers/queries/finished-plans/buildSingleFinishedFlightPlanQuery.ts#L15:41,TypeScript,27,1,1
27 lines of code for unit getAllUsers.ts.getAllUsers(Request),LOW,RAW,2026-06-04,44,getAllUsers.ts.getAllUsers(Request),backend/src/routes/keycloak/management/users/getAllUsers.ts#L10:42,TypeScript,27,3,1
27 lines of code for unit usePointsListActions.ts.usePointsListActions(),LOW,RAW,2026-07-18,0,usePointsListActions.ts.usePointsListActions(),src/Components/HomePage/Body/Bottom/ClickedTableFunctions/usePointsListActions.ts#L14:40,TypeScript,27,1,0
"27 lines of code for unit deleteUser.ts.handleDeleteUser(Request,Response)",LOW,RAW,2026-06-04,44,"deleteUser.ts.handleDeleteUser(Request,Response)",backend/src/routes/keycloak/management/users/deleteUser.ts#L7:40,TypeScript,27,6,2
27 lines of code for unit attachDeletePointMapClick.ts.attachDeletePointMapClick(any),LOW,RAW,2026-07-17,1,attachDeletePointMapClick.ts.attachDeletePointMapClick(any),src/Components/HomePage/Body/Left/Tools/AandachtspuntenVerwijderen/Actions/Main/attachDeletePointMapClick.ts#L5:42,TypeScript,27,6,1
"27 lines of code for unit FetchClientRoleNamesForUserInput.fetchClientRoleDefinitions(string,string)",LOW,RAW,2026-07-01,17,"FetchClientRoleNamesForUserInput.fetchClientRoleDefinitions(string,string)",backend/src/routes/keycloak/management/users/keycloakAdminClient.ts#L86:121,TypeScript,27,5,2
27 lines of code for unit connectRedisClient.ts.connectRedisClient(string|undefined),LOW,RAW,2026-07-17,1,connectRedisClient.ts.connectRedisClient(string|undefined),backend/src/helpers/redis/connectRedisClient.ts#L3:32,TypeScript,27,3,1
27 lines of code for unit Step1.tsx.Step1(Step1Props),LOW,RAW,2026-07-18,0,Step1.tsx.Step1(Step1Props),src/Components/HomePage/Body/Left/Voorbereiding/SelectedPoint/AddToPlan/Step1.tsx#L13:40,TypeScript,27,1,1
27 lines of code for unit flightPlanFormDefaults.ts,LOW,RAW,2026-07-17,1,flightPlanFormDefaults.ts,src/hooks/zustand/shared/flightPlanFormDefaults.ts#L1:32,TypeScript,27,1,0
27 lines of code for unit pointCoreColumns.ts,LOW,RAW,2026-07-18,0,pointCoreColumns.ts,backend/src/helpers/queries/points/pointCoreColumns.ts#L3:34,TypeScript,27,1,0
27 lines of code for unit useEditGeometryModel.ts.useEditGeometryModel(),LOW,RAW,2026-07-18,0,useEditGeometryModel.ts.useEditGeometryModel(),src/Components/HomePage/Body/Left/Tools/EditGeometry/useEditGeometryModel.ts#L13:39,TypeScript,27,3,0
27 lines of code for unit index.tsx.Form(any),LOW,RAW,2026-06-04,44,index.tsx.Form(any),src/Components/HomePage/Body/Left/Nabewerking/VluchtenZoeken/Steps/Step2/Actions/Waarnemingen/EditPointDetails/Actions/Form/index.tsx#L14:43,TypeScript,27,6,1
"27 lines of code for unit createEmail.ts.createEmail(Request,Response)",LOW,RAW,2026-06-04,44,"createEmail.ts.createEmail(Request,Response)",backend/src/routes/emails/createEmail.ts#L6:35,TypeScript,27,3,2
27 lines of code for unit useAddPointToPlanSelections.ts.useAddPointToPlanSelections(),LOW,RAW,2026-07-18,0,useAddPointToPlanSelections.ts.useAddPointToPlanSelections(),src/Components/HomePage/Body/Left/Voorbereiding/ViewPlan/Steps/AddPointToPlan/useAddPointToPlanSelections.ts#L10:36,TypeScript,27,1,0
27 lines of code for unit buildTimesliderPageShell.ts.buildTimesliderPageShell(BuildTimesliderPageShellInput),LOW,RAW,2026-07-18,0,buildTimesliderPageShell.ts.buildTimesliderPageShell(BuildTimesliderPageShellInput),src/Components/TimesliderItemDetailPage/buildTimesliderPageShell.ts#L13:39,TypeScript,27,1,1
27 lines of code for unit useDebouncedRedPointFromInputs.ts.useDebouncedRedPointFromInputs(any),LOW,RAW,2026-06-04,44,useDebouncedRedPointFromInputs.ts.useDebouncedRedPointFromInputs(any),src/Components/HomePage/Body/Left/Tools/EditGeometry/EditForm/EditGeometryPointPanel/useDebouncedRedPointFromInputs.ts#L7:40,TypeScript,27,4,1
26 lines of code for unit commandGuard.ts.queueDeviceCommandWhenIdle(QueueDeviceCommandInput),LOW,RAW,2026-07-01,17,commandGuard.ts.queueDeviceCommandWhenIdle(QueueDeviceCommandInput),backend/src/routes/devices-updates/commandGuard.ts#L17:48,TypeScript,26,5,1
26 lines of code for unit Buttons.tsx.Buttons(any),LOW,RAW,2026-06-04,44,Buttons.tsx.Buttons(any),src/Components/HomePage/Body/Left/Voorbereiding/TemplateFlight/Steps/Step3/Buttons.tsx#L16:45,TypeScript,26,1,1
26 lines of code for unit usePointsViewInteractions.ts.usePointsViewInteractions(any),LOW,RAW,2026-07-14,4,usePointsViewInteractions.ts.usePointsViewInteractions(any),src/Components/HomePage/Body/Bottom/PointsView/common/hooks/usePointsViewInteractions.ts#L8:39,TypeScript,26,1,1
26 lines of code for unit mapImage.ts,LOW,RAW,2026-06-04,44,mapImage.ts,src/Components/HomePage/Body/Left/Nabewerking/CreateReport/helpers/useHandleStep2/mapImage.ts#L1:28,TypeScript,26,1,0
26 lines of code for unit useResetPasswordModel.ts.useResetPasswordModel(),LOW,RAW,2026-07-18,0,useResetPasswordModel.ts.useResetPasswordModel(),src/Components/DashboardPage/ResetPassword/useResetPasswordModel.ts#L5:31,TypeScript,26,2,0
26 lines of code for unit selectFromSourceGraphics.ts.syncPinsForSelection(any),LOW,RAW,2026-07-04,14,selectFromSourceGraphics.ts.syncPinsForSelection(any),src/Components/HomePage/Body/Left/Voorbereiding/ViewPlan/Steps/AddPointsFromPlan/SelectFromSource/helpers/selectFromSourceGraphics.ts#L35:71,TypeScript,26,6,1
26 lines of code for unit buildFlightPlanQueryParts.ts.appendFlightPlanWhereClause(any),LOW,RAW,2026-07-17,1,buildFlightPlanQueryParts.ts.appendFlightPlanWhereClause(any),backend/src/helpers/queries/flight-plans/buildFlightPlanQueryParts.ts#L91:127,TypeScript,26,7,1
26 lines of code for unit toolsTabsPart1.ts,LOW,RAW,2026-07-18,0,toolsTabsPart1.ts,src/Components/HomePage/Head/headTabDefinitions/toolsTabsPart1.ts#L1:33,TypeScript,26,1,0
26 lines of code for unit usePathPointHandlerClick.ts.usePathPointHandlerClick(),LOW,RAW,2026-06-04,44,usePathPointHandlerClick.ts.usePathPointHandlerClick(),src/hooks/hover-click-handlers/usePathPointHandlerClick.ts#L10:41,TypeScript,26,8,0
26 lines of code for unit getRedisClient.ts.getRedisClient(),LOW,RAW,2026-07-13,5,getRedisClient.ts.getRedisClient(),backend/src/helpers/redis/getRedisClient.ts#L40:68,TypeScript,26,5,0
26 lines of code for unit useEditFormState.ts.useEditFormDraftState(Geometry),LOW,RAW,2026-07-18,0,useEditFormState.ts.useEditFormDraftState(Geometry),src/Components/HomePage/Body/Left/Tools/EditGeometry/EditForm/useEditFormState.ts#L16:41,TypeScript,26,1,1
26 lines of code for unit bufferFlightPlansOnLayer.ts.bufferFlightPlansOnLayer(BufferFlightPlansOnLayerInput),LOW,RAW,2026-07-17,1,bufferFlightPlansOnLayer.ts.bufferFlightPlansOnLayer(BufferFlightPlansOnLayerInput),src/helpers/ArcGISHelpers/bufferFlightPlansOnLayer.ts#L20:51,TypeScript,26,6,1
26 lines of code for unit nabewerkingTabs.ts,LOW,RAW,2026-07-04,14,nabewerkingTabs.ts,src/Components/HomePage/Head/headTabDefinitions/nabewerkingTabs.ts#L1:33,TypeScript,26,1,0
"26 lines of code for unit deleteGeometryCascade.ts.deleteGeometryCascade(PoolClient,number,Promise)",LOW,RAW,2026-07-17,1,"deleteGeometryCascade.ts.deleteGeometryCascade(PoolClient,number,Promise)",backend/src/routes/geometries/deleteGeometryCascade.ts#L25:59,TypeScript,26,4,3
26 lines of code for unit Buttons.tsx.Buttons(any),LOW,RAW,2026-06-04,44,Buttons.tsx.Buttons(any),src/Components/HomePage/Body/Left/Voorbereiding/ViewPlan/Steps/AddPointStep/Steps/Step3/Buttons.tsx#L15:47,TypeScript,26,4,1
26 lines of code for unit verifyCredentialsResponses.ts.authenticateOrRespondToVerifyFailure(any),LOW,RAW,2026-07-14,4,verifyCredentialsResponses.ts.authenticateOrRespondToVerifyFailure(any),backend/src/routes/auth2/verifyCredentialsResponses.ts#L39:71,TypeScript,26,5,1
"26 lines of code for unit getFlightPlanById.ts.getFlightPlanById(Request,Response)",LOW,RAW,2026-06-04,44,"getFlightPlanById.ts.getFlightPlanById(Request,Response)",backend/src/routes/flightPlans/getFlightPlanById.ts#L5:36,TypeScript,26,3,2
"26 lines of code for unit getSingleGeometry.ts.getSingleGeometry(Request,Response)",LOW,RAW,2026-06-04,44,"getSingleGeometry.ts.getSingleGeometry(Request,Response)",backend/src/routes/geometries/getSingleGeometry.ts#L7:38,TypeScript,26,4,2
26 lines of code for unit SinglePlan.tsx.SinglePlan(any),LOW,RAW,2026-06-04,44,SinglePlan.tsx.SinglePlan(any),src/Components/HomePage/Body/Left/Voorbereiding/RemoveFlightPlan/SinglePlan.tsx#L12:56,TypeScript,26,5,1
"26 lines of code for unit grantHelpers.ts.classifyStep2OtpLoginFailure(unknown,ClassifyStep2DebugContext)",LOW,RAW,2026-07-13,5,"grantHelpers.ts.classifyStep2OtpLoginFailure(unknown,ClassifyStep2DebugContext)",backend/src/routes/auth2/grantHelpers.ts#L98:130,TypeScript,26,9,2
"26 lines of code for unit useEditPointCoordSyncEffects.ts.useSyncEditPointFromSelection(FinishedPointType|null,CoordState)",LOW,RAW,2026-07-18,0,"useEditPointCoordSyncEffects.ts.useSyncEditPointFromSelection(FinishedPointType|null,CoordState)",src/Components/HomePage/Body/Left/Nabewerking/VluchtenZoeken/Steps/Step2/Actions/Waarnemingen/EditPointDetails/Actions/EditPointCoordinates/useEditPointCoordSyncEffects.ts#L11:39,TypeScript,26,2,2
26 lines of code for unit editGeometryActionHandlers.ts.deleteSelectedGeometry(DeleteSelectedGeometryInput),LOW,RAW,2026-07-18,0,editGeometryActionHandlers.ts.deleteSelectedGeometry(DeleteSelectedGeometryInput),src/Components/HomePage/Body/Left/Tools/EditGeometry/editGeometryActionHandlers.ts#L130:157,TypeScript,26,3,1
26 lines of code for unit mapViewConfiguration.ts.createConfiguredMapView(any),LOW,RAW,2026-07-14,4,mapViewConfiguration.ts.createConfiguredMapView(any),src/helpers/ArcGISHelpers/mapViewConfiguration.ts#L6:38,TypeScript,26,3,1
26 lines of code for unit SinglePoint.tsx.SinglePoint(any),LOW,RAW,2026-06-04,44,SinglePoint.tsx.SinglePoint(any),src/Components/HomePage/Body/Left/Tools/AandachtspuntenVerwijderen/Actions/Main/SinglePoint.tsx#L10:14,TypeScript,26,1,1
26 lines of code for unit useTimesliderFlightPlans.ts.useTimesliderFlightPlans(),LOW,RAW,2026-07-15,3,useTimesliderFlightPlans.ts.useTimesliderFlightPlans(),src/Components/HomePage/Body/Left/TimeSlider/useTimesliderFlightPlans.ts#L10:38,TypeScript,26,2,0
26 lines of code for unit runFlightPlanRegioCases.ts.runFlightPlanRegioCases(any),LOW,RAW,2026-07-14,4,runFlightPlanRegioCases.ts.runFlightPlanRegioCases(any),backend/scripts/runFlightPlanRegioCases.ts#L7:37,TypeScript,26,5,1
26 lines of code for unit fetchAttachmentsForPlanPoint.ts.fetchAttachmentsForPlanPoint(any),LOW,RAW,2026-07-04,14,fetchAttachmentsForPlanPoint.ts.fetchAttachmentsForPlanPoint(any),backend/src/helpers/queries/finished-plans/fetchAttachmentsForPlanPoint.ts#L3:35,TypeScript,26,5,1
26 lines of code for unit CurrentGeometriesList.tsx.CurrentGeometriesList(),LOW,RAW,2026-06-04,44,CurrentGeometriesList.tsx.CurrentGeometriesList(),src/Components/HomePage/Body/Left/Voorbereiding/ReuseFlightPlan/Steps/Step2/CurrentGeometriesList.tsx#L11:62,TypeScript,26,6,0
26 lines of code for unit useUploadZip.ts.useUploadZip(),LOW,RAW,2026-06-04,44,useUploadZip.ts.useUploadZip(),src/Components/HomePage/Body/Left/Nabewerking/CreateReport/Steps/Step3/hooks/useUploadZip.ts#L8:14,TypeScript,26,4,0
25 lines of code for unit fetchClientRoleNamesHelpers.ts.fetchRoleNamesForOneClient(any),LOW,RAW,2026-07-18,0,fetchClientRoleNamesHelpers.ts.fetchRoleNamesForOneClient(any),backend/src/routes/keycloak/management/users/fetchClientRoleNamesHelpers.ts#L3:33,TypeScript,25,4,1
25 lines of code for unit enrichedPointStateActions.ts.createEnrichedPointActions(any),LOW,RAW,2026-07-14,4,enrichedPointStateActions.ts.createEnrichedPointActions(any),src/hooks/zustand/enrichedPointStateActions.ts#L7:32,TypeScript,25,1,1
25 lines of code for unit mapClickHitHandler.ts.handleMapClickHit(MapClickHitInput),LOW,RAW,2026-07-18,0,mapClickHitHandler.ts.handleMapClickHit(MapClickHitInput),src/hooks/popUpModal/mapClickHitHandler.ts#L20:48,TypeScript,25,7,1
25 lines of code for unit toggleStarPlan(FlightPlanType),LOW,RAW,2026-06-04,44,toggleStarPlan(FlightPlanType),src/Components/HomePage/Body/Left/Common/SearchedResultsTab/FlightPlans/FlightPlansList/List.tsx#L81:109,TypeScript,25,4,1
25 lines of code for unit useFeatureLayerPopup.ts.useFeatureLayerPopup(),LOW,RAW,2026-06-04,44,useFeatureLayerPopup.ts.useFeatureLayerPopup(),src/hooks/hover-click-handlers/useFeatureLayerPopup.ts#L13:36,TypeScript,25,2,0
"25 lines of code for unit upsertRegisteredDevice.ts.updateExistingDevice(RegisterDeviceInput,string)",LOW,RAW,2026-07-04,14,"upsertRegisteredDevice.ts.updateExistingDevice(RegisterDeviceInput,string)",backend/src/routes/devices-updates/upsertRegisteredDevice.ts#L13:41,TypeScript,25,5,2
25 lines of code for unit submitStep2(),LOW,RAW,2026-06-10,38,submitStep2(),src/Components/HomePage/Body/Left/Voorbereiding/ViewPlan/Steps/Step2/Buttons.tsx#L45:70,TypeScript,25,6,0
"25 lines of code for unit middleware.ts.RequestHandler(any,any,any)",LOW,RAW,2026-06-04,44,"middleware.ts.RequestHandler(any,any,any)",backend/src/routes/devices-updates/middleware.ts#L7:34,TypeScript,25,6,3
25 lines of code for unit useSelectFromSourceGraphicsEffects.ts.useSelectFromSourceGraphicsLifecycle(any),LOW,RAW,2026-07-14,4,useSelectFromSourceGraphicsEffects.ts.useSelectFromSourceGraphicsLifecycle(any),src/Components/HomePage/Body/Left/Voorbereiding/ViewPlan/Steps/AddPointsFromPlan/SelectFromSource/useSelectFromSourceGraphicsEffects.ts#L16:48,TypeScript,25,2,1
25 lines of code for unit timesliderPlanImagesQuery.ts.buildTimesliderPlanImagesQuery(BuildTimesliderPlanImagesQueryOptions),LOW,RAW,2026-07-17,1,timesliderPlanImagesQuery.ts.buildTimesliderPlanImagesQuery(BuildTimesliderPlanImagesQueryOptions),backend/src/helpers/queries/timeslider/timesliderPlanImagesQuery.ts#L36:62,TypeScript,25,1,1
25 lines of code for unit useFinishedPlansState.ts,LOW,RAW,2026-06-04,44,useFinishedPlansState.ts,src/hooks/zustand/nabewerking/useFinishedPlansState.ts#L1:75,TypeScript,25,1,0
25 lines of code for unit logQueue.ts.initializeLogQueue(SendLogs),LOW,RAW,2026-07-14,4,logQueue.ts.initializeLogQueue(SendLogs),src/hooks/logging/logQueue.ts#L14:22,TypeScript,25,5,1
25 lines of code for unit useSelectFromSourceGraphicsEffects.ts.useSourcePointHover(any),LOW,RAW,2026-07-14,4,useSelectFromSourceGraphicsEffects.ts.useSourcePointHover(any),src/Components/HomePage/Body/Left/Voorbereiding/ViewPlan/Steps/AddPointsFromPlan/SelectFromSource/useSelectFromSourceGraphicsEffects.ts#L101:130,TypeScript,25,6,1
25 lines of code for unit geometryRouteHelpers.ts.insertGeometryPoints(InsertGeometryPointsInput),LOW,RAW,2026-07-01,17,geometryRouteHelpers.ts.insertGeometryPoints(InsertGeometryPointsInput),backend/src/helpers/queries/geometries/geometryRouteHelpers.ts#L60:88,TypeScript,25,2,1
25 lines of code for unit useDrawingStore.ts,LOW,RAW,2026-06-04,44,useDrawingStore.ts,src/hooks/zustand/useDrawingStore.ts#L1:46,TypeScript,25,1,0
25 lines of code for unit useViewPlanController.ts.useViewPlanController(),LOW,RAW,2026-07-18,0,useViewPlanController.ts.useViewPlanController(),src/Components/HomePage/Body/Left/Voorbereiding/ViewPlan/useViewPlanController.ts#L8:32,TypeScript,25,3,0
25 lines of code for unit handleSubmit(),LOW,RAW,2026-06-04,44,handleSubmit(),src/Components/HomePage/Body/Left/Voorbereiding/ReuseFlightPlan/Steps/Step2/Buttons.tsx#L38:59,TypeScript,25,3,0
"25 lines of code for unit registerApplicationRoutes.ts.registerApplicationRoutes(Express,Router)",LOW,RAW,2026-07-17,1,"registerApplicationRoutes.ts.registerApplicationRoutes(Express,Router)",backend/src/configure/registerApplicationRoutes.ts#L26:50,TypeScript,25,1,2
"25 lines of code for unit mapGraphicsLayers.ts.addAndOrderMapGraphicsLayers(Map,ReturnType,any)",LOW,RAW,2026-07-14,4,"mapGraphicsLayers.ts.addAndOrderMapGraphicsLayers(Map,ReturnType,any)",src/helpers/ArcGISHelpers/mapGraphicsLayers.ts#L17:46,TypeScript,25,1,3
25 lines of code for unit shapefileExport.ts.exportFlightPlansShapefile(FlightPlanType[]),LOW,RAW,2026-07-17,1,shapefileExport.ts.exportFlightPlansShapefile(FlightPlanType[]),src/helpers/tableExports/shapefileExport.ts#L19:44,TypeScript,25,1,1
25 lines of code for unit useResultTabTableView.ts.useResultTabTableView(),LOW,RAW,2026-07-13,5,useResultTabTableView.ts.useResultTabTableView(),src/hooks/resultTab/useResultTabTableView.ts#L8:34,TypeScript,25,1,0
25 lines of code for unit useEditPointMapClick.ts.useEditPointMapClick(EditPointMapClickInput),LOW,RAW,2026-07-18,0,useEditPointMapClick.ts.useEditPointMapClick(EditPointMapClickInput),src/Components/HomePage/Body/Left/Nabewerking/VluchtenZoeken/Steps/Step2/Actions/Waarnemingen/EditPointDetails/Actions/EditPointCoordinates/useEditPointMapClick.ts#L6:32,TypeScript,25,3,1
25 lines of code for unit handleNext(),LOW,RAW,2026-06-04,44,handleNext(),src/Components/HomePage/Body/Left/Nabewerking/VluchtenZoeken/Steps/Step1/Content/Buttons.tsx#L27:53,TypeScript,25,7,0
25 lines of code for unit syncSelectedPlanPathLayer.ts,LOW,RAW,2026-07-17,1,syncSelectedPlanPathLayer.ts,src/hooks/hover-click-handlers/syncSelectedPlanPathLayer.ts#L1:10,TypeScript,25,6,0
25 lines of code for unit zoomMapToPointsTable.ts.zoomMapToPointsTable(any),LOW,RAW,2026-07-18,0,zoomMapToPointsTable.ts.zoomMapToPointsTable(any),src/Components/HomePage/Body/Bottom/ClickedTableFunctions/zoomMapToPointsTable.ts#L5:33,TypeScript,25,4,1
25 lines of code for unit usePopupMapClickEffect.ts.usePopupMapClickEffect(),LOW,RAW,2026-07-13,5,usePopupMapClickEffect.ts.usePopupMapClickEffect(),src/hooks/popUpModal/usePopupMapClickEffect.ts#L9:38,TypeScript,25,4,0
25 lines of code for unit notLoggedInBannerTheme.ts.resolveLoginBannerTheme(any),LOW,RAW,2026-07-04,14,notLoggedInBannerTheme.ts.resolveLoginBannerTheme(any),src/Components/HomePage/Body/Common/notLoggedInBannerTheme.ts#L4:34,TypeScript,25,2,1
25 lines of code for unit processGeometry.ts.processGeometry(ProcessGeometryParams),LOW,RAW,2026-06-04,44,processGeometry.ts.processGeometry(ProcessGeometryParams),src/Components/HomePage/Body/Left/Nabewerking/CreateReport/helpers/useHandleStep2/processGeometry.ts#L26:54,TypeScript,25,1,1
25 lines of code for unit SinglePoint.tsx.SinglePoint(any),LOW,RAW,2026-06-04,44,SinglePoint.tsx.SinglePoint(any),src/Components/HomePage/Body/Left/Nabewerking/VluchtenZoeken/Steps/Step2/Actions/Waarnemingen/SinglePoint.tsx#L7:44,TypeScript,25,1,1
25 lines of code for unit useMapViewBottomPanel.ts.useMapViewBottomPanel(any),LOW,RAW,2026-07-18,0,useMapViewBottomPanel.ts.useMapViewBottomPanel(any),src/Components/HomePage/Body/MapViewComp/useMapViewBottomPanel.ts#L7:34,TypeScript,25,1,1
25 lines of code for unit handleConfirmDelete(),LOW,RAW,2026-06-04,44,handleConfirmDelete(),src/Components/DashboardPage/AllUsersTable/index.tsx#L82:113,TypeScript,25,6,0
"25 lines of code for unit logoutHandler.ts.RequestHandler(any,any)",LOW,RAW,2026-07-13,5,"logoutHandler.ts.RequestHandler(any,any)",backend/src/routes/auth2/logoutHandler.ts#L5:32,TypeScript,25,5,2
25 lines of code for unit importPointRowNormalization.ts.normalizeImportRow(unknown),LOW,RAW,2026-07-01,17,importPointRowNormalization.ts.normalizeImportRow(unknown),backend/src/helpers/points/importPointRowNormalization.ts#L64:91,TypeScript,25,9,1
24 lines of code for unit index.tsx.Step2(),LOW,RAW,2026-06-04,44,index.tsx.Step2(),src/Components/HomePage/Body/Left/Voorbereiding/FlightPlan/Steps/Step2/index.tsx#L22:98,TypeScript,24,1,0
24 lines of code for unit useEditPointFormMapClick.ts.useEditPointFormMapClick(any),LOW,RAW,2026-07-04,14,useEditPointFormMapClick.ts.useEditPointFormMapClick(any),src/Components/HomePage/Body/Left/Voorbereiding/SelectedPoint/EditPointDetails/Steps/Step2/useEditPointFormMapClick.ts#L7:38,TypeScript,24,3,1
24 lines of code for unit useFeatureLayerLabels.ts.useFeatureLayerLabels(),LOW,RAW,2026-06-04,44,useFeatureLayerLabels.ts.useFeatureLayerLabels(),src/hooks/hover-click-handlers/useFeatureLayerLabels.ts#L6:33,TypeScript,24,5,0
24 lines of code for unit pdfReportMapPages.ts.imageDataToJpegDataUrl(any),LOW,RAW,2026-07-13,5,pdfReportMapPages.ts.imageDataToJpegDataUrl(any),src/Components/HomePage/Body/Left/Nabewerking/CreateReport/helpers/pdfReportMapPages.ts#L13:42,TypeScript,24,3,1
"24 lines of code for unit useLegendLayers.ts.useLegendLayers(LegendLayerDefinition[],UseLegendLayersOptions)",LOW,RAW,2026-06-10,38,"useLegendLayers.ts.useLegendLayers(LegendLayerDefinition[],UseLegendLayersOptions)",src/Components/HomePage/Body/Left/Common/KaartLegend/LayersList/helpers/useLegendLayers.ts#L23:49,TypeScript,24,2,2
24 lines of code for unit SplitFlightPlanListInput.splitFlightPlanListInput(FlightPlanListRawInput),LOW,RAW,2026-07-18,0,SplitFlightPlanListInput.splitFlightPlanListInput(FlightPlanListRawInput),backend/src/helpers/queries/flight-plans/fetchFlightPlanListHelpers.ts#L43:68,TypeScript,24,1,1
"24 lines of code for unit loginUser.ts.loginUser(Request,Response)",LOW,RAW,2026-06-04,44,"loginUser.ts.loginUser(Request,Response)",backend/src/routes/auth/loginUser.ts#L4:30,TypeScript,24,5,2
"24 lines of code for unit DefaultPointItem.tsx.DefaultPointItem(PointItemViewProps,any)",LOW,RAW,2026-07-15,3,"DefaultPointItem.tsx.DefaultPointItem(PointItemViewProps,any)",src/Components/HomePage/Body/Left/Common/DefaultPointItem.tsx#L4:54,TypeScript,24,3,2
24 lines of code for unit overigLayerSpecsPartA.tsx,LOW,RAW,2026-07-18,0,overigLayerSpecsPartA.tsx,src/Components/HomePage/Body/Left/Common/KaartLegend/LayersList/Overig/overigLayerSpecsPartA.tsx#L1:29,TypeScript,24,1,0
"24 lines of code for unit getFlighPlansNummer.ts.getFlighPlansNummer(Request,Response)",LOW,RAW,2026-06-04,44,"getFlighPlansNummer.ts.getFlighPlansNummer(Request,Response)",backend/src/routes/flightPlans/getFlighPlansNummer.ts#L4:30,TypeScript,24,5,2
24 lines of code for unit FlightPlanPickerList.tsx.FlightPlanPickerList(any),LOW,RAW,2026-06-10,38,FlightPlanPickerList.tsx.FlightPlanPickerList(any),src/Components/HomePage/Body/Common/EditPoint/FlightPlanPickerList.tsx#L9:86,TypeScript,24,4,1
24 lines of code for unit Step2Sub2.tsx.Step2Sub2(EditPointStep2Sub2Props),LOW,RAW,2026-07-18,0,Step2Sub2.tsx.Step2Sub2(EditPointStep2Sub2Props),src/Components/HomePage/Body/Left/Tools/AandachtspuntenVerwijderen/Actions/EditPointDetails/Steps/Step2/Step2Sub2.tsx#L11:36,TypeScript,24,1,1
24 lines of code for unit placeBluePointGraphics.ts,LOW,RAW,2026-07-17,1,placeBluePointGraphics.ts,src/helpers/ArcGISHelpers/placeBluePointGraphics.ts#L1:13,TypeScript,24,5,0
24 lines of code for unit ArcGISAuthProvider.tsx.ArcGISAuthProvider(Props),LOW,RAW,2026-06-04,44,ArcGISAuthProvider.tsx.ArcGISAuthProvider(Props),src/Components/Common/ArcGISAuthProvider.tsx#L8:36,TypeScript,24,4,1
"24 lines of code for unit grantHelpers.ts.classifyGrantFailure(unknown,any)",LOW,RAW,2026-07-17,1,"grantHelpers.ts.classifyGrantFailure(unknown,any)",backend/src/routes/auth2/grantHelpers.ts#L56:87,TypeScript,24,9,2
24 lines of code for unit verifyRegioPointsGeometries.ts.runPointsRegioCheck(any),LOW,RAW,2026-07-04,14,verifyRegioPointsGeometries.ts.runPointsRegioCheck(any),backend/scripts/verifyRegioPointsGeometries.ts#L47:74,TypeScript,24,5,1
"24 lines of code for unit createUser.ts.createUser(Request,Response)",LOW,RAW,2026-06-04,44,"createUser.ts.createUser(Request,Response)",backend/src/routes/users/createUser.ts#L4:30,TypeScript,24,6,2
"24 lines of code for unit editGeometryHelpers.ts.zoomMapToGeometryPoints(__esri.MapView|null|undefined,Geometry)",LOW,RAW,2026-07-04,14,"editGeometryHelpers.ts.zoomMapToGeometryPoints(__esri.MapView|null|undefined,Geometry)",src/Components/HomePage/Body/Left/Tools/EditGeometry/editGeometryHelpers.ts#L32:61,TypeScript,24,7,2
"24 lines of code for unit loginHandler.ts.RequestHandler(any,any)",LOW,RAW,2026-06-04,44,"loginHandler.ts.RequestHandler(any,any)",backend/src/routes/auth/authKeycloak/loginHandler.ts#L11:35,TypeScript,24,3,2
24 lines of code for unit useEditFormState.ts.useEditFormState(Geometry),LOW,RAW,2026-07-18,0,useEditFormState.ts.useEditFormState(Geometry),src/Components/HomePage/Body/Left/Tools/EditGeometry/EditForm/useEditFormState.ts#L43:66,TypeScript,24,2,1
24 lines of code for unit fetchConstLookup.ts.fetchConstLookup(FetchConstLookupInput),LOW,RAW,2026-07-01,17,fetchConstLookup.ts.fetchConstLookup(FetchConstLookupInput),backend/src/helpers/queries/consts/fetchConstLookup.ts#L14:42,TypeScript,24,5,1
24 lines of code for unit ImageGallery.tsx.ImageGallery(any),LOW,RAW,2026-06-04,44,ImageGallery.tsx.ImageGallery(any),src/Components/HomePage/Body/Common/ImageGallery.tsx#L20:47,TypeScript,24,3,1
24 lines of code for unit popupSelection.ts.openPopupForClickedPoint(any),LOW,RAW,2026-07-04,14,popupSelection.ts.openPopupForClickedPoint(any),src/hooks/popUpModal/popupSelection.ts#L16:55,TypeScript,24,5,1
24 lines of code for unit index.tsx.SelectFromSource(any),LOW,RAW,2026-06-04,44,index.tsx.SelectFromSource(any),src/Components/HomePage/Body/Left/Voorbereiding/ViewPlan/Steps/AddPointsFromPlan/SelectFromSource/index.tsx#L16:77,TypeScript,24,3,1
"24 lines of code for unit toGeometryPointPayload.ts.buildGeometryPointFields(any,number,string,GeometryPointContext)",LOW,RAW,2026-07-18,0,"toGeometryPointPayload.ts.buildGeometryPointFields(any,number,string,GeometryPointContext)",src/Components/HomePage/Body/Left/Voorbereiding/DrawingTool/helpers/toGeometryPointPayload.ts#L16:44,TypeScript,24,3,4
24 lines of code for unit useTimesliderState.ts,LOW,RAW,2026-06-04,44,useTimesliderState.ts,src/helpers/ZustandStates/useTimesliderState.ts#L1:37,TypeScript,24,2,0
24 lines of code for unit handleBuffer(),LOW,RAW,2026-06-04,44,handleBuffer(),src/Components/HomePage/Body/Left/Common/SearchedResultsTab/Functions/PointsBuffer.tsx#L21:49,TypeScript,24,5,0
24 lines of code for unit useViewPlanStepMap.ts.useViewPlanStepMap(any),LOW,RAW,2026-07-15,3,useViewPlanStepMap.ts.useViewPlanStepMap(any),src/Components/HomePage/Body/Left/Voorbereiding/ViewPlan/Steps/Step2/useViewPlanStepMap.ts#L15:44,TypeScript,24,4,1
24 lines of code for unit applyCoordsFromMapClick.ts.applyCoordsFromMapClick(any),LOW,RAW,2026-07-18,0,applyCoordsFromMapClick.ts.applyCoordsFromMapClick(any),src/Components/HomePage/Body/Left/Nabewerking/VluchtenZoeken/Steps/Step2/Actions/Waarnemingen/EditPointDetails/Actions/EditPointCoordinates/applyCoordsFromMapClick.ts#L6:42,TypeScript,24,1,1
24 lines of code for unit index.tsx.Form(any),LOW,RAW,2026-06-04,44,index.tsx.Form(any),src/Components/HomePage/Body/Left/Nabewerking/VluchtenZoeken/Steps/Step2/Actions/Waarnemingen/EditGeometryDetails/Actions/Form/index.tsx#L14:42,TypeScript,24,7,1
"24 lines of code for unit createPointFromImport.ts.createPointFromImport(Request,Response)",LOW,RAW,2026-06-04,44,"createPointFromImport.ts.createPointFromImport(Request,Response)",backend/src/routes/points/createPointFromImport.ts#L11:39,TypeScript,24,5,2
24 lines of code for unit Fase3.tsx.Fase3(any),LOW,RAW,2026-06-04,44,Fase3.tsx.Fase3(any),src/Components/HomePage/Body/Left/Voorbereiding/FlightPlan/Steps/Step1/TemplateFlights/Fase3.tsx#L14:86,TypeScript,24,7,1
24 lines of code for unit pdfReportTables.ts.addGeneralInfoTable(any),LOW,RAW,2026-07-13,5,pdfReportTables.ts.addGeneralInfoTable(any),src/Components/HomePage/Body/Left/Nabewerking/CreateReport/helpers/pdfReportTables.ts#L32:59,TypeScript,24,6,1
24 lines of code for unit loadUsers(),LOW,RAW,2026-06-04,44,loadUsers(),src/Components/DashboardPage/AllUsersTable/index.tsx#L44:71,TypeScript,24,5,0
"24 lines of code for unit getAttachmentsPlanSinglePoint.ts.getAttachmentsPlanSinglePoint(Request,Response)",LOW,RAW,2026-06-04,44,"getAttachmentsPlanSinglePoint.ts.getAttachmentsPlanSinglePoint(Request,Response)",backend/src/routes/finished_plans/getAttachmentsPlanSinglePoint.ts#L4:32,TypeScript,24,5,2
24 lines of code for unit subscribeMapHoverHighlight.ts.subscribeMapHoverHighlight(MapHoverLayers),LOW,RAW,2026-07-18,0,subscribeMapHoverHighlight.ts.subscribeMapHoverHighlight(MapHoverLayers),src/Components/HomePage/Body/MapViewComp/subscribeMapHoverHighlight.ts#L5:28,TypeScript,24,2,1
24 lines of code for unit flightPathMetrics.ts.calculateFlightPathMetrics(PlanPathRow),LOW,RAW,2026-07-14,4,flightPathMetrics.ts.calculateFlightPathMetrics(PlanPathRow),src/hooks/flightPathMetrics.ts#L18:41,TypeScript,24,6,1
24 lines of code for unit index.tsx.Step3(any),LOW,RAW,2026-06-04,44,index.tsx.Step3(any),src/Components/HomePage/Body/Left/Voorbereiding/FlightPlan/Steps/Step3/index.tsx#L20:102,TypeScript,24,1,1
24 lines of code for unit index.tsx.EditPointCoordinates(any),LOW,RAW,2026-06-04,44,index.tsx.EditPointCoordinates(any),src/Components/HomePage/Body/Left/Nabewerking/VluchtenZoeken/Steps/Step2/Actions/Waarnemingen/EditPointDetails/Actions/EditPointCoordinates/index.tsx#L9:111,TypeScript,24,2,1
"24 lines of code for unit computeFlightPlanCentroid.ts.computeFlightPlanCentroid(FlightPlanCentroidPoint[],any,any)",LOW,RAW,2026-06-06,42,"computeFlightPlanCentroid.ts.computeFlightPlanCentroid(FlightPlanCentroidPoint[],any,any)",src/helpers/ArcGISHelpers/computeFlightPlanCentroid.ts#L12:41,TypeScript,24,6,3
24 lines of code for unit index.tsx.EditPoint(),LOW,RAW,2026-06-04,44,index.tsx.EditPoint(),src/Components/HomePage/Body/Left/Voorbereiding/ViewPlan/Steps/EditPoint/index.tsx#L7:61,TypeScript,24,2,0
24 lines of code for unit processImportedRows(string[]),LOW,RAW,2026-07-04,14,processImportedRows(string[]),src/Components/HomePage/Body/Left/Voorbereiding/FlightPlan/Steps/Step1/ImportVluchtPlan.tsx#L53:67,TypeScript,24,6,1
24 lines of code for unit viewPlanStepMapActions.ts.syncYellowGeometryTableGraphics(any),LOW,RAW,2026-07-17,1,viewPlanStepMapActions.ts.syncYellowGeometryTableGraphics(any),src/Components/HomePage/Body/Left/Voorbereiding/ViewPlan/Steps/Step2/viewPlanStepMapActions.ts#L17:51,TypeScript,24,7,1
23 lines of code for unit spoedReportSendHelpers.ts.renderSpoedPdfBuffer(ValidatedSpoed),LOW,RAW,2026-07-18,0,spoedReportSendHelpers.ts.renderSpoedPdfBuffer(ValidatedSpoed),backend/src/routes/emails/spoedReportSendHelpers.ts#L23:47,TypeScript,23,2,1
23 lines of code for unit SaveEditGeometryInput.saveEditGeometry(SaveEditGeometryInput),LOW,RAW,2026-07-18,0,SaveEditGeometryInput.saveEditGeometry(SaveEditGeometryInput),src/Components/HomePage/Body/Left/Tools/EditGeometry/editGeometryActionHandlers.ts#L62:84,TypeScript,23,2,1
23 lines of code for unit bufferPointsOnLayer.ts.bufferPointsOnLayer(BufferPointsOnLayerInput),LOW,RAW,2026-07-17,1,bufferPointsOnLayer.ts.bufferPointsOnLayer(BufferPointsOnLayerInput),src/helpers/ArcGISHelpers/bufferPointsOnLayer.ts#L45:69,TypeScript,23,1,1
23 lines of code for unit nnederlandLayerSpecsPart3a.ts,LOW,RAW,2026-07-18,0,nnederlandLayerSpecsPart3a.ts,src/Components/HomePage/Body/Left/Common/KaartLegend/LayersList/NNederland/nnederlandLayerSpecsPart3a.ts#L1:28,TypeScript,23,1,0
23 lines of code for unit utils.ts.fetchWithRetry(any),LOW,RAW,2026-07-13,5,utils.ts.fetchWithRetry(any),src/Components/HomePage/Body/Left/Nabewerking/CreateReport/helpers/useHandleStep2/utils.ts#L3:29,TypeScript,23,7,1
23 lines of code for unit staleCommandSql.ts.buildStaleCommandUpdateSql(any),LOW,RAW,2026-07-13,5,staleCommandSql.ts.buildStaleCommandUpdateSql(any),backend/src/routes/devices-updates/staleCommandSql.ts#L9:35,TypeScript,23,2,1
23 lines of code for unit nnederlandLayerSpecsPart1c.ts,LOW,RAW,2026-07-18,0,nnederlandLayerSpecsPart1c.ts,src/Components/HomePage/Body/Left/Common/KaartLegend/LayersList/NNederland/nnederlandLayerSpecsPart1c.ts#L1:28,TypeScript,23,1,0
23 lines of code for unit updateGeometryPoints.ts.updateGeometryOwnedPoints(any),LOW,RAW,2026-07-04,14,updateGeometryPoints.ts.updateGeometryOwnedPoints(any),backend/src/helpers/queries/geometries/updateGeometryPoints.ts#L10:42,TypeScript,23,6,1
23 lines of code for unit nnederlandLayerSpecsPart2c.ts,LOW,RAW,2026-07-18,0,nnederlandLayerSpecsPart2c.ts,src/Components/HomePage/Body/Left/Common/KaartLegend/LayersList/NNederland/nnederlandLayerSpecsPart2c.ts#L1:28,TypeScript,23,1,0
23 lines of code for unit generatePdfReport.ts.generatePdfReport(GeneratePdfReportInput),LOW,RAW,2026-07-04,14,generatePdfReport.ts.generatePdfReport(GeneratePdfReportInput),src/Components/HomePage/Body/Left/Nabewerking/CreateReport/helpers/generatePdfReport.ts#L29:57,TypeScript,23,3,1
23 lines of code for unit Buttons.tsx.Buttons(),LOW,RAW,2026-06-04,44,Buttons.tsx.Buttons(),src/Components/HomePage/Body/Left/Voorbereiding/ReuseFlightPlan/Steps/Step2/Buttons.tsx#L17:37,TypeScript,23,2,0
23 lines of code for unit nnederlandLayerSpecsPart2a.ts,LOW,RAW,2026-07-18,0,nnederlandLayerSpecsPart2a.ts,src/Components/HomePage/Body/Left/Common/KaartLegend/LayersList/NNederland/nnederlandLayerSpecsPart2a.ts#L1:28,TypeScript,23,1,0
23 lines of code for unit usePathLoadingReady.ts.usePathLoadingReady(any),LOW,RAW,2026-07-04,14,usePathLoadingReady.ts.usePathLoadingReady(any),src/hooks/hover-click-handlers/usePathLoadingReady.ts#L3:22,TypeScript,23,5,1
23 lines of code for unit handleDelete(),LOW,RAW,2026-07-13,5,handleDelete(),src/Components/HomePage/Body/Left/Tools/AandachtspuntenVerwijderen/Actions/Main/Buttons.tsx#L24:46,TypeScript,23,3,0
"23 lines of code for unit deletePointHelpers.ts.deletePointInTransaction(PoolClient,number)",LOW,RAW,2026-07-18,0,"deletePointHelpers.ts.deletePointInTransaction(PoolClient,number)",backend/src/routes/points/deletePointHelpers.ts#L4:33,TypeScript,23,3,2
23 lines of code for unit buildFlightPlanCreateAttributes.ts.buildFlightPlanCreateAttributes(BuildFlightPlanCreateAttributesInput),LOW,RAW,2026-07-04,14,buildFlightPlanCreateAttributes.ts.buildFlightPlanCreateAttributes(BuildFlightPlanCreateAttributesInput),src/hooks/flightPlan/buildFlightPlanCreateAttributes.ts#L18:43,TypeScript,23,2,1
23 lines of code for unit useViewPlanFilteredPlans.ts.useViewPlanFilteredPlans(any),LOW,RAW,2026-07-13,5,useViewPlanFilteredPlans.ts.useViewPlanFilteredPlans(any),src/Components/HomePage/Body/Left/Voorbereiding/ViewPlan/useViewPlanFilteredPlans.ts#L5:36,TypeScript,23,3,1
23 lines of code for unit handleToggle(React.ChangeEvent<HTMLInputElement>),LOW,RAW,2026-06-04,44,handleToggle(React.ChangeEvent<HTMLInputElement>),src/Components/HomePage/Body/Left/Common/KaartLegend/LayersList/Common/LayerItem.tsx#L41:70,TypeScript,23,5,1
23 lines of code for unit nnederlandLayerSpecsPart2b.ts,LOW,RAW,2026-07-18,0,nnederlandLayerSpecsPart2b.ts,src/Components/HomePage/Body/Left/Common/KaartLegend/LayersList/NNederland/nnederlandLayerSpecsPart2b.ts#L1:28,TypeScript,23,1,0
23 lines of code for unit useNearestPointClick.ts.useNearestPointClick(UseNearestPointClickOptions),LOW,RAW,2026-06-04,44,useNearestPointClick.ts.useNearestPointClick(UseNearestPointClickOptions),src/hooks/hover-click-handlers/useNearestPointClick.ts#L17:50,TypeScript,23,6,1
23 lines of code for unit handleDirectDownload(),LOW,RAW,2026-06-04,44,handleDirectDownload(),src/Components/HomePage/Body/Left/Nabewerking/CreateReport/Steps/Step3/hooks/useDirectDownload.ts#L21:43,TypeScript,23,7,0
23 lines of code for unit nnederlandLayerSpecsPart3b.ts,LOW,RAW,2026-07-18,0,nnederlandLayerSpecsPart3b.ts,src/Components/HomePage/Body/Left/Common/KaartLegend/LayersList/NNederland/nnederlandLayerSpecsPart3b.ts#L1:28,TypeScript,23,1,0
23 lines of code for unit featureLayerLabelsSync.ts.attachFeatureLayerLabelSync(any),LOW,RAW,2026-07-04,14,featureLayerLabelsSync.ts.attachFeatureLayerLabelSync(any),src/hooks/hover-click-handlers/featureLayerLabelsSync.ts#L28:32,TypeScript,23,3,1
"23 lines of code for unit logoutHandler.ts.RequestHandler(any,any)",LOW,RAW,2026-06-04,44,"logoutHandler.ts.RequestHandler(any,any)",backend/src/routes/auth/authKeycloak/logoutHandler.ts#L4:30,TypeScript,23,7,2
23 lines of code for unit timesliderPlanImagesParse.ts.parseTimesliderPlanImagesRequest(any),LOW,RAW,2026-07-18,0,timesliderPlanImagesParse.ts.parseTimesliderPlanImagesRequest(any),backend/src/helpers/queries/timeslider/timesliderPlanImagesParse.ts#L15:41,TypeScript,23,3,1
23 lines of code for unit exportFlightPathZip.ts.buildFlightPathGeoJson(FinishedFlightPlanType),LOW,RAW,2026-07-17,1,exportFlightPathZip.ts.buildFlightPathGeoJson(FinishedFlightPlanType),src/Components/HomePage/Body/Left/Nabewerking/VluchtenZoeken/Steps/Step2/Actions/VliegrouteExporteren/exportFlightPathZip.ts#L7:32,TypeScript,23,1,1
23 lines of code for unit useStepContentHooks.ts.useStepContentHooks(any),LOW,RAW,2026-07-18,0,useStepContentHooks.ts.useStepContentHooks(any),src/Components/HomePage/Body/Left/Voorbereiding/AddPointsVluchtPlan/Common/useStepContentHooks.ts#L11:38,TypeScript,23,3,1
23 lines of code for unit fetchTimeRange(),LOW,RAW,2026-06-04,44,fetchTimeRange(),src/hooks/useTimeRange.ts#L15:37,TypeScript,23,8,0
23 lines of code for unit verifyRegioPointsGeometries.ts.runGeometriesQuery(string|undefined),LOW,RAW,2026-07-04,14,verifyRegioPointsGeometries.ts.runGeometriesQuery(string|undefined),backend/scripts/verifyRegioPointsGeometries.ts#L23:45,TypeScript,23,4,1
23 lines of code for unit buildTabHeaderLabelMap.ts.buildTabHeaderLabelMap(TabHeaderContent),LOW,RAW,2026-07-18,0,buildTabHeaderLabelMap.ts.buildTabHeaderLabelMap(TabHeaderContent),src/Components/HomePage/Body/Left/Common/TabHeader/buildTabHeaderLabelMap.ts#L10:34,TypeScript,23,1,1
23 lines of code for unit flightPlanFormFields.ts,LOW,RAW,2026-07-17,1,flightPlanFormFields.ts,src/hooks/zustand/shared/flightPlanFormFields.ts#L1:23,TypeScript,23,1,0
"23 lines of code for unit fetchAndRegisterArcGisToken.ts.fetchAndRegisterArcGisToken(string,string[])",LOW,RAW,2026-07-18,0,"fetchAndRegisterArcGisToken.ts.fetchAndRegisterArcGisToken(string,string[])",src/helpers/tokens/fetchAndRegisterArcGisToken.ts#L12:42,TypeScript,23,5,2
23 lines of code for unit handleSubmit(),LOW,RAW,2026-06-04,44,handleSubmit(),src/Components/HomePage/Body/Left/Voorbereiding/ViewPlan/Steps/EditPoint/Buttons/Submit.tsx#L20:42,TypeScript,23,2,0
23 lines of code for unit buildFlightPlanQuery.ts.buildFlightPlanQuery(BuildFlightPlanQueryOptions),LOW,RAW,2026-06-30,18,buildFlightPlanQuery.ts.buildFlightPlanQuery(BuildFlightPlanQueryOptions),backend/src/helpers/queries/flight-plans/buildFlightPlanQuery.ts#L10:38,TypeScript,23,1,1
23 lines of code for unit FetchFlightPlanListInput.fetchFlightPlanList(FetchFlightPlanListInput),LOW,RAW,2026-07-14,4,FetchFlightPlanListInput.fetchFlightPlanList(FetchFlightPlanListInput),backend/src/helpers/queries/flight-plans/fetchFlightPlanList.ts#L28:52,TypeScript,23,3,1
"23 lines of code for unit useLegendLayerSyncEffects.ts.useLegendLayerSyncEffects(Dispatch<SetStateAction<LegendLayerDefinition[]>>,string[],SyncOptions)",LOW,RAW,2026-07-18,0,"useLegendLayerSyncEffects.ts.useLegendLayerSyncEffects(Dispatch<SetStateAction<LegendLayerDefinition[]>>,string[],SyncOptions)",src/Components/HomePage/Body/Left/Common/KaartLegend/LayersList/helpers/useLegendLayerSyncEffects.ts#L13:41,TypeScript,23,5,3
"23 lines of code for unit updateGeometry.ts.updateGeometry(Request,Response)",LOW,RAW,2026-06-04,44,"updateGeometry.ts.updateGeometry(Request,Response)",backend/src/routes/geometries/updateGeometry.ts#L8:33,TypeScript,23,4,2
23 lines of code for unit pages.ts,LOW,RAW,2026-07-04,14,pages.ts,src/Components/HomePage/Head/headTabDefinitions/pages.ts#L1:26,TypeScript,23,1,0
23 lines of code for unit nnederlandLayerSpecsPart1b.ts,LOW,RAW,2026-07-18,0,nnederlandLayerSpecsPart1b.ts,src/Components/HomePage/Body/Left/Common/KaartLegend/LayersList/NNederland/nnederlandLayerSpecsPart1b.ts#L1:28,TypeScript,23,1,0
"23 lines of code for unit drawYellowPlanGraphics.ts.drawYellowGeometries(Geometry[],__esri.GraphicsLayer|null)",LOW,RAW,2026-06-04,44,"drawYellowPlanGraphics.ts.drawYellowGeometries(Geometry[],__esri.GraphicsLayer|null)",src/Components/HomePage/Body/Left/Voorbereiding/ViewPlan/Steps/AddPointToPlan/helpers/drawYellowPlanGraphics.ts#L31:60,TypeScript,23,5,2
23 lines of code for unit index.tsx.ListPointFunctions(any),LOW,RAW,2026-07-15,3,index.tsx.ListPointFunctions(any),src/Components/HomePage/Body/Left/Common/SearchedResultsTab/Functions/ListPointsFunctions/index.tsx#L24:40,TypeScript,23,1,1
23 lines of code for unit useEntityPlanImages.ts.useEntityPlanImages(EntityPlanImagesInput),LOW,RAW,2026-07-17,1,useEntityPlanImages.ts.useEntityPlanImages(EntityPlanImagesInput),src/api-hooks/planImages/useEntityPlanImages.ts#L15:28,TypeScript,23,5,1
"23 lines of code for unit invalidateRelatedQueries.ts.invalidateRelatedQueries(QueryClient,string)",LOW,RAW,2026-07-17,1,"invalidateRelatedQueries.ts.invalidateRelatedQueries(QueryClient,string)",src/lib/invalidateRelatedQueries.ts#L12:43,TypeScript,23,9,2
23 lines of code for unit promptPasswordAndCopyDownloadLink.ts.promptPasswordAndCopyDownloadLink(any),LOW,RAW,2026-07-17,1,promptPasswordAndCopyDownloadLink.ts.promptPasswordAndCopyDownloadLink(any),src/Components/HomePage/Body/Left/Nabewerking/CreateReport/Steps/Step3/hooks/promptPasswordAndCopyDownloadLink.ts#L4:41,TypeScript,23,5,1
23 lines of code for unit nnederlandLayerSpecsPart3d.ts,LOW,RAW,2026-07-18,0,nnederlandLayerSpecsPart3d.ts,src/Components/HomePage/Body/Left/Common/KaartLegend/LayersList/NNederland/nnederlandLayerSpecsPart3d.ts#L1:28,TypeScript,23,1,0
22 lines of code for unit usePointsViewLayoutController.ts.usePointsViewLayoutController(any),LOW,RAW,2026-07-14,4,usePointsViewLayoutController.ts.usePointsViewLayoutController(any),src/Components/HomePage/Body/Bottom/PointsView/common/hooks/usePointsViewLayoutController.ts#L5:39,TypeScript,22,1,1
22 lines of code for unit applyGeometrySaveSuccess.ts.applyGeometrySaveSuccess(any),LOW,RAW,2026-07-18,0,applyGeometrySaveSuccess.ts.applyGeometrySaveSuccess(any),src/Components/HomePage/Body/Left/Tools/EditGeometry/applyGeometrySaveSuccess.ts#L7:42,TypeScript,22,1,1
22 lines of code for unit SinglePoints.tsx.SinglePoint(any),LOW,RAW,2026-06-04,44,SinglePoints.tsx.SinglePoint(any),src/Components/HomePage/Body/Left/Nabewerking/VluchtenZoeken/Steps/Step2/Actions/Waarnemingen/EditPointDetails/Actions/ChangePoint/SinglePoints.tsx#L7:39,TypeScript,22,1,1
22 lines of code for unit syncBluePointGraphics.ts,LOW,RAW,2026-07-17,1,syncBluePointGraphics.ts,src/helpers/ArcGISHelpers/syncBluePointGraphics.ts#L1:3,TypeScript,22,5,0
22 lines of code for unit useTemplateSelectionFilters.ts.useTemplateSelectionFilters(any),LOW,RAW,2026-07-18,0,useTemplateSelectionFilters.ts.useTemplateSelectionFilters(any),src/Components/HomePage/Body/Left/Voorbereiding/TemplateFlight/Steps/useTemplateSelectionFilters.ts#L6:33,TypeScript,22,3,1
22 lines of code for unit planBoundingBoxSymbolsStar.ts,LOW,RAW,2026-07-18,0,planBoundingBoxSymbolsStar.ts,src/helpers/ArcGISHelpers/planBoundingBoxSymbolsStar.ts#L1:22,TypeScript,22,1,0
22 lines of code for unit getFlightPlansByPointHelpers.ts,LOW,RAW,2026-07-18,0,getFlightPlansByPointHelpers.ts,backend/src/routes/points/getFlightPlansByPointHelpers.ts#L1:25,TypeScript,22,1,0
22 lines of code for unit useMapClickToUpdateCoordinates.ts.useMapClickToUpdateCoordinates(any),LOW,RAW,2026-06-04,44,useMapClickToUpdateCoordinates.ts.useMapClickToUpdateCoordinates(any),src/Components/HomePage/Body/Left/Tools/EditGeometry/EditForm/EditGeometryPointPanel/useMapClickToUpdateCoordinates.ts#L10:39,TypeScript,22,3,1
22 lines of code for unit upsertRegisteredDevice.ts.insertNewDevice(RegisterDeviceInput),LOW,RAW,2026-07-04,14,upsertRegisteredDevice.ts.insertNewDevice(RegisterDeviceInput),backend/src/routes/devices-updates/upsertRegisteredDevice.ts#L43:67,TypeScript,22,5,1
22 lines of code for unit arcgisOAuthTokenPost.ts.postArcgisOAuthToken(ResolvedArcgisTokenConfig),LOW,RAW,2026-07-18,0,arcgisOAuthTokenPost.ts.postArcgisOAuthToken(ResolvedArcgisTokenConfig),backend/src/services/arcgisOAuthTokenPost.ts#L4:28,TypeScript,22,3,1
22 lines of code for unit useNotLoggedInBanner.ts.useNotLoggedInBanner(),LOW,RAW,2026-07-18,0,useNotLoggedInBanner.ts.useNotLoggedInBanner(),src/Components/HomePage/Body/Common/useNotLoggedInBanner.ts#L15:39,TypeScript,22,2,0
22 lines of code for unit resolveUploadedAttachment.ts.queryLatestAttachmentResult(any),LOW,RAW,2026-07-18,0,resolveUploadedAttachment.ts.queryLatestAttachmentResult(any),src/Components/HomePage/Body/Left/Nabewerking/VluchtenZoeken/Steps/Step2/Actions/Waarnemingen/common/Foto/resolveUploadedAttachment.ts#L8:34,TypeScript,22,2,1
22 lines of code for unit assembleTimesliderPageView.ts.assembleTimesliderPageView(BuildTimesliderPageViewInput),LOW,RAW,2026-07-18,0,assembleTimesliderPageView.ts.assembleTimesliderPageView(BuildTimesliderPageViewInput),src/Components/TimesliderItemDetailPage/assembleTimesliderPageView.ts#L9:32,TypeScript,22,1,1
22 lines of code for unit Buttons.tsx.Buttons(any),LOW,RAW,2026-06-04,44,Buttons.tsx.Buttons(any),src/Components/HomePage/Body/Left/Voorbereiding/ViewPlan/Steps/Step1/Buttons.tsx#L10:35,TypeScript,22,4,1
22 lines of code for unit useReuseFlightPlan.ts,LOW,RAW,2026-06-04,44,useReuseFlightPlan.ts,src/hooks/zustand/useReuseFlightPlan.ts#L1:67,TypeScript,22,1,0
22 lines of code for unit Buttons.tsx.Buttons(any),LOW,RAW,2026-06-10,38,Buttons.tsx.Buttons(any),src/Components/HomePage/Body/Left/Voorbereiding/ViewPlan/Steps/Step2/Buttons.tsx#L17:44,TypeScript,22,1,1
"22 lines of code for unit deleteGeometry.ts.deleteGeometry(Request,Response)",LOW,RAW,2026-06-04,44,"deleteGeometry.ts.deleteGeometry(Request,Response)",backend/src/routes/geometries/deleteGeometry.ts#L11:36,TypeScript,22,4,2
"22 lines of code for unit formatPlanGeometries.ts.splitPointsByGeometry(RawPoint[],SplitPointsOptions<T>)",LOW,RAW,2026-06-30,18,"formatPlanGeometries.ts.splitPointsByGeometry(RawPoint[],SplitPointsOptions<T>)",backend/src/helpers/queries/geometries/formatPlanGeometries.ts#L43:71,TypeScript,22,3,2
22 lines of code for unit FlightPlanStandardFieldsProps.pickFlightPlanFormFields(FlightPlanFormFieldValues&FlightPlanFormFieldSetters),LOW,RAW,2026-07-04,14,FlightPlanStandardFieldsProps.pickFlightPlanFormFields(FlightPlanFormFieldValues&FlightPlanFormFieldSetters),src/Components/HomePage/Body/Left/Common/FlightPlanForm/FlightPlanStandardFields.tsx#L33:56,TypeScript,22,1,1
"22 lines of code for unit mapGetacDeviceRow.ts.mapGetacDeviceRow(Record<string, unknown>)",LOW,RAW,2026-07-04,14,"mapGetacDeviceRow.ts.mapGetacDeviceRow(Record<string, unknown>)",backend/src/routes/devices-updates/mapGetacDeviceRow.ts#L11:32,TypeScript,22,5,1
22 lines of code for unit useViewPlanState.ts,LOW,RAW,2026-06-06,42,useViewPlanState.ts,src/hooks/zustand/voorbereiding/useViewPlanState.ts#L1:76,TypeScript,22,1,0
"22 lines of code for unit buildHtml.ts.htmlDiv(string,string)",LOW,RAW,2026-06-29,19,"buildHtml.ts.htmlDiv(string,string)",backend/src/helpers/html/buildHtml.ts#L15:40,TypeScript,22,1,2
22 lines of code for unit useEditPointCoordinateStores.ts.useEditPointCoordinateStores(),LOW,RAW,2026-07-18,0,useEditPointCoordinateStores.ts.useEditPointCoordinateStores(),src/Components/HomePage/Body/Left/Nabewerking/VluchtenZoeken/Steps/Step2/Actions/Waarnemingen/EditPointDetails/Actions/EditPointCoordinates/useEditPointCoordinateStores.ts#L5:26,TypeScript,22,1,0
22 lines of code for unit applyUploadedAttachmentSuccess.ts.buildAttachmentsAfterUpload(any),LOW,RAW,2026-07-18,0,applyUploadedAttachmentSuccess.ts.buildAttachmentsAfterUpload(any),src/Components/HomePage/Body/Left/Nabewerking/VluchtenZoeken/Steps/Step2/Actions/Waarnemingen/common/Foto/applyUploadedAttachmentSuccess.ts#L7:32,TypeScript,22,4,1
"22 lines of code for unit createTemplateName.ts.createTemplateName(Request,Response)",LOW,RAW,2026-06-04,44,"createTemplateName.ts.createTemplateName(Request,Response)",backend/src/routes/template_plans/createTemplateName.ts#L8:35,TypeScript,22,4,2
"22 lines of code for unit deletePoint.ts.deletePoint(Request,Response)",LOW,RAW,2026-06-04,44,"deletePoint.ts.deletePoint(Request,Response)",backend/src/routes/points/deletePoint.ts#L10:35,TypeScript,22,4,2
22 lines of code for unit buildAddPointResetForm.ts.buildAddPointResetForm(Stores),LOW,RAW,2026-07-18,0,buildAddPointResetForm.ts.buildAddPointResetForm(Stores),src/Components/HomePage/Body/Left/Voorbereiding/ViewPlan/Steps/AddPointStep/buildAddPointResetForm.ts#L6:27,TypeScript,22,1,1
"22 lines of code for unit pointGraphicFactory.ts.createPointGraphic(PointData,CreatePointGraphicOptions)",LOW,RAW,2026-07-17,1,"pointGraphicFactory.ts.createPointGraphic(PointData,CreatePointGraphicOptions)",src/helpers/ArcGISHelpers/pointGraphicFactory.ts#L10:36,TypeScript,22,2,2
"22 lines of code for unit pointGraphicCoordinates.ts.getPointCoordinates(PointData,any)",LOW,RAW,2026-07-17,1,"pointGraphicCoordinates.ts.getPointCoordinates(PointData,any)",src/helpers/ArcGISHelpers/pointGraphicCoordinates.ts#L4:30,TypeScript,22,8,2
22 lines of code for unit EditFormBody.tsx,LOW,RAW,2026-06-04,44,EditFormBody.tsx,src/Components/HomePage/Body/Left/Tools/EditGeometry/EditForm/EditFormBody.tsx#L1:9,TypeScript,22,1,0
22 lines of code for unit useWizardPointsFilterHeader.tsx.useWizardPointsFilterHeader(any),LOW,RAW,2026-07-13,5,useWizardPointsFilterHeader.tsx.useWizardPointsFilterHeader(any),src/hooks/points/useWizardPointsFilterHeader.tsx#L3:44,TypeScript,22,6,1
"22 lines of code for unit CreateKeycloakUserInput.clearKeycloakRequiredActions(Request,string)",LOW,RAW,2026-07-04,14,"CreateKeycloakUserInput.clearKeycloakRequiredActions(Request,string)",backend/src/routes/keycloak/management/users/createKeycloakUser.ts#L84:107,TypeScript,22,4,2
22 lines of code for unit flightPlanFields.ts.buildFlightPlanInsertParams(FlightPlanBodySource),LOW,RAW,2026-06-30,18,flightPlanFields.ts.buildFlightPlanInsertParams(FlightPlanBodySource),backend/src/helpers/queries/flight-plans/flightPlanFields.ts#L87:109,TypeScript,22,5,1
22 lines of code for unit removePointSuccess.ts.applyRemovePointSuccessState(any),LOW,RAW,2026-07-17,1,removePointSuccess.ts.applyRemovePointSuccessState(any),src/Components/HomePage/Body/Left/Voorbereiding/ViewPlan/Steps/EditPoint/Buttons/removePointSuccess.ts#L54:92,TypeScript,22,1,1
22 lines of code for unit buildPathPointGraphics.ts.buildPathPointGraphics(any),LOW,RAW,2026-07-18,0,buildPathPointGraphics.ts.buildPathPointGraphics(any),src/hooks/hover-click-handlers/buildPathPointGraphics.ts#L7:31,TypeScript,22,1,1
22 lines of code for unit syncAttachmentsInPlan.ts.syncGeometryAttachmentsInPlan(any),LOW,RAW,2026-07-13,5,syncAttachmentsInPlan.ts.syncGeometryAttachmentsInPlan(any),src/Components/HomePage/Body/Left/Nabewerking/VluchtenZoeken/Steps/Step2/Actions/Waarnemingen/common/Foto/syncAttachmentsInPlan.ts#L59:89,TypeScript,22,4,1
22 lines of code for unit useTimesliderSelection.ts.useTimesliderSelectedPlan(any),LOW,RAW,2026-07-04,14,useTimesliderSelection.ts.useTimesliderSelectedPlan(any),src/Components/TimesliderItemDetailPage/useTimesliderSelection.ts#L4:32,TypeScript,22,6,1
"22 lines of code for unit getPoints.ts.getPoints(Request,Response)",LOW,RAW,2026-06-04,44,"getPoints.ts.getPoints(Request,Response)",backend/src/routes/points/getPoints.ts#L6:28,TypeScript,22,3,2
22 lines of code for unit useSelectFromSourceQuery.ts.useSelectFromSourceQuery(Source),LOW,RAW,2026-07-18,0,useSelectFromSourceQuery.ts.useSelectFromSourceQuery(Source),src/Components/HomePage/Body/Left/Voorbereiding/ViewPlan/Steps/AddPointsFromPlan/SelectFromSource/useSelectFromSourceQuery.ts#L8:30,TypeScript,22,5,1
22 lines of code for unit buildFinishedPlanQuery.ts.buildFinishedPlansWithPointsQuery(BuildFinishedPlansQueryOptions),LOW,RAW,2026-06-30,18,buildFinishedPlanQuery.ts.buildFinishedPlansWithPointsQuery(BuildFinishedPlansQueryOptions),backend/src/helpers/queries/finished-plans/buildFinishedPlanQuery.ts#L19:44,TypeScript,22,1,1
22 lines of code for unit nnederlandLayerSpecsPart1a.ts,LOW,RAW,2026-07-18,0,nnederlandLayerSpecsPart1a.ts,src/Components/HomePage/Body/Left/Common/KaartLegend/LayersList/NNederland/nnederlandLayerSpecsPart1a.ts#L1:27,TypeScript,22,1,0
22 lines of code for unit useStepContentMapSync.ts.useStepContentMapSync(PointData[]),LOW,RAW,2026-07-14,4,useStepContentMapSync.ts.useStepContentMapSync(PointData[]),src/Components/HomePage/Body/Left/Voorbereiding/AddPointsVluchtPlan/Common/useStepContentMapSync.ts#L11:34,TypeScript,22,1,1
22 lines of code for unit flightPlanFields.ts.buildFlightPlanInsertSql(),LOW,RAW,2026-06-30,18,flightPlanFields.ts.buildFlightPlanInsertSql(),backend/src/helpers/queries/flight-plans/flightPlanFields.ts#L63:85,TypeScript,22,1,0
22 lines of code for unit index.tsx.Step1(any),LOW,RAW,2026-06-04,44,index.tsx.Step1(any),src/Components/HomePage/Body/Left/Nabewerking/CreateReport/Steps/Step1/index.tsx#L8:51,TypeScript,22,1,1
"22 lines of code for unit timesliderHighlightGraphics.ts.addPlanPointHighlights(__esri.GraphicsLayer,FinishedFlightPlanType)",LOW,RAW,2026-07-13,5,"timesliderHighlightGraphics.ts.addPlanPointHighlights(__esri.GraphicsLayer,FinishedFlightPlanType)",src/helpers/timeslider/timesliderHighlightGraphics.ts#L18:42,TypeScript,22,4,2
22 lines of code for unit useEditPointCoordState.ts.useEditPointCoordState(),LOW,RAW,2026-07-18,0,useEditPointCoordState.ts.useEditPointCoordState(),src/Components/HomePage/Body/Left/Nabewerking/VluchtenZoeken/Steps/Step2/Actions/Waarnemingen/EditPointDetails/Actions/EditPointCoordinates/useEditPointCoordState.ts#L4:26,TypeScript,22,1,0
22 lines of code for unit timesliderFlightPlanEffects.ts.useLoadTimesliderPlans(any),LOW,RAW,2026-07-18,0,timesliderFlightPlanEffects.ts.useLoadTimesliderPlans(any),src/Components/HomePage/Body/Left/TimeSlider/timesliderFlightPlanEffects.ts#L27:55,TypeScript,22,4,1
"22 lines of code for unit removePointSuccess.ts.buildRemainingPlanPointGraphics(FlightPlanType[""points""])",LOW,RAW,2026-07-17,1,"removePointSuccess.ts.buildRemainingPlanPointGraphics(FlightPlanType[""points""])",src/Components/HomePage/Body/Left/Voorbereiding/ViewPlan/Steps/EditPoint/Buttons/removePointSuccess.ts#L10:35,TypeScript,22,1,1
22 lines of code for unit ensureFreshSessionHelpers.ts.refreshSessionTokens(Request),LOW,RAW,2026-07-18,0,ensureFreshSessionHelpers.ts.refreshSessionTokens(Request),backend/src/helpers/auth/ensureFreshSessionHelpers.ts#L17:42,TypeScript,22,5,1
21 lines of code for unit deletePointStep1FieldProps.ts.deletePointStep1FieldProps(Model),LOW,RAW,2026-07-18,0,deletePointStep1FieldProps.ts.deletePointStep1FieldProps(Model),src/Components/HomePage/Body/Left/Tools/AandachtspuntenVerwijderen/Actions/EditPointDetails/Steps/Step1/deletePointStep1FieldProps.ts#L5:9,TypeScript,21,1,1
21 lines of code for unit createYellowBorder.ts.createYellowBorder(EnrichedPointType),LOW,RAW,2026-06-04,44,createYellowBorder.ts.createYellowBorder(EnrichedPointType),src/helpers/ArcGISHelpers/createYellowBorder.ts#L6:29,TypeScript,21,1,1
21 lines of code for unit Images.tsx.Images(any),LOW,RAW,2026-06-04,44,Images.tsx.Images(any),src/Components/HomePage/Body/Left/Voorbereiding/SelectedPoint/ViewPlans/Images.tsx#L9:29,TypeScript,21,5,1
21 lines of code for unit Sidebar.tsx.Sidebar(),LOW,RAW,2026-06-04,44,Sidebar.tsx.Sidebar(),src/Components/DashboardPage/Sidebar.tsx#L3:37,TypeScript,21,1,0
"21 lines of code for unit geometryFilterPredicates.ts.matchesGeometryFilters(Geometry,GeometryFilterCriteria)",LOW,RAW,2026-07-17,1,"geometryFilterPredicates.ts.matchesGeometryFilters(Geometry,GeometryFilterCriteria)",src/hooks/filters/geometryFilterPredicates.ts#L15:41,TypeScript,21,10,2
21 lines of code for unit FinishedPlanWriter.markFlightPlanFinished(),LOW,RAW,2026-07-01,17,FinishedPlanWriter.markFlightPlanFinished(),backend/src/helpers/finished-plans/createFinishedPlanDb.ts#L119:140,TypeScript,21,3,0
21 lines of code for unit resolveUploadedAttachment.ts.resolveUploadedAttachment(any),LOW,RAW,2026-07-18,0,resolveUploadedAttachment.ts.resolveUploadedAttachment(any),src/Components/HomePage/Body/Left/Nabewerking/VluchtenZoeken/Steps/Step2/Actions/Waarnemingen/common/Foto/resolveUploadedAttachment.ts#L36:61,TypeScript,21,2,1
21 lines of code for unit useSelectFromSourceSelection.ts.useSelectFromSourceSelection(Set<number>),LOW,RAW,2026-07-18,0,useSelectFromSourceSelection.ts.useSelectFromSourceSelection(Set<number>),src/Components/HomePage/Body/Left/Voorbereiding/ViewPlan/Steps/AddPointsFromPlan/SelectFromSource/useSelectFromSourceSelection.ts#L7:29,TypeScript,21,2,1
"21 lines of code for unit handleSubmit(number[],number[])",LOW,RAW,2026-06-04,44,"handleSubmit(number[],number[])",src/Components/HomePage/Body/Left/Voorbereiding/FlightPlan/Steps/Step1/TemplateFlights/index.tsx#L40:59,TypeScript,21,1,2
21 lines of code for unit useTimesliderQueryContext.ts.useTimesliderQueryContext(),LOW,RAW,2026-07-13,5,useTimesliderQueryContext.ts.useTimesliderQueryContext(),src/Components/TimesliderItemDetailPage/useTimesliderQueryContext.ts#L6:27,TypeScript,21,8,0
21 lines of code for unit useRenderGeometries.ts.useRenderGeometries(),LOW,RAW,2026-06-04,44,useRenderGeometries.ts.useRenderGeometries(),src/hooks/features/useRenderGeometries.ts#L12:32,TypeScript,21,4,0
"21 lines of code for unit keycloakUserLookup.ts.userHasOtpCredential(Request,string)",LOW,RAW,2026-07-13,5,"keycloakUserLookup.ts.userHasOtpCredential(Request,string)",backend/src/routes/auth2/keycloakUserLookup.ts#L44:71,TypeScript,21,5,2
21 lines of code for unit handleCopyLink(),LOW,RAW,2026-06-04,44,handleCopyLink(),src/Components/HomePage/Body/Left/Nabewerking/CreateReport/Steps/Step3/hooks/useCopyLink.ts#L18:39,TypeScript,21,3,0
21 lines of code for unit geometryNamedSymbolsB.ts,LOW,RAW,2026-07-18,0,geometryNamedSymbolsB.ts,src/helpers/ArcGISHelpers/geometryNamedSymbolsB.ts#L1:25,TypeScript,21,1,0
21 lines of code for unit syncTableTabGraphics.ts.syncFlightPlansTabGraphics(any),LOW,RAW,2026-07-04,14,syncTableTabGraphics.ts.syncFlightPlansTabGraphics(any),src/Components/HomePage/Body/Bottom/PointsView/common/hooks/syncTableTabGraphics.ts#L46:72,TypeScript,21,5,1
21 lines of code for unit syncTableTabGraphics.ts,LOW,RAW,2026-07-04,14,syncTableTabGraphics.ts,src/Components/HomePage/Body/Bottom/PointsView/common/hooks/syncTableTabGraphics.ts#L1:17,TypeScript,21,1,0
"21 lines of code for unit createFinishedPlan.ts.createFinishedPlan(Request,Response)",LOW,RAW,2026-06-04,44,"createFinishedPlan.ts.createFinishedPlan(Request,Response)",backend/src/routes/finished_plans/createFinishedPlan.ts#L11:36,TypeScript,21,3,2
"21 lines of code for unit findFotoMarkerAttachmentIndex.ts.findFotoMarkerAttachmentIndex(__esri.HitTestResult,AttachmentType[])",LOW,RAW,2026-07-18,0,"findFotoMarkerAttachmentIndex.ts.findFotoMarkerAttachmentIndex(__esri.HitTestResult,AttachmentType[])",src/Components/HomePage/Body/Left/Nabewerking/VluchtenZoeken/Steps/Step2/Actions/Waarnemingen/common/Foto/findFotoMarkerAttachmentIndex.ts#L3:26,TypeScript,21,6,2
21 lines of code for unit DropDown.tsx.DropDown(any),LOW,RAW,2026-07-15,3,DropDown.tsx.DropDown(any),src/Components/HomePage/Body/Left/Common/SearchedResultsTab/Points/DropDown.tsx#L24:40,TypeScript,21,1,1
21 lines of code for unit updateFinishedPointAttachmentsHelpers.ts.commitAttachmentUpdate(any),LOW,RAW,2026-07-18,0,updateFinishedPointAttachmentsHelpers.ts.commitAttachmentUpdate(any),backend/src/routes/finished_plans/updateFinishedPointAttachmentsHelpers.ts#L36:65,TypeScript,21,2,1
21 lines of code for unit setupClickListener.ts.setupClickListener(SetupClickListenerInput),LOW,RAW,2026-07-04,14,setupClickListener.ts.setupClickListener(SetupClickListenerInput),src/hooks/popUpModal/setupClickListener.ts#L16:30,TypeScript,21,2,1
21 lines of code for unit InputComp.tsx,LOW,RAW,2026-07-14,4,InputComp.tsx,src/Components/HomePage/Body/Left/Common/FormComponents/InputComp.tsx#L1:18,TypeScript,21,9,0
21 lines of code for unit MapComp.tsx.MapComp(any),LOW,RAW,2026-06-04,44,MapComp.tsx.MapComp(any),src/Components/HomePage/Body/MapViewComp/MapComp.tsx#L12:45,TypeScript,21,4,1
21 lines of code for unit CommonTabBtn.tsx.CommonTabBtn(any),LOW,RAW,2026-06-04,44,CommonTabBtn.tsx.CommonTabBtn(any),src/Components/HomePage/Head/Common/CommonTabBtn.tsx#L6:52,TypeScript,21,2,1
21 lines of code for unit addPointToPlanPinHelpers.ts.syncAddPointToPlanPins(any),LOW,RAW,2026-07-18,0,addPointToPlanPinHelpers.ts.syncAddPointToPlanPins(any),src/Components/HomePage/Body/Left/Voorbereiding/ViewPlan/Steps/AddPointToPlan/addPointToPlanPinHelpers.ts#L10:37,TypeScript,21,5,1
"21 lines of code for unit applyGeometryCommentUpdate.ts.applyGeometryCommentSuccess(ApplyGeometryCommentUpdateInput,FinishedPointType[])",LOW,RAW,2026-07-18,0,"applyGeometryCommentUpdate.ts.applyGeometryCommentSuccess(ApplyGeometryCommentUpdateInput,FinishedPointType[])",src/Components/HomePage/Body/Left/Nabewerking/VluchtenZoeken/Steps/Step2/Actions/Waarnemingen/EditGeometryDetails/Actions/Form/applyGeometryCommentUpdate.ts#L57:82,TypeScript,21,2,2
"21 lines of code for unit regioPlanAssertions.ts.assertPlanRegiosWithDb(RegioTestReporter,any)",LOW,RAW,2026-07-14,4,"regioPlanAssertions.ts.assertPlanRegiosWithDb(RegioTestReporter,any)",backend/scripts/regioPlanAssertions.ts#L26:52,TypeScript,21,6,2
21 lines of code for unit handleUpdate(),LOW,RAW,2026-06-04,44,handleUpdate(),src/Components/HomePage/Body/Left/Nabewerking/VluchtenZoeken/Steps/Step2/Actions/Waarnemingen/EditGeometryDetails/Actions/Form/index.tsx#L43:57,TypeScript,21,4,0
21 lines of code for unit DropDown.tsx.DropDown(any),LOW,RAW,2026-07-15,3,DropDown.tsx.DropDown(any),src/Components/HomePage/Body/Left/Common/SearchedResultsTab/FlightPlans/FlightPlansList/DropDown.tsx#L24:38,TypeScript,21,1,1
21 lines of code for unit usePointsViewLayoutAndGraphics.ts.usePointsViewLayoutAndGraphics(any),LOW,RAW,2026-07-18,0,usePointsViewLayoutAndGraphics.ts.usePointsViewLayoutAndGraphics(any),src/Components/HomePage/Body/Bottom/PointsView/common/hooks/usePointsViewLayoutAndGraphics.ts#L7:31,TypeScript,21,1,1
21 lines of code for unit handleSubmit(),LOW,RAW,2026-07-13,5,handleSubmit(),src/Components/HomePage/Body/Left/Nabewerking/VluchtenZoeken/Steps/Step2/Actions/Waarnemingen/EditPointDetails/Actions/EditPointCoordinates/useEditPointCoordinateSubmit.ts#L24:44,TypeScript,21,2,0
"21 lines of code for unit timesliderGeometryHighlightFactory.ts.createPlanGeometryHighlightGraphic(FinishedFlightPlanType,PlanGeometry,number[])",LOW,RAW,2026-07-18,0,"timesliderGeometryHighlightFactory.ts.createPlanGeometryHighlightGraphic(FinishedFlightPlanType,PlanGeometry,number[])",src/helpers/timeslider/timesliderGeometryHighlightFactory.ts#L41:66,TypeScript,21,5,3
21 lines of code for unit handleSubmit(),LOW,RAW,2026-06-04,44,handleSubmit(),src/Components/HomePage/Body/Left/Voorbereiding/ViewPlan/Steps/AddPointToPlan/Buttons.tsx#L37:58,TypeScript,21,2,0
"21 lines of code for unit callbackHandler.ts.RequestHandler(any,any)",LOW,RAW,2026-06-04,44,"callbackHandler.ts.RequestHandler(any,any)",backend/src/routes/auth/authKeycloak/callbackHandler.ts#L7:28,TypeScript,21,2,2
21 lines of code for unit useBasemapsListModel.ts.useBasemapsListModel(UsedPlace),LOW,RAW,2026-07-18,0,useBasemapsListModel.ts.useBasemapsListModel(UsedPlace),src/Components/HomePage/Body/Left/Common/KaartLegend/useBasemapsListModel.ts#L18:22,TypeScript,21,2,1
21 lines of code for unit usePointGraphicsEffects.ts.usePointGraphicsClick(any),LOW,RAW,2026-07-14,4,usePointGraphicsEffects.ts.usePointGraphicsClick(any),src/hooks/features/usePointGraphicsEffects.ts#L38:62,TypeScript,21,6,1
21 lines of code for unit ArcGISUserToken.ts,LOW,RAW,2026-06-04,44,ArcGISUserToken.ts,src/helpers/tokens/ArcGISUserToken.ts#L1:31,TypeScript,21,3,0
21 lines of code for unit SingleGeometry.tsx.SingleGeometry(Props),LOW,RAW,2026-07-18,0,SingleGeometry.tsx.SingleGeometry(Props),src/Components/HomePage/Body/Left/Nabewerking/VluchtenZoeken/Steps/Step2/Actions/Waarnemingen/SingleGeometry.tsx#L13:40,TypeScript,21,1,1
21 lines of code for unit computeRealmRoleDiff.ts.computeRealmRoleDiff(any),LOW,RAW,2026-07-17,1,computeRealmRoleDiff.ts.computeRealmRoleDiff(any),backend/src/routes/keycloak/management/users/computeRealmRoleDiff.ts#L3:30,TypeScript,21,6,1
21 lines of code for unit useTableLayout.ts.useTableLayout(UseTableLayoutInput),LOW,RAW,2026-07-04,14,useTableLayout.ts.useTableLayout(UseTableLayoutInput),src/Components/HomePage/Body/Bottom/PointsView/common/hooks/useTableLayout.ts#L8:29,TypeScript,21,6,1
"21 lines of code for unit getPointsDescription.ts.getPointsDescription(Request,Response)",LOW,RAW,2026-06-04,44,"getPointsDescription.ts.getPointsDescription(Request,Response)",backend/src/routes/points/getPointsDescription.ts#L4:28,TypeScript,21,3,2
21 lines of code for unit buildCoordinateSyncPatch.ts.buildCoordinateSyncPatch(any),LOW,RAW,2026-07-17,1,buildCoordinateSyncPatch.ts.buildCoordinateSyncPatch(any),src/helpers/geo/buildCoordinateSyncPatch.ts#L11:39,TypeScript,21,3,1
21 lines of code for unit arcgisAdminTokenPost.ts.postArcgisAdminToken(ResolvedArcgisTokenConfig),LOW,RAW,2026-07-18,0,arcgisAdminTokenPost.ts.postArcgisAdminToken(ResolvedArcgisTokenConfig),backend/src/services/arcgisAdminTokenPost.ts#L9:31,TypeScript,21,3,1
21 lines of code for unit featureLayerPopupClick.ts.handleFeatureLayerMapClick(any),LOW,RAW,2026-07-04,14,featureLayerPopupClick.ts.handleFeatureLayerMapClick(any),src/hooks/hover-click-handlers/featureLayerPopupClick.ts#L8:37,TypeScript,21,5,1
21 lines of code for unit PointDetails.tsx.PointDetails(any),LOW,RAW,2026-06-04,44,PointDetails.tsx.PointDetails(any),src/Components/HomePage/Body/Left/Common/ResultTab/PointDetails.tsx#L5:32,TypeScript,21,1,1
21 lines of code for unit index.tsx.AllUsersTable(),LOW,RAW,2026-06-04,44,index.tsx.AllUsersTable(),src/Components/DashboardPage/AllUsersTable/index.tsx#L28:43,TypeScript,21,3,0
21 lines of code for unit toolsTabsPart2.ts,LOW,RAW,2026-07-18,0,toolsTabsPart2.ts,src/Components/HomePage/Head/headTabDefinitions/toolsTabsPart2.ts#L1:27,TypeScript,21,1,0
21 lines of code for unit uploadReportZipFile.ts.uploadReportZipFile(any),LOW,RAW,2026-07-17,1,uploadReportZipFile.ts.uploadReportZipFile(any),src/Components/HomePage/Body/Left/Nabewerking/CreateReport/Steps/Step3/hooks/uploadReportZipFile.ts#L4:32,TypeScript,21,7,1
21 lines of code for unit finishedPlan.ts.validateFinishedPlan(unknown),LOW,RAW,2026-06-10,38,finishedPlan.ts.validateFinishedPlan(unknown),backend/src/helpers/validators/finishedPlan.ts#L54:82,TypeScript,21,10,1
"21 lines of code for unit createUser.ts.handleCreateUser(Request,Response)",LOW,RAW,2026-06-04,44,"createUser.ts.handleCreateUser(Request,Response)",backend/src/routes/keycloak/management/users/createUser.ts#L8:33,TypeScript,21,5,2
21 lines of code for unit useStep2ButtonsModel.ts.useStep2ButtonsModel(),LOW,RAW,2026-07-18,0,useStep2ButtonsModel.ts.useStep2ButtonsModel(),src/Components/HomePage/Body/Left/Nabewerking/CreateReport/Steps/Step2/useStep2ButtonsModel.ts#L8:29,TypeScript,21,1,0
21 lines of code for unit usePopupBlockedGuard.ts.usePopupBlockedGuard(),LOW,RAW,2026-07-13,5,usePopupBlockedGuard.ts.usePopupBlockedGuard(),src/hooks/popUpModal/usePopupBlockedGuard.ts#L7:28,TypeScript,21,1,0
21 lines of code for unit useGeometryListMapClick.ts.useGeometryListMapClick(any),LOW,RAW,2026-07-04,14,useGeometryListMapClick.ts.useGeometryListMapClick(any),src/Components/HomePage/Body/Left/Voorbereiding/FlightPlan/Common/useGeometryListMapClick.ts#L7:35,TypeScript,21,3,1
21 lines of code for unit Section2.tsx.Section2(),LOW,RAW,2026-06-04,44,Section2.tsx.Section2(),src/Components/HomePage/Body/Left/Common/KaartLegend/LayersList/Block1/Section2.tsx#L4:28,TypeScript,21,1,0
"21 lines of code for unit fileDownload.ts.setPasswordHandler(any,any)",LOW,RAW,2026-06-04,44,"fileDownload.ts.setPasswordHandler(any,any)",backend/src/routes/fileDownload.ts#L27:34,TypeScript,21,5,2
"21 lines of code for unit buildPlanBoundingBoxGraphic.ts.buildPlanBoundingBoxGraphic(PlanBoundingBoxPoint[],any,any,CreatePlanBoundingBoxGraphicOptions)",LOW,RAW,2026-07-17,1,"buildPlanBoundingBoxGraphic.ts.buildPlanBoundingBoxGraphic(PlanBoundingBoxPoint[],any,any,CreatePlanBoundingBoxGraphicOptions)",src/helpers/ArcGISHelpers/buildPlanBoundingBoxGraphic.ts#L11:37,TypeScript,21,8,4
21 lines of code for unit geometryNamedSymbolsA.ts,LOW,RAW,2026-07-18,0,geometryNamedSymbolsA.ts,src/helpers/ArcGISHelpers/geometryNamedSymbolsA.ts#L1:25,TypeScript,21,1,0
21 lines of code for unit updateFinishedPointAttachmentsTx.ts,LOW,RAW,2026-07-04,14,updateFinishedPointAttachmentsTx.ts,backend/src/helpers/queries/finished-plans/updateFinishedPointAttachmentsTx.ts#L1:95,TypeScript,21,2,0
"21 lines of code for unit formatPlanGeometries.ts.fetchGeometryDataMap(Pool,number[])",LOW,RAW,2026-06-30,18,"formatPlanGeometries.ts.fetchGeometryDataMap(Pool,number[])",backend/src/helpers/queries/geometries/formatPlanGeometries.ts#L111:138,TypeScript,21,2,2
21 lines of code for unit useBottomPanelState.ts.useBottomPanelState(boolean),LOW,RAW,2026-07-18,0,useBottomPanelState.ts.useBottomPanelState(boolean),src/Components/HomePage/Body/MapViewComp/useBottomPanelState.ts#L4:24,TypeScript,21,2,1
21 lines of code for unit processPoint.ts.processPoint(ProcessPointParams),LOW,RAW,2026-06-04,44,processPoint.ts.processPoint(ProcessPointParams),src/Components/HomePage/Body/Left/Nabewerking/CreateReport/helpers/useHandleStep2/processPoint.ts#L9:32,TypeScript,21,1,1
21 lines of code for unit handlePathPointMapClick.ts.handlePathPointMapClick(any),LOW,RAW,2026-07-17,1,handlePathPointMapClick.ts.handlePathPointMapClick(any),src/hooks/hover-click-handlers/handlePathPointMapClick.ts#L10:42,TypeScript,21,2,1
"21 lines of code for unit updateFinishedPointAttachments.ts.updateFinishedPointAttachments(Request,Response)",LOW,RAW,2026-06-04,44,"updateFinishedPointAttachments.ts.updateFinishedPointAttachments(Request,Response)",backend/src/routes/finished_plans/updateFinishedPointAttachments.ts#L10:34,TypeScript,21,3,2
20 lines of code for unit featureLayerPopupClick.ts.attachFeatureLayerPopupClick(any),LOW,RAW,2026-07-04,14,featureLayerPopupClick.ts.attachFeatureLayerPopupClick(any),src/hooks/hover-click-handlers/featureLayerPopupClick.ts#L39:66,TypeScript,20,3,1
20 lines of code for unit BasemapWidget.tsx.BasemapWidget(),LOW,RAW,2026-06-04,44,BasemapWidget.tsx.BasemapWidget(),src/Components/HomePage/Body/MapViewComp/BasemapWidget.tsx#L6:12,TypeScript,20,7,0
20 lines of code for unit keycloakUserApi.ts.createKeycloakUser(any),LOW,RAW,2026-07-04,14,keycloakUserApi.ts.createKeycloakUser(any),src/Components/DashboardPage/shared/keycloakUserApi.ts#L47:72,TypeScript,20,6,1
20 lines of code for unit updateUserRoles.ts.updateUserRoles(UpdateUserRolesInput),LOW,RAW,2026-07-01,17,updateUserRoles.ts.updateUserRoles(UpdateUserRolesInput),backend/src/routes/keycloak/management/users/updateUserRoles.ts#L14:36,TypeScript,20,1,1
"20 lines of code for unit useResizableSidebar.ts.useResizableSidebar(number,ResizeHandleSide)",LOW,RAW,2026-06-10,38,"useResizableSidebar.ts.useResizableSidebar(number,ResizeHandleSide)",src/hooks/layout/useResizableSidebar.ts#L14:37,TypeScript,20,1,2
20 lines of code for unit buildReusePlanPointIds.ts.buildReuseFlightPlanPointIds(BuildReuseFlightPlanPointIdsInput),LOW,RAW,2026-07-04,14,buildReusePlanPointIds.ts.buildReuseFlightPlanPointIds(BuildReuseFlightPlanPointIdsInput),src/Components/HomePage/Body/Left/Voorbereiding/ReuseFlightPlan/Steps/Step2/helpers/buildReusePlanPointIds.ts#L13:31,TypeScript,20,1,1
20 lines of code for unit Pages.tsx.Pages(),LOW,RAW,2026-06-04,44,Pages.tsx.Pages(),src/Components/HomePage/Head/Common/Pages.tsx#L8:45,TypeScript,20,4,0
20 lines of code for unit reportPdfCommon.ts.fetchOverviewDetailImages(any),LOW,RAW,2026-07-04,14,reportPdfCommon.ts.fetchOverviewDetailImages(any),src/Components/HomePage/Body/Left/Nabewerking/CreateReport/helpers/useHandleStep2/reportPdfCommon.ts#L39:62,TypeScript,20,1,1
20 lines of code for unit createQuadrantGraphic.ts.createQuadrantGraphic(EnrichedPointType[]),LOW,RAW,2026-06-04,44,createQuadrantGraphic.ts.createQuadrantGraphic(EnrichedPointType[]),src/Components/HomePage/Body/Left/Voorbereiding/ViewPlan/helpers/createQuadrantGraphic.ts#L22:42,TypeScript,20,1,1
"20 lines of code for unit entityDeleteHelpers.ts.removePointIdsFromFlightPlans(PoolClient,number[])",LOW,RAW,2026-07-01,17,"entityDeleteHelpers.ts.removePointIdsFromFlightPlans(PoolClient,number[])",backend/src/helpers/entities/entityDeleteHelpers.ts#L72:98,TypeScript,20,6,2
20 lines of code for unit KaartlagenlijstTab.tsx.KaartlagenlijstTab(),LOW,RAW,2026-06-04,44,KaartlagenlijstTab.tsx.KaartlagenlijstTab(),src/Components/HomePage/Body/Left/Common/BottomTabs/KaartlagenlijstTab.tsx#L5:30,TypeScript,20,1,0
20 lines of code for unit resetAddPointStepState.ts.removeAddPointMapGraphics(any),LOW,RAW,2026-07-13,5,resetAddPointStepState.ts.removeAddPointMapGraphics(any),src/Components/HomePage/Body/Left/Voorbereiding/ViewPlan/Steps/AddPointStep/resetAddPointStepState.ts#L4:29,TypeScript,20,5,1
20 lines of code for unit pdfReportTables.ts.addWrappedTable(any),LOW,RAW,2026-07-14,4,pdfReportTables.ts.addWrappedTable(any),src/Components/HomePage/Body/Left/Nabewerking/CreateReport/helpers/pdfReportTables.ts#L6:30,TypeScript,20,2,1
20 lines of code for unit polygonDrawer.ts.startPolygonDrawer(any),LOW,RAW,2026-07-17,1,polygonDrawer.ts.startPolygonDrawer(any),src/Components/HomePage/Body/Left/Voorbereiding/SelectedPoint/AddToPlan/polygonDrawer.ts#L72:101,TypeScript,20,3,1
20 lines of code for unit updateGeometryHelpers.ts.commitGeometryUpdate(any),LOW,RAW,2026-07-18,0,updateGeometryHelpers.ts.commitGeometryUpdate(any),backend/src/routes/geometries/updateGeometryHelpers.ts#L5:33,TypeScript,20,2,1
20 lines of code for unit exportFlightPath(),LOW,RAW,2026-06-04,44,exportFlightPath(),src/Components/HomePage/Body/Left/Nabewerking/VluchtenZoeken/Steps/Step2/Actions/VliegrouteExporteren/index.tsx#L37:59,TypeScript,20,6,0
20 lines of code for unit pointPlanImagesToAttachments.ts.pointPlanImagesToAttachments(PointPlanImageRow[]),LOW,RAW,2026-07-17,1,pointPlanImagesToAttachments.ts.pointPlanImagesToAttachments(PointPlanImageRow[]),src/api-hooks/planImages/pointPlanImagesToAttachments.ts#L5:28,TypeScript,20,8,1
20 lines of code for unit nnederlandLayerSpecsPart3c.ts,LOW,RAW,2026-07-18,0,nnederlandLayerSpecsPart3c.ts,src/Components/HomePage/Body/Left/Common/KaartLegend/LayersList/NNederland/nnederlandLayerSpecsPart3c.ts#L1:25,TypeScript,20,1,0
20 lines of code for unit Buttons.tsx.Buttons(any),LOW,RAW,2026-06-04,44,Buttons.tsx.Buttons(any),src/Components/HomePage/Body/Left/Voorbereiding/TemplateFlight/Steps/Step2/Buttons.tsx#L10:32,TypeScript,20,1,1
"20 lines of code for unit buildGeometryPointsFromDrawn.ts.buildGeometryPointsFromDrawn(GeometryPointContext,any)",LOW,RAW,2026-07-18,0,"buildGeometryPointsFromDrawn.ts.buildGeometryPointsFromDrawn(GeometryPointContext,any)",src/Components/HomePage/Body/Left/Voorbereiding/DrawingTool/helpers/buildGeometryPointsFromDrawn.ts#L28:51,TypeScript,20,2,2
"20 lines of code for unit loginDirectHelpers.ts.performDirectLogin(Request,any)",LOW,RAW,2026-07-18,0,"loginDirectHelpers.ts.performDirectLogin(Request,any)",backend/src/routes/auth/authKeycloak/loginDirectHelpers.ts#L21:45,TypeScript,20,2,2
"20 lines of code for unit sessionStoreSetup.ts.attachRedisSessionStore(session.SessionOptions,number)",LOW,RAW,2026-07-18,0,"sessionStoreSetup.ts.attachRedisSessionStore(session.SessionOptions,number)",backend/src/helpers/session/sessionStoreSetup.ts#L27:50,TypeScript,20,2,2
20 lines of code for unit buildGeometryReportTasks.ts.buildGeometryReportTasks(BuildReportTasksInput),LOW,RAW,2026-07-18,0,buildGeometryReportTasks.ts.buildGeometryReportTasks(BuildReportTasksInput),src/Components/HomePage/Body/Left/Nabewerking/CreateReport/helpers/useHandleStep2/buildGeometryReportTasks.ts#L4:23,TypeScript,20,1,1
"20 lines of code for unit db.ts.queueDeviceCommand(string,DeviceCommand)",LOW,RAW,2026-06-04,44,"db.ts.queueDeviceCommand(string,DeviceCommand)",backend/src/routes/devices-updates/db.ts#L108:132,TypeScript,20,2,2
20 lines of code for unit loadRoles(),LOW,RAW,2026-06-29,19,loadRoles(),src/Components/DashboardPage/shared/useKeycloakRoles.ts#L17:36,TypeScript,20,5,0
20 lines of code for unit NewGeometriesList.tsx.NewGeometriesList(),LOW,RAW,2026-06-04,44,NewGeometriesList.tsx.NewGeometriesList(),src/Components/HomePage/Body/Left/Voorbereiding/ReuseFlightPlan/Steps/Step2/NewGeometriesList.tsx#L10:49,TypeScript,20,5,0
20 lines of code for unit mergeSelectedPointsIntoPlan.ts.mergeSelectedPointsIntoPlan(any),LOW,RAW,2026-07-18,0,mergeSelectedPointsIntoPlan.ts.mergeSelectedPointsIntoPlan(any),src/Components/HomePage/Body/Left/Voorbereiding/ViewPlan/Steps/AddPointsFromPlan/SelectFromSource/helpers/mergeSelectedPointsIntoPlan.ts#L6:30,TypeScript,20,2,1
20 lines of code for unit generateReportZip.ts.generateReportZip(GenerateReportZipInput),LOW,RAW,2026-07-18,0,generateReportZip.ts.generateReportZip(GenerateReportZipInput),src/Components/HomePage/Body/Left/Nabewerking/CreateReport/helpers/useHandleStep2/generateReportZip.ts#L13:34,TypeScript,20,2,1
20 lines of code for unit FeatureDeleteAttachmentsResponse.assertDeleteAttachmentsSuccess(FeatureDeleteAttachmentsResponse),LOW,RAW,2026-07-04,14,FeatureDeleteAttachmentsResponse.assertDeleteAttachmentsSuccess(FeatureDeleteAttachmentsResponse),src/helpers/arcgis/deleteAttachmentsResponse.ts#L27:52,TypeScript,20,10,1
20 lines of code for unit viewPlanStepMapActions.ts.goToGeometryCenter(any),LOW,RAW,2026-07-17,1,viewPlanStepMapActions.ts.goToGeometryCenter(any),src/Components/HomePage/Body/Left/Voorbereiding/ViewPlan/Steps/Step2/viewPlanStepMapActions.ts#L69:94,TypeScript,20,6,1
20 lines of code for unit index.tsx.Step3(),LOW,RAW,2026-06-04,44,index.tsx.Step3(),src/Components/HomePage/Body/Left/Nabewerking/CreateReport/Steps/Step3/index.tsx#L10:56,TypeScript,20,4,0
"20 lines of code for unit AttachmentMeta.fetchAttachmentsForPoint(string,number)",LOW,RAW,2026-07-18,0,"AttachmentMeta.fetchAttachmentsForPoint(string,number)",src/Components/HomePage/Body/Left/Nabewerking/CreateReport/helpers/useHandleStep2/attachmentFetch.ts#L46:69,TypeScript,20,2,2
20 lines of code for unit pdfReportMapPages.ts.addMapPages(any),LOW,RAW,2026-07-13,5,pdfReportMapPages.ts.addMapPages(any),src/Components/HomePage/Body/Left/Nabewerking/CreateReport/helpers/pdfReportMapPages.ts#L44:68,TypeScript,20,1,1
"20 lines of code for unit loginHandler.ts.RequestHandler(any,any)",LOW,RAW,2026-07-13,5,"loginHandler.ts.RequestHandler(any,any)",backend/src/routes/auth2/loginHandler.ts#L6:26,TypeScript,20,3,2
20 lines of code for unit useBottomCompactListStores.ts.useBottomCompactListStores(),LOW,RAW,2026-07-18,0,useBottomCompactListStores.ts.useBottomCompactListStores(),src/hooks/bottom/useBottomCompactListStores.ts#L10:30,TypeScript,20,1,0
20 lines of code for unit PointItemCheckBox.tsx.PointItemCheckBox(PointItemCheckBoxProps),LOW,RAW,2026-07-15,3,PointItemCheckBox.tsx.PointItemCheckBox(PointItemCheckBoxProps),src/Components/HomePage/Body/Left/Common/PointItemCheckBox.tsx#L18:46,TypeScript,20,7,1
20 lines of code for unit createFinishedPlanHelpers.ts.saveFinishedPlanWithClient(any),LOW,RAW,2026-07-18,0,createFinishedPlanHelpers.ts.saveFinishedPlanWithClient(any),backend/src/routes/finished_plans/createFinishedPlanHelpers.ts#L41:64,TypeScript,20,2,1
"20 lines of code for unit mapViewBaseLayersSlice.ts.createMapViewBaseLayersSlice(Partial<MapViewState>,any)",LOW,RAW,2026-07-18,0,"mapViewBaseLayersSlice.ts.createMapViewBaseLayersSlice(Partial<MapViewState>,any)",src/helpers/ZustandStates/mapViewBaseLayersSlice.ts#L3:24,TypeScript,20,1,2
20 lines of code for unit loginErrorDecision.ts.resolveCredentialOrAmbiguousLoginError(any),LOW,RAW,2026-07-17,1,loginErrorDecision.ts.resolveCredentialOrAmbiguousLoginError(any),backend/src/routes/auth2/loginErrorDecision.ts#L58:85,TypeScript,20,7,1
"20 lines of code for unit serverListen.ts.attachListenErrorHandler(Server,number)",LOW,RAW,2026-07-18,0,"serverListen.ts.attachListenErrorHandler(Server,number)",backend/src/serverListen.ts#L3:27,TypeScript,20,5,2
"20 lines of code for unit webMercatorToWgs84.ts.webMercatorToWgs84(number,number)",LOW,RAW,2026-07-18,0,"webMercatorToWgs84.ts.webMercatorToWgs84(number,number)",src/Components/HomePage/Body/Left/Voorbereiding/DrawingTool/helpers/webMercatorToWgs84.ts#L4:26,TypeScript,20,5,2
20 lines of code for unit SearchedTab.tsx.SearchedTab(),LOW,RAW,2026-06-04,44,SearchedTab.tsx.SearchedTab(),src/Components/HomePage/Body/Left/Common/BottomTabs/SearchedTab.tsx#L5:33,TypeScript,20,1,0
20 lines of code for unit getacDevicesSchemaSql.ts,LOW,RAW,2026-07-18,0,getacDevicesSchemaSql.ts,backend/src/routes/devices-updates/getacDevicesSchemaSql.ts#L1:20,TypeScript,20,1,0
"20 lines of code for unit buildTimesliderImageViewerProps.ts.buildTimesliderImageViewerProps(BuildTimesliderPageShellInput,ImageViewerExtras)",LOW,RAW,2026-07-18,0,"buildTimesliderImageViewerProps.ts.buildTimesliderImageViewerProps(BuildTimesliderPageShellInput,ImageViewerExtras)",src/Components/TimesliderItemDetailPage/buildTimesliderImageViewerProps.ts#L18:38,TypeScript,20,5,2
"20 lines of code for unit buildFinishedPlanQuery.ts.buildFinishedPlansTimeRangeQuery(unknown,RegioFilterOptions)",LOW,RAW,2026-07-01,17,"buildFinishedPlanQuery.ts.buildFinishedPlansTimeRangeQuery(unknown,RegioFilterOptions)",backend/src/helpers/queries/finished-plans/buildFinishedPlanQuery.ts#L46:74,TypeScript,20,1,2
20 lines of code for unit persistLoginSession.ts.persistLoginSession(any),LOW,RAW,2026-07-13,5,persistLoginSession.ts.persistLoginSession(any),backend/src/routes/auth2/persistLoginSession.ts#L9:36,TypeScript,20,3,1
20 lines of code for unit submitPointCoordinates.ts.submitPointCoordinateUpdate(SubmitPointCoordinatesInput),LOW,RAW,2026-07-04,14,submitPointCoordinates.ts.submitPointCoordinateUpdate(SubmitPointCoordinatesInput),src/Components/HomePage/Body/Left/Nabewerking/VluchtenZoeken/Steps/Step2/Actions/Waarnemingen/EditPointDetails/Actions/EditPointCoordinates/submitPointCoordinates.ts#L32:45,TypeScript,20,1,1
20 lines of code for unit useEnrichedAddPointMapWiring.ts.useEnrichedAddPointMapWiring(),LOW,RAW,2026-07-18,0,useEnrichedAddPointMapWiring.ts.useEnrichedAddPointMapWiring(),src/Components/HomePage/Body/Left/Voorbereiding/EnrichedAddPoint/useEnrichedAddPointMapWiring.ts#L6:25,TypeScript,20,1,0
20 lines of code for unit ResultTab.tsx.ResultTab(),LOW,RAW,2026-06-04,44,ResultTab.tsx.ResultTab(),src/Components/HomePage/Body/Left/Common/BottomTabs/ResultTab.tsx#L6:33,TypeScript,20,2,0
20 lines of code for unit pointJson.ts,LOW,RAW,2026-06-30,18,pointJson.ts,backend/src/helpers/queries/points/pointJson.ts#L1:20,TypeScript,20,1,0
20 lines of code for unit toTimesliderPageViewInput.ts.toTimesliderPageViewInput(Core),LOW,RAW,2026-07-18,0,toTimesliderPageViewInput.ts.toTimesliderPageViewInput(Core),src/Components/TimesliderItemDetailPage/toTimesliderPageViewInput.ts#L5:24,TypeScript,20,1,1
20 lines of code for unit useImageMarkersOnMap.ts.useImageMarkersOnMap(UseImageMarkersOnMapInput),LOW,RAW,2026-07-04,14,useImageMarkersOnMap.ts.useImageMarkersOnMap(UseImageMarkersOnMapInput),src/Components/HomePage/Body/Left/Nabewerking/VluchtenZoeken/Steps/Step2/Actions/Waarnemingen/common/Foto/useImageMarkersOnMap.ts#L14:36,TypeScript,20,4,1
20 lines of code for unit Buttons.tsx.Buttons(any),LOW,RAW,2026-06-04,44,Buttons.tsx.Buttons(any),src/Components/HomePage/Body/Left/Voorbereiding/FlightPlan/Steps/Step2/Buttons.tsx#L10:32,TypeScript,20,1,1
20 lines of code for unit SelectFromSourceButtons.tsx.SelectFromSourceButtons(any),LOW,RAW,2026-07-13,5,SelectFromSourceButtons.tsx.SelectFromSourceButtons(any),src/Components/HomePage/Body/Left/Voorbereiding/ViewPlan/Steps/AddPointsFromPlan/SelectFromSource/SelectFromSourceButtons.tsx#L11:35,TypeScript,20,3,1
20 lines of code for unit startDrawingSession(string),LOW,RAW,2026-07-04,14,startDrawingSession(string),src/Components/HomePage/Body/Left/Voorbereiding/DrawingTool/Step1/Options.tsx#L64:88,TypeScript,20,5,1
20 lines of code for unit uploadZip(),LOW,RAW,2026-06-04,44,uploadZip(),src/Components/HomePage/Body/Left/Nabewerking/CreateReport/Steps/Step3/hooks/useUploadZip.ts#L21:41,TypeScript,20,6,0
"20 lines of code for unit useRenderGeometries.ts.useRenderGeometries(FinishedFlightPlanType|null,number[])",LOW,RAW,2026-06-04,44,"useRenderGeometries.ts.useRenderGeometries(FinishedFlightPlanType|null,number[])",src/Components/HomePage/Body/Left/Nabewerking/CreateReport/Steps/Step2/hooks/useRenderGeometries.ts#L9:34,TypeScript,20,3,2
20 lines of code for unit getTransformedCoordinates.ts.getTransformedCoordinates(TransformCoordinatesInput),LOW,RAW,2026-07-04,14,getTransformedCoordinates.ts.getTransformedCoordinates(TransformCoordinatesInput),src/helpers/ArcGISHelpers/getTransformedCoordinates.ts#L10:34,TypeScript,20,7,1
20 lines of code for unit Buttons.tsx.Buttons(),LOW,RAW,2026-06-04,44,Buttons.tsx.Buttons(),src/Components/HomePage/Body/Left/Voorbereiding/DrawingTool/Step2/Buttons.tsx#L19:36,TypeScript,20,5,0
20 lines of code for unit buildStep2WizardButtons.ts.buildStep2WizardButtons(Model),LOW,RAW,2026-07-18,0,buildStep2WizardButtons.ts.buildStep2WizardButtons(Model),src/Components/HomePage/Body/Left/Nabewerking/CreateReport/Steps/Step2/buildStep2WizardButtons.ts#L9:28,TypeScript,20,1,1
20 lines of code for unit useDeletePointMapSelection.ts.useDeletePointMapSelection(),LOW,RAW,2026-07-18,0,useDeletePointMapSelection.ts.useDeletePointMapSelection(),src/Components/HomePage/Body/Left/Tools/AandachtspuntenVerwijderen/Actions/Main/useDeletePointMapSelection.ts#L7:26,TypeScript,20,3,0
20 lines of code for unit ParentItemCheckbox.tsx.ParentItemCheckbox(any),LOW,RAW,2026-07-18,0,ParentItemCheckbox.tsx.ParentItemCheckbox(any),src/Components/HomePage/Body/Left/Common/KaartLegend/LayersList/Common/ParentItemCheckbox.tsx#L3:38,TypeScript,20,1,1
20 lines of code for unit filterState.ts,LOW,RAW,2026-06-04,44,filterState.ts,src/helpers/ZustandStates/filterState.ts#L1:52,TypeScript,20,1,0
20 lines of code for unit submitCreateUser.ts.submitCreateUser(any),LOW,RAW,2026-07-18,0,submitCreateUser.ts.submitCreateUser(any),src/Components/DashboardPage/AddUser/submitCreateUser.ts#L20:43,TypeScript,20,6,1
20 lines of code for unit useGeometriesListBase.ts.useGeometriesListBase(any),LOW,RAW,2026-07-18,0,useGeometriesListBase.ts.useGeometriesListBase(any),src/Components/HomePage/Body/Left/Voorbereiding/FlightPlan/Common/useGeometriesListBase.ts#L7:30,TypeScript,20,1,1
20 lines of code for unit flightPlanColumnHelpers.ts,LOW,RAW,2026-07-18,0,flightPlanColumnHelpers.ts,src/Components/HomePage/Body/Bottom/PointsView/FlightPlansTable/flightPlanColumnHelpers.ts#L1:24,TypeScript,20,1,0
20 lines of code for unit Form.tsx.Form(),LOW,RAW,2026-06-04,44,Form.tsx.Form(),src/Components/HomePage/Body/Left/Voorbereiding/ViewPlan/Steps/AddPointStep/Steps/Step3/Form.tsx#L7:73,TypeScript,20,1,0
"20 lines of code for unit bboxPolygon.ts.getBboxPolygon(any,any)",LOW,RAW,2026-07-13,5,"bboxPolygon.ts.getBboxPolygon(any,any)",src/helpers/geo/bboxPolygon.ts#L3:24,TypeScript,20,1,2
20 lines of code for unit buildPlanGeometryGraphics.ts.graphicFromPlanGeometry(FinishedGeometryType),LOW,RAW,2026-07-18,0,buildPlanGeometryGraphics.ts.graphicFromPlanGeometry(FinishedGeometryType),src/Components/HomePage/Body/Left/Nabewerking/VluchtenZoeken/hooks/buildPlanGeometryGraphics.ts#L25:47,TypeScript,20,9,1
20 lines of code for unit pointHitSelection.ts.applyPointHitSelection(any),LOW,RAW,2026-07-17,1,pointHitSelection.ts.applyPointHitSelection(any),src/hooks/popUpModal/pointHitSelection.ts#L10:39,TypeScript,20,4,1
20 lines of code for unit useMapViewCompModel.ts.useMapViewCompModel(MapViewCompProps),LOW,RAW,2026-07-18,0,useMapViewCompModel.ts.useMapViewCompModel(MapViewCompProps),src/Components/HomePage/Body/MapViewComp/useMapViewCompModel.ts#L15:34,TypeScript,20,1,1
19 lines of code for unit timesliderPlanImages.ts.fetchTimesliderPlanImages(FetchTimesliderPlanImagesInput),LOW,RAW,2026-07-01,17,timesliderPlanImages.ts.fetchTimesliderPlanImages(FetchTimesliderPlanImagesInput),backend/src/helpers/queries/timeslider/timesliderPlanImages.ts#L27:47,TypeScript,19,3,1
19 lines of code for unit index.tsx.Step1(),LOW,RAW,2026-06-04,44,index.tsx.Step1(),src/Components/HomePage/Body/Left/Voorbereiding/AddPointsVluchtPlan/Step1/index.tsx#L10:30,TypeScript,19,3,0
"19 lines of code for unit polygonDrawer.ts.selectPointsInPolygonRing(EnrichedPointType[],number[])",LOW,RAW,2026-07-17,1,"polygonDrawer.ts.selectPointsInPolygonRing(EnrichedPointType[],number[])",src/Components/HomePage/Body/Left/Voorbereiding/SelectedPoint/AddToPlan/polygonDrawer.ts#L12:37,TypeScript,19,4,2
19 lines of code for unit spoedReportMail.ts.sendSpoedReportMail(SpoedMailPayload),LOW,RAW,2026-06-29,19,spoedReportMail.ts.sendSpoedReportMail(SpoedMailPayload),backend/src/routes/emails/spoedReportMail.ts#L29:49,TypeScript,19,1,1
"19 lines of code for unit getSearchedPoints.ts.getSearchedPoints(Request,Response)",LOW,RAW,2026-06-04,44,"getSearchedPoints.ts.getSearchedPoints(Request,Response)",backend/src/routes/points/getSearchedPoints.ts#L5:29,TypeScript,19,4,2
19 lines of code for unit usePointGraphicsEffects.ts.usePointGraphicsRendering(any),LOW,RAW,2026-07-14,4,usePointGraphicsEffects.ts.usePointGraphicsRendering(any),src/hooks/features/usePointGraphicsEffects.ts#L10:36,TypeScript,19,6,1
19 lines of code for unit SelectButtons.tsx.SelectButtons(any),LOW,RAW,2026-07-13,5,SelectButtons.tsx.SelectButtons(any),src/Components/HomePage/Body/Left/Voorbereiding/FlightPlan/Common/SelectButtons.tsx#L5:29,TypeScript,19,1,1
19 lines of code for unit useAddPointStepMapClick.ts.useAddPointStepMapClick(AddPointStepMapClickState),LOW,RAW,2026-07-18,0,useAddPointStepMapClick.ts.useAddPointStepMapClick(AddPointStepMapClickState),src/Components/HomePage/Body/Left/Voorbereiding/ViewPlan/Steps/AddPointStep/useAddPointStepMapClick.ts#L7:29,TypeScript,19,5,1
"19 lines of code for unit arcgisAdminTokenParse.ts.parseAdminTokenJson(AdminTokenJson,number)",LOW,RAW,2026-07-18,0,"arcgisAdminTokenParse.ts.parseAdminTokenJson(AdminTokenJson,number)",backend/src/services/arcgisAdminTokenParse.ts#L4:25,TypeScript,19,4,2
19 lines of code for unit useEditGeometryUiState.ts.useEditGeometryUiState(),LOW,RAW,2026-07-18,0,useEditGeometryUiState.ts.useEditGeometryUiState(),src/Components/HomePage/Body/Left/Tools/EditGeometry/useEditGeometryUiState.ts#L4:22,TypeScript,19,1,0
19 lines of code for unit reportPdfCommon.ts.buildPdfPointData(ReportPdfPointContext),LOW,RAW,2026-07-18,0,reportPdfCommon.ts.buildPdfPointData(ReportPdfPointContext),src/Components/HomePage/Body/Left/Nabewerking/CreateReport/helpers/useHandleStep2/reportPdfCommon.ts#L15:33,TypeScript,19,1,1
19 lines of code for unit createPointFromImportHelpers.ts.runImportPointsTransaction(any),LOW,RAW,2026-07-17,1,createPointFromImportHelpers.ts.runImportPointsTransaction(any),backend/src/routes/points/createPointFromImportHelpers.ts#L23:47,TypeScript,19,2,1
19 lines of code for unit removeFlightPlanFilterEffects.ts.useRemoveFlightPlanFilterEffects(any),LOW,RAW,2026-07-18,0,removeFlightPlanFilterEffects.ts.useRemoveFlightPlanFilterEffects(any),src/Components/HomePage/Body/Left/Voorbereiding/RemoveFlightPlan/removeFlightPlanFilterEffects.ts#L5:36,TypeScript,19,3,1
"19 lines of code for unit deleteFlightPlanHelpers.ts.deleteFinishedFlightPlan(string,Response)",LOW,RAW,2026-07-18,0,"deleteFlightPlanHelpers.ts.deleteFinishedFlightPlan(string,Response)",backend/src/routes/flightPlans/deleteFlightPlanHelpers.ts#L23:42,TypeScript,19,3,2
19 lines of code for unit shapefileExport.ts.exportPointsShapefile(EnrichedPointType[]),LOW,RAW,2026-07-17,1,shapefileExport.ts.exportPointsShapefile(EnrichedPointType[]),src/helpers/tableExports/shapefileExport.ts#L46:65,TypeScript,19,2,1
"19 lines of code for unit resolveSelectedTabItem.ts.resolveSelectedTabItem(string,Content)",LOW,RAW,2026-07-18,0,"resolveSelectedTabItem.ts.resolveSelectedTabItem(string,Content)",src/Components/HomePage/Body/Left/Common/BottomTabs/resolveSelectedTabItem.ts#L10:31,TypeScript,19,1,2
19 lines of code for unit handleUpload(React.FormEvent<HTMLFormElement>),LOW,RAW,2026-06-04,44,handleUpload(React.FormEvent<HTMLFormElement>),src/Components/InstallationsPage/index.tsx#L48:67,TypeScript,19,4,1
19 lines of code for unit index.tsx.ChangePoint(any),LOW,RAW,2026-06-04,44,index.tsx.ChangePoint(any),src/Components/HomePage/Body/Left/Nabewerking/VluchtenZoeken/Steps/Step2/Actions/Waarnemingen/EditPointDetails/Actions/ChangePoint/index.tsx#L15:38,TypeScript,19,3,1
19 lines of code for unit Points.tsx.Points(PointsProps),LOW,RAW,2026-07-14,4,Points.tsx.Points(PointsProps),src/Components/HomePage/Body/Left/Nabewerking/CreateReport/Steps/Step2/Points.tsx#L14:54,TypeScript,19,1,1
19 lines of code for unit reportZipHelpers.ts.preloadReportAttachments(any),LOW,RAW,2026-07-04,14,reportZipHelpers.ts.preloadReportAttachments(any),src/Components/HomePage/Body/Left/Nabewerking/CreateReport/helpers/useHandleStep2/reportZipHelpers.ts#L11:32,TypeScript,19,1,1
19 lines of code for unit addPointBufferGraphic.ts.addPointBufferGraphic(any),LOW,RAW,2026-07-18,0,addPointBufferGraphic.ts.addPointBufferGraphic(any),src/Components/HomePage/Body/Left/Common/ResultTab/addPointBufferGraphic.ts#L12:36,TypeScript,19,1,1
19 lines of code for unit mapHoverHighlight.ts,LOW,RAW,2026-07-04,14,mapHoverHighlight.ts,src/Components/HomePage/Body/MapViewComp/mapHoverHighlight.ts#L1:24,TypeScript,19,3,0
19 lines of code for unit useDeletePointState.ts,LOW,RAW,2026-06-10,38,useDeletePointState.ts,src/hooks/zustand/tools/useDeletePointState.ts#L1:148,TypeScript,19,1,0
19 lines of code for unit resolveFlightPlanColumnPreset.ts,LOW,RAW,2026-07-18,0,resolveFlightPlanColumnPreset.ts,backend/src/helpers/queries/flight-plans/resolveFlightPlanColumnPreset.ts#L1:23,TypeScript,19,1,0
19 lines of code for unit buildFinishedPlansWithPointsHelpers.ts.appendFinishedRegioAndOrder(any),LOW,RAW,2026-07-18,0,buildFinishedPlansWithPointsHelpers.ts.appendFinishedRegioAndOrder(any),backend/src/helpers/queries/finished-plans/buildFinishedPlansWithPointsHelpers.ts#L54:78,TypeScript,19,3,1
19 lines of code for unit NextBtn.tsx.NextBtn(),LOW,RAW,2026-06-04,44,NextBtn.tsx.NextBtn(),src/Components/HomePage/Body/Left/Voorbereiding/EnrichedAddPoint/Steps/Step2/NextBtn.tsx#L9:25,TypeScript,19,2,0
19 lines of code for unit resetAddPointStepState.ts.resetAddPointFormState(any),LOW,RAW,2026-07-13,5,resetAddPointStepState.ts.resetAddPointFormState(any),src/Components/HomePage/Body/Left/Voorbereiding/ViewPlan/Steps/AddPointStep/resetAddPointStepState.ts#L31:67,TypeScript,19,1,1
19 lines of code for unit applyGraphicPositionNext.ts.commitGraphicPosition(ApplyGraphicPositionInput),LOW,RAW,2026-07-18,0,applyGraphicPositionNext.ts.commitGraphicPosition(ApplyGraphicPositionInput),src/Components/HomePage/Body/Left/Voorbereiding/EnrichedAddPoint/Steps/Step2/applyGraphicPositionNext.ts#L25:43,TypeScript,19,1,1
19 lines of code for unit pathFeatureLayerConfig.ts,LOW,RAW,2026-07-18,0,pathFeatureLayerConfig.ts,src/hooks/hover-click-handlers/pathFeatureLayerConfig.ts#L1:20,TypeScript,19,1,0
19 lines of code for unit buildPointReportTasks.ts.buildPointReportTasks(BuildReportTasksInput),LOW,RAW,2026-07-18,0,buildPointReportTasks.ts.buildPointReportTasks(BuildReportTasksInput),src/Components/HomePage/Body/Left/Nabewerking/CreateReport/helpers/useHandleStep2/buildPointReportTasks.ts#L4:22,TypeScript,19,1,1
19 lines of code for unit viewPlanSession.ts.useViewPlanCancel(void),LOW,RAW,2026-07-04,14,viewPlanSession.ts.useViewPlanCancel(void),src/Components/HomePage/Body/Left/Voorbereiding/ViewPlan/viewPlanSession.ts#L43:62,TypeScript,19,1,1
19 lines of code for unit selectGeometryFromMapClick.ts.selectGeometryFromMapClick(any),LOW,RAW,2026-07-17,1,selectGeometryFromMapClick.ts.selectGeometryFromMapClick(any),src/Components/HomePage/Body/Left/Voorbereiding/FlightPlan/Common/selectGeometryFromMapClick.ts#L4:31,TypeScript,19,6,1
"19 lines of code for unit getTimeRange.ts.getTimeRange(Request,Response)",LOW,RAW,2026-06-04,44,"getTimeRange.ts.getTimeRange(Request,Response)",backend/src/routes/timeslider/getTimeRange.ts#L6:27,TypeScript,19,3,2
19 lines of code for unit createPointMapGraphics.ts,LOW,RAW,2026-07-17,1,createPointMapGraphics.ts,src/helpers/ArcGISHelpers/createPointMapGraphics.ts#L1:19,TypeScript,19,1,0
19 lines of code for unit handleUpdate(),LOW,RAW,2026-06-04,44,handleUpdate(),src/Components/HomePage/Body/Left/Voorbereiding/EnrichedAddPoint/Steps/Step2/UpdateBtn.tsx#L17:39,TypeScript,19,2,0
19 lines of code for unit buildFinishedFlightPlansListQuery.ts.buildFinishedFlightPlansListQuery(unknown),LOW,RAW,2026-07-18,0,buildFinishedFlightPlansListQuery.ts.buildFinishedFlightPlansListQuery(unknown),backend/src/helpers/queries/finished-plans/buildFinishedFlightPlansListQuery.ts#L8:28,TypeScript,19,1,1
19 lines of code for unit syncLocalGeometryGraphics.ts.syncLocalGeometryGraphics(any),LOW,RAW,2026-07-17,1,syncLocalGeometryGraphics.ts.syncLocalGeometryGraphics(any),src/hooks/features/syncLocalGeometryGraphics.ts#L7:32,TypeScript,19,4,1
"19 lines of code for unit selectedPlansPointsList.ts.buildListItems(PointWithPlan[],GeometryWithPlan[])",LOW,RAW,2026-06-04,44,"selectedPlansPointsList.ts.buildListItems(PointWithPlan[],GeometryWithPlan[])",src/helpers/timeslider/selectedPlansPointsList.ts#L87:108,TypeScript,19,1,2
19 lines of code for unit reportUpload.ts,LOW,RAW,2026-06-04,44,reportUpload.ts,backend/src/routes/reportUpload.ts#L1:17,TypeScript,19,3,0
19 lines of code for unit updateGeometryTransaction.ts.runGeometryUpdateTransaction(UpdateGeometryTransactionInput),LOW,RAW,2026-07-04,14,updateGeometryTransaction.ts.runGeometryUpdateTransaction(UpdateGeometryTransactionInput),backend/src/helpers/queries/geometries/updateGeometryTransaction.ts#L9:32,TypeScript,19,3,1
19 lines of code for unit useSelectFromSourceGraphicsEffects.ts.useBluePointRendering(any),LOW,RAW,2026-07-14,4,useSelectFromSourceGraphicsEffects.ts.useBluePointRendering(any),src/Components/HomePage/Body/Left/Voorbereiding/ViewPlan/Steps/AddPointsFromPlan/SelectFromSource/useSelectFromSourceGraphicsEffects.ts#L50:74,TypeScript,19,2,1
19 lines of code for unit applyEditPointDetailsSuccess.ts.applyEditPointDetailsSuccess(any),LOW,RAW,2026-07-18,0,applyEditPointDetailsSuccess.ts.applyEditPointDetailsSuccess(any),src/Components/HomePage/Body/Left/Nabewerking/VluchtenZoeken/Steps/Step2/Actions/Waarnemingen/EditPointDetails/Actions/Form/applyEditPointDetailsSuccess.ts#L7:35,TypeScript,19,1,1
19 lines of code for unit index.tsx.StepMultiplePoints(any),LOW,RAW,2026-06-04,44,index.tsx.StepMultiplePoints(any),src/Components/HomePage/Body/Left/Voorbereiding/SelectedPoint/AddToPlan/StepMultiplePoints/index.tsx#L7:69,TypeScript,19,2,1
19 lines of code for unit useCreateImageBtnModel.ts.useCreateImageBtnModel(Props),LOW,RAW,2026-07-18,0,useCreateImageBtnModel.ts.useCreateImageBtnModel(Props),src/Components/HomePage/Body/Left/Nabewerking/VluchtenZoeken/Steps/Step2/Actions/Waarnemingen/common/Foto/useCreateImageBtnModel.ts#L20:38,TypeScript,19,1,1
19 lines of code for unit buildTemplateFlightSubmitIds.ts.collectTemplateFlightPointIds(any),LOW,RAW,2026-07-18,0,buildTemplateFlightSubmitIds.ts.collectTemplateFlightPointIds(any),src/Components/HomePage/Body/Left/Voorbereiding/TemplateFlight/Steps/Step3/buildTemplateFlightSubmitIds.ts#L7:31,TypeScript,19,1,1
19 lines of code for unit waitForEmbeddedAssets.ts.waitForEmbeddedAssets(Page),LOW,RAW,2026-07-18,0,waitForEmbeddedAssets.ts.waitForEmbeddedAssets(Page),backend/src/routes/emails/waitForEmbeddedAssets.ts#L3:21,TypeScript,19,9,1
19 lines of code for unit syncAttachmentsInPlan.ts.buildUpdatedGeometryPoint(any),LOW,RAW,2026-07-18,0,syncAttachmentsInPlan.ts.buildUpdatedGeometryPoint(any),src/Components/HomePage/Body/Left/Nabewerking/VluchtenZoeken/Steps/Step2/Actions/Waarnemingen/common/Foto/syncAttachmentsInPlan.ts#L31:57,TypeScript,19,3,1
19 lines of code for unit useGeometryListGraphics.ts.useGeometryListGraphics(any),LOW,RAW,2026-07-13,5,useGeometryListGraphics.ts.useGeometryListGraphics(any),src/Components/HomePage/Body/Left/Voorbereiding/FlightPlan/Common/useGeometryListGraphics.ts#L8:34,TypeScript,19,3,1
19 lines of code for unit pointFields.ts,LOW,RAW,2026-06-30,18,pointFields.ts,backend/src/helpers/queries/points/pointFields.ts#L1:21,TypeScript,19,1,0
"19 lines of code for unit FinishedPlanWriter.insertOneAttachment(FinishedPlanPoint,FinishedPlanAttachment)",LOW,RAW,2026-07-01,17,"FinishedPlanWriter.insertOneAttachment(FinishedPlanPoint,FinishedPlanAttachment)",backend/src/helpers/finished-plans/createFinishedPlanDb.ts#L167:188,TypeScript,19,7,2
"19 lines of code for unit startPolling(string,any)",LOW,RAW,2026-07-04,14,"startPolling(string,any)",src/Components/DevicesUpdatesPage/useDeviceActionPolling.ts#L23:45,TypeScript,19,5,2
19 lines of code for unit LoginErrorDecision.buildStep2LoginFailureBody(Step2FailureKind),LOW,RAW,2026-07-17,1,LoginErrorDecision.buildStep2LoginFailureBody(Step2FailureKind),backend/src/routes/auth2/loginErrorDecision.ts#L22:44,TypeScript,19,3,1
19 lines of code for unit index.tsx,LOW,RAW,2026-06-04,44,index.tsx,src/Components/HomePage/Body/Bottom/PointsView/FlightPlansTable/index.tsx#L1:39,TypeScript,19,1,0
19 lines of code for unit assembleReportZipContents.ts.assembleReportZipContents(AssembleReportZipInput),LOW,RAW,2026-07-18,0,assembleReportZipContents.ts.assembleReportZipContents(AssembleReportZipInput),src/Components/HomePage/Body/Left/Nabewerking/CreateReport/helpers/useHandleStep2/assembleReportZipContents.ts#L25:45,TypeScript,19,1,1
19 lines of code for unit PlansList.tsx.PlansList(any),LOW,RAW,2026-06-04,44,PlansList.tsx.PlansList(any),src/Components/HomePage/Body/Left/Voorbereiding/SelectedPoint/ViewPlans/PlansList.tsx#L7:71,TypeScript,19,1,1
19 lines of code for unit deleteAttachmentsRequest.ts.postDeleteAttachmentsRequest(any),LOW,RAW,2026-07-17,1,deleteAttachmentsRequest.ts.postDeleteAttachmentsRequest(any),src/helpers/arcgis/deleteAttachmentsRequest.ts#L17:40,TypeScript,19,2,1
19 lines of code for unit applyPointCoordinateUpdateSuccess.ts.applyPointCoordinateUpdateSuccess(any),LOW,RAW,2026-07-18,0,applyPointCoordinateUpdateSuccess.ts.applyPointCoordinateUpdateSuccess(any),src/Components/HomePage/Body/Left/Nabewerking/VluchtenZoeken/Steps/Step2/Actions/Waarnemingen/EditPointDetails/Actions/EditPointCoordinates/applyPointCoordinateUpdateSuccess.ts#L10:44,TypeScript,19,1,1
19 lines of code for unit drawingToolSketch.ts.symbolForTool(string),LOW,RAW,2026-07-17,1,drawingToolSketch.ts.symbolForTool(string),src/Components/HomePage/Body/Left/Voorbereiding/DrawingTool/helpers/drawingToolSketch.ts#L7:27,TypeScript,19,4,1
19 lines of code for unit attachSelectedPlanPathLayer.ts,LOW,RAW,2026-07-18,0,attachSelectedPlanPathLayer.ts,src/hooks/hover-click-handlers/attachSelectedPlanPathLayer.ts#L1:7,TypeScript,19,2,0
19 lines of code for unit index.ts.createAuth2Router(),LOW,RAW,2026-07-13,5,index.ts.createAuth2Router(),backend/src/routes/auth2/index.ts#L9:29,TypeScript,19,1,0
"19 lines of code for unit buildPointCoordinatePayload.ts.buildPointCoordinatePayload(FinishedPointType,string,any)",LOW,RAW,2026-07-18,0,"buildPointCoordinatePayload.ts.buildPointCoordinatePayload(FinishedPointType,string,any)",src/Components/HomePage/Body/Left/Nabewerking/VluchtenZoeken/Steps/Step2/Actions/Waarnemingen/EditPointDetails/Actions/EditPointCoordinates/buildPointCoordinatePayload.ts#L4:31,TypeScript,19,1,3
19 lines of code for unit loginErrorDecision.ts.resolveLoginErrorDecision(any),LOW,RAW,2026-07-17,1,loginErrorDecision.ts.resolveLoginErrorDecision(any),backend/src/routes/auth2/loginErrorDecision.ts#L87:112,TypeScript,19,3,1
19 lines of code for unit db.ts.claimPendingCommand(string),LOW,RAW,2026-06-04,44,db.ts.claimPendingCommand(string),backend/src/routes/devices-updates/db.ts#L134:154,TypeScript,19,3,1
19 lines of code for unit buildFlightPlanQueryParts.ts.buildFlightPlanSelectBody(any),LOW,RAW,2026-07-17,1,buildFlightPlanQueryParts.ts.buildFlightPlanSelectBody(any),backend/src/helpers/queries/flight-plans/buildFlightPlanQueryParts.ts#L129:154,TypeScript,19,1,1
19 lines of code for unit readOnlyVanTotParts.tsx.ReadOnlyRangeTrack(),LOW,RAW,2026-07-18,0,readOnlyVanTotParts.tsx.ReadOnlyRangeTrack(),src/Components/TimesliderItemDetailPage/sections/readOnlyVanTotParts.tsx#L13:35,TypeScript,19,1,0
19 lines of code for unit exportExcel(FlightPlanType),LOW,RAW,2026-06-04,44,exportExcel(FlightPlanType),src/Components/HomePage/Body/Left/Voorbereiding/ViewPlan/Steps/Step1/SinglePlan.tsx#L31:50,TypeScript,19,1,1
19 lines of code for unit buildFinishedPlanQuery.ts.buildFinishedPlanRegioWhereClause(FinishedPlanRegioWhereInput),LOW,RAW,2026-07-18,0,buildFinishedPlanQuery.ts.buildFinishedPlanRegioWhereClause(FinishedPlanRegioWhereInput),backend/src/helpers/queries/finished-plans/buildFinishedPlanQuery.ts#L83:104,TypeScript,19,1,1
19 lines of code for unit index.ts,LOW,RAW,2026-06-04,44,index.ts,backend/src/routes/emails/index.ts#L1:36,TypeScript,19,1,0
"19 lines of code for unit formatPlanGeometries.ts.formatFinishedPlansWithGeometries(Record<string, unknown>,any)",LOW,RAW,2026-06-30,18,"formatPlanGeometries.ts.formatFinishedPlansWithGeometries(Record<string, unknown>,any)",backend/src/helpers/queries/geometries/formatPlanGeometries.ts#L147:160,TypeScript,19,7,2
19 lines of code for unit nnederlandLayerIconMap.tsx,LOW,RAW,2026-07-17,1,nnederlandLayerIconMap.tsx,src/Components/HomePage/Body/Left/Common/KaartLegend/LayersList/NNederland/nnederlandLayerIconMap.tsx#L1:46,TypeScript,19,1,0
19 lines of code for unit parseTimesliderImageQuery.ts.parseTimesliderImageQuery(URLSearchParams),LOW,RAW,2026-07-04,14,parseTimesliderImageQuery.ts.parseTimesliderImageQuery(URLSearchParams),src/Components/TimesliderItemDetailPage/parseTimesliderImageQuery.ts#L32:57,TypeScript,19,7,1
"19 lines of code for unit CreateKeycloakUserInput.createKeycloakUserRecord(Request,CreateKeycloakUserInput)",LOW,RAW,2026-07-04,14,"CreateKeycloakUserInput.createKeycloakUserRecord(Request,CreateKeycloakUserInput)",backend/src/routes/keycloak/management/users/createKeycloakUser.ts#L33:56,TypeScript,19,3,2
19 lines of code for unit featureLayerPopupResolve.ts.resolveFeaturePopupData(any),LOW,RAW,2026-07-04,14,featureLayerPopupResolve.ts.resolveFeaturePopupData(any),src/hooks/hover-click-handlers/featureLayerPopupResolve.ts#L28:52,TypeScript,19,7,1
"19 lines of code for unit meHandler.ts.RequestHandler(any,any)",LOW,RAW,2026-07-13,5,"meHandler.ts.RequestHandler(any,any)",backend/src/routes/auth2/meHandler.ts#L13:34,TypeScript,19,4,2
19 lines of code for unit Buttons.tsx.Buttons(),LOW,RAW,2026-06-04,44,Buttons.tsx.Buttons(),src/Components/HomePage/Body/Left/Voorbereiding/AddPointsVluchtPlan/Step3/Buttons.tsx#L10:27,TypeScript,19,1,0
18 lines of code for unit useRenderPoints.ts.useRenderPoints(),LOW,RAW,2026-06-04,44,useRenderPoints.ts.useRenderPoints(),src/hooks/features/useRenderPoints.ts#L11:21,TypeScript,18,2,0
18 lines of code for unit keycloakUserApi.ts.updateKeycloakUserProfile(any),LOW,RAW,2026-07-04,14,keycloakUserApi.ts.updateKeycloakUserProfile(any),src/Components/DashboardPage/shared/keycloakUserApi.ts#L3:25,TypeScript,18,5,1
18 lines of code for unit useGeometryListMapClick.ts.useGeometryListInteractions(any),LOW,RAW,2026-07-04,14,useGeometryListMapClick.ts.useGeometryListInteractions(any),src/Components/HomePage/Body/Left/Voorbereiding/FlightPlan/Common/useGeometryListMapClick.ts#L37:64,TypeScript,18,2,1
"18 lines of code for unit fileDownloadHelpers.ts.sendPasswordGateFailure(Parameters<RequestHandler>,string,string)",LOW,RAW,2026-07-18,0,"fileDownloadHelpers.ts.sendPasswordGateFailure(Parameters<RequestHandler>,string,string)",backend/src/routes/fileDownloadHelpers.ts#L31:55,TypeScript,18,3,3
"18 lines of code for unit arcgisTokenStringFieldSpecs.ts.buildAdminUserAndPassSpecs(ArcgisTokenConfig|undefined,NodeJS.ProcessEnv)",LOW,RAW,2026-07-18,0,"arcgisTokenStringFieldSpecs.ts.buildAdminUserAndPassSpecs(ArcgisTokenConfig|undefined,NodeJS.ProcessEnv)",backend/src/services/arcgisTokenStringFieldSpecs.ts#L38:58,TypeScript,18,1,2
18 lines of code for unit useStepContentDataInit.ts.useStepContentDataInit(any),LOW,RAW,2026-07-13,5,useStepContentDataInit.ts.useStepContentDataInit(any),src/Components/HomePage/Body/Left/Voorbereiding/AddPointsVluchtPlan/Common/useStepContentDataInit.ts#L10:34,TypeScript,18,1,1
18 lines of code for unit parseKeycloakAdminTokenResponse.ts.parseKeycloakAdminTokenResponse(Response),LOW,RAW,2026-07-14,4,parseKeycloakAdminTokenResponse.ts.parseKeycloakAdminTokenResponse(Response),backend/src/services/parseKeycloakAdminTokenResponse.ts#L10:27,TypeScript,18,7,1
18 lines of code for unit copyLinkActions.ts.setDownloadPassword(any),LOW,RAW,2026-07-17,1,copyLinkActions.ts.setDownloadPassword(any),src/Components/HomePage/Body/Left/Nabewerking/CreateReport/Steps/Step3/hooks/copyLinkActions.ts#L10:31,TypeScript,18,4,1
18 lines of code for unit useMapPointSelectionClick.ts.useMapPointSelectionClick(any),LOW,RAW,2026-06-10,38,useMapPointSelectionClick.ts.useMapPointSelectionClick(any),src/hooks/viewPlan/useMapPointSelectionClick.ts#L17:48,TypeScript,18,5,1
18 lines of code for unit handleSubmit(),LOW,RAW,2026-06-04,44,handleSubmit(),src/Components/HomePage/Body/Left/Voorbereiding/SelectedPoint/AddToPlan/StepNo/Buttons.tsx#L20:39,TypeScript,18,2,0
18 lines of code for unit handleDelete(),LOW,RAW,2026-06-04,44,handleDelete(),src/Components/HomePage/Body/Left/Nabewerking/VluchtenZoeken/Steps/Step2/Actions/Waarnemingen/EditPointDetails/Actions/DeletePoint/index.tsx#L22:34,TypeScript,18,1,0
18 lines of code for unit db.ts.resetDeviceCommand(string),LOW,RAW,2026-06-05,43,db.ts.resetDeviceCommand(string),backend/src/routes/devices-updates/db.ts#L87:106,TypeScript,18,2,1
18 lines of code for unit Buttons.tsx.Step1Buttons(),LOW,RAW,2026-06-04,44,Buttons.tsx.Step1Buttons(),src/Components/HomePage/Body/Left/Nabewerking/CreateReport/Steps/Step1/Buttons.tsx#L9:24,TypeScript,18,1,0
18 lines of code for unit PeriodFilterPanel.tsx.PeriodFilterPanel(any),LOW,RAW,2026-06-29,19,PeriodFilterPanel.tsx.PeriodFilterPanel(any),src/Components/HomePage/Body/Left/Common/PeriodFilterPanel.tsx#L16:115,TypeScript,18,1,1
18 lines of code for unit useRenderPlanPoints.ts.useRenderPlanPoints(),LOW,RAW,2026-06-04,44,useRenderPlanPoints.ts.useRenderPlanPoints(),src/Components/HomePage/Body/Left/Nabewerking/VluchtenZoeken/hooks/useRenderPlanPoints.ts#L13:33,TypeScript,18,3,0
18 lines of code for unit scheduleEditPointPreview.ts,LOW,RAW,2026-07-18,0,scheduleEditPointPreview.ts,src/Components/HomePage/Body/Left/Nabewerking/VluchtenZoeken/Steps/Step2/Actions/Waarnemingen/EditPointDetails/Actions/EditPointCoordinates/scheduleEditPointPreview.ts#L1:3,TypeScript,18,7,0
"18 lines of code for unit createAttachment.ts.createAttachment(Request,Response)",LOW,RAW,2026-06-04,44,"createAttachment.ts.createAttachment(Request,Response)",backend/src/routes/finished_plans/createAttachment.ts#L9:31,TypeScript,18,2,2
18 lines of code for unit useAddPointStates.ts,LOW,RAW,2026-06-04,44,useAddPointStates.ts,src/hooks/zustand/useAddPointStates.ts#L1:44,TypeScript,18,1,0
18 lines of code for unit Auth2RateLimiters.createRateLimitHandler(any),LOW,RAW,2026-07-18,0,Auth2RateLimiters.createRateLimitHandler(any),backend/src/routes/auth2/authRateLimitHelpers.ts#L46:65,TypeScript,18,1,1
18 lines of code for unit Geometries.tsx.Geometries(GeometriesProps),LOW,RAW,2026-06-04,44,Geometries.tsx.Geometries(GeometriesProps),src/Components/HomePage/Body/Left/Nabewerking/CreateReport/Steps/Step2/Geometries.tsx#L12:57,TypeScript,18,1,1
18 lines of code for unit Profile.configureOidcHttpOptions(),LOW,RAW,2026-07-17,1,Profile.configureOidcHttpOptions(),backend/src/routes/auth/oidcClientCache.ts#L12:33,TypeScript,18,4,0
18 lines of code for unit db.ts,LOW,RAW,2026-06-04,44,db.ts,backend/src/db.ts#L1:24,TypeScript,18,2,0
18 lines of code for unit getAvailableRoles.ts.getAvailableRoles(Request),LOW,RAW,2026-06-04,44,getAvailableRoles.ts.getAvailableRoles(Request),backend/src/routes/keycloak/management/users/getAvailableRoles.ts#L9:35,TypeScript,18,3,1
18 lines of code for unit useSelectFromSourceGraphicsEffects.ts.useSelectionPins(any),LOW,RAW,2026-07-14,4,useSelectFromSourceGraphicsEffects.ts.useSelectionPins(any),src/Components/HomePage/Body/Left/Voorbereiding/ViewPlan/Steps/AddPointsFromPlan/SelectFromSource/useSelectFromSourceGraphicsEffects.ts#L76:99,TypeScript,18,3,1
18 lines of code for unit authRateLimit.ts.createAuth2RateLimiters(),LOW,RAW,2026-07-13,5,authRateLimit.ts.createAuth2RateLimiters(),backend/src/routes/auth2/authRateLimit.ts#L45:63,TypeScript,18,1,0
18 lines of code for unit LayerItem.tsx.LayerItem(any),LOW,RAW,2026-06-04,44,LayerItem.tsx.LayerItem(any),src/Components/HomePage/Body/Left/Common/KaartLegend/LayersList/Common/LayerItem.tsx#L6:24,TypeScript,18,4,1
"18 lines of code for unit drawGeometryHoverSkyBlue.ts.createSkyBluePolygonGraphic(number[],number)",LOW,RAW,2026-07-18,0,"drawGeometryHoverSkyBlue.ts.createSkyBluePolygonGraphic(number[],number)",src/helpers/timeslider/drawGeometryHoverSkyBlue.ts#L12:32,TypeScript,18,1,2
"18 lines of code for unit createReportSetters.ts.createReportSetters(Partial<CreateReportState>,any)",LOW,RAW,2026-07-18,0,"createReportSetters.ts.createReportSetters(Partial<CreateReportState>,any)",src/hooks/zustand/nabewerking/createReportSetters.ts#L7:26,TypeScript,18,1,2
18 lines of code for unit pdfReportAttachments.ts.addImageAttachmentPage(any),LOW,RAW,2026-07-13,5,pdfReportAttachments.ts.addImageAttachmentPage(any),src/Components/HomePage/Body/Left/Nabewerking/CreateReport/helpers/pdfReportAttachments.ts#L12:33,TypeScript,18,3,1
18 lines of code for unit Form.tsx.Form(any),LOW,RAW,2026-06-04,44,Form.tsx.Form(any),src/Components/HomePage/Body/Left/Voorbereiding/ViewPlan/Steps/Step2/Form.tsx#L10:59,TypeScript,18,1,1
18 lines of code for unit resolveDebouncedPointWgs84.ts.resolveDebouncedPointWgs84(PointFormState),LOW,RAW,2026-07-04,14,resolveDebouncedPointWgs84.ts.resolveDebouncedPointWgs84(PointFormState),src/Components/HomePage/Body/Left/Tools/EditGeometry/EditForm/EditGeometryPointPanel/resolveDebouncedPointWgs84.ts#L5:26,TypeScript,18,7,1
18 lines of code for unit PointJsonFieldKey.buildAttachmentsAggregationExpr(string),LOW,RAW,2026-06-30,18,PointJsonFieldKey.buildAttachmentsAggregationExpr(string),backend/src/helpers/queries/points/pointJson.ts#L140:159,TypeScript,18,1,1
18 lines of code for unit index.tsx.SelectedPointDetails(),LOW,RAW,2026-06-04,44,index.tsx.SelectedPointDetails(),src/Components/HomePage/Body/Left/Voorbereiding/SelectedPoint/SelectedPointDetails/index.tsx#L12:20,TypeScript,18,1,0
18 lines of code for unit refreshFeatureStores.ts.refreshFeatureStores(string),LOW,RAW,2026-07-17,1,refreshFeatureStores.ts.refreshFeatureStores(string),src/lib/refreshFeatureStores.ts#L4:24,TypeScript,18,6,1
18 lines of code for unit runFotoAttachmentDelete.ts.runFotoAttachmentDelete(FotoAttachmentDeleteInput),LOW,RAW,2026-07-18,0,runFotoAttachmentDelete.ts.runFotoAttachmentDelete(FotoAttachmentDeleteInput),src/Components/HomePage/Body/Left/Nabewerking/VluchtenZoeken/Steps/Step2/Actions/Waarnemingen/common/Foto/runFotoAttachmentDelete.ts#L8:30,TypeScript,18,4,1
18 lines of code for unit installers.ts,LOW,RAW,2026-06-04,44,installers.ts,backend/src/routes/installers.ts#L1:37,TypeScript,18,1,0
"18 lines of code for unit loginUserHelpers.ts.authenticateUser(string,string)",LOW,RAW,2026-07-18,0,"loginUserHelpers.ts.authenticateUser(string,string)",backend/src/routes/auth/loginUserHelpers.ts#L21:44,TypeScript,18,3,2
18 lines of code for unit useEditPointCleanup.ts.runEditPointCleanup(any),LOW,RAW,2026-07-18,0,useEditPointCleanup.ts.runEditPointCleanup(any),src/Components/HomePage/Body/Left/Nabewerking/VluchtenZoeken/Steps/Step2/Actions/Waarnemingen/EditPointDetails/Actions/EditPointCoordinates/useEditPointCleanup.ts#L5:34,TypeScript,18,5,1
18 lines of code for unit CurrentPointsList.tsx.CurrentPointsList(),LOW,RAW,2026-06-04,44,CurrentPointsList.tsx.CurrentPointsList(),src/Components/HomePage/Body/Left/Voorbereiding/ReuseFlightPlan/Steps/Step2/CurrentPointsList.tsx#L6:15,TypeScript,18,2,0
18 lines of code for unit index.tsx.Step1(),LOW,RAW,2026-07-04,14,index.tsx.Step1(),src/Components/HomePage/Body/Left/Voorbereiding/ReuseFlightPlan/Steps/Step1/index.tsx#L14:60,TypeScript,18,4,0
18 lines of code for unit geometryMapGraphics.ts.buildGeometryMapGraphics(Geometry[]),LOW,RAW,2026-07-04,14,geometryMapGraphics.ts.buildGeometryMapGraphics(Geometry[]),src/hooks/features/geometryMapGraphics.ts#L4:21,TypeScript,18,1,1
18 lines of code for unit patchPlanWithUpdatedPoint.ts.maybeUpdateSavedGraphics(any),LOW,RAW,2026-07-18,0,patchPlanWithUpdatedPoint.ts.maybeUpdateSavedGraphics(any),src/Components/HomePage/Body/Left/Nabewerking/VluchtenZoeken/Steps/Step2/Actions/Waarnemingen/EditPointDetails/Actions/EditPointCoordinates/patchPlanWithUpdatedPoint.ts#L30:55,TypeScript,18,5,1
18 lines of code for unit openBottomCompactListView.ts.openBottomCompactListView(BottomCompactListSetters),LOW,RAW,2026-07-17,1,openBottomCompactListView.ts.openBottomCompactListView(BottomCompactListSetters),src/hooks/bottom/openBottomCompactListView.ts#L14:32,TypeScript,18,4,1
18 lines of code for unit pointsPlansTableExport.ts,LOW,RAW,2026-07-17,1,pointsPlansTableExport.ts,src/helpers/tableExports/pointsPlansTableExport.ts#L1:18,TypeScript,18,1,0
18 lines of code for unit flightPlanKeys.ts,LOW,RAW,2026-07-18,0,flightPlanKeys.ts,src/lib/queryKeys/flightPlanKeys.ts#L1:18,TypeScript,18,1,0
18 lines of code for unit handleSubmit(),LOW,RAW,2026-06-04,44,handleSubmit(),src/Components/HomePage/Body/Left/Voorbereiding/TemplateFlight/Steps/Step3/Buttons.tsx#L55:72,TypeScript,18,1,0
18 lines of code for unit buildAndSendSpoedReport.ts.buildAndSendSpoedReport(any),LOW,RAW,2026-07-17,1,buildAndSendSpoedReport.ts.buildAndSendSpoedReport(any),backend/src/routes/emails/buildAndSendSpoedReport.ts#L13:36,TypeScript,18,4,1
18 lines of code for unit useEditPointCoordinateInputs.ts.useInitialEditPointMarker(any),LOW,RAW,2026-07-04,14,useEditPointCoordinateInputs.ts.useInitialEditPointMarker(any),src/Components/HomePage/Body/Left/Nabewerking/VluchtenZoeken/Steps/Step2/Actions/Waarnemingen/EditPointDetails/Actions/EditPointCoordinates/useEditPointCoordinateInputs.ts#L28:49,TypeScript,18,5,1
18 lines of code for unit verify-regio-apis.ts.main(),LOW,RAW,2026-06-10,38,verify-regio-apis.ts.main(),backend/scripts/verify-regio-apis.ts#L146:167,TypeScript,18,2,0
18 lines of code for unit filterPlansByPeriod.ts.filterPlansByPeriod(FilterPlansByPeriodInput<T>),LOW,RAW,2026-07-04,14,filterPlansByPeriod.ts.filterPlansByPeriod(FilterPlansByPeriodInput<T>),src/hooks/filters/filterPlansByPeriod.ts#L44:65,TypeScript,18,4,1
"18 lines of code for unit buildEditPointDetailsPayload.ts.buildEditPointDetailsPayload(FinishedPointType,string,string)",LOW,RAW,2026-07-18,0,"buildEditPointDetailsPayload.ts.buildEditPointDetailsPayload(FinishedPointType,string,string)",src/Components/HomePage/Body/Left/Nabewerking/VluchtenZoeken/Steps/Step2/Actions/Waarnemingen/EditPointDetails/Actions/Form/buildEditPointDetailsPayload.ts#L4:25,TypeScript,18,1,3
"18 lines of code for unit updateUser.ts.updateUser(Request,Response)",LOW,RAW,2026-06-04,44,"updateUser.ts.updateUser(Request,Response)",backend/src/routes/users/updateUser.ts#L10:29,TypeScript,18,3,2
18 lines of code for unit createPointFromImportDb.ts.buildBulkInsertQuery(NormalizedImportRow[]),LOW,RAW,2026-07-01,17,createPointFromImportDb.ts.buildBulkInsertQuery(NormalizedImportRow[]),backend/src/helpers/points/createPointFromImportDb.ts#L44:65,TypeScript,18,1,1
18 lines of code for unit index.tsx.TemplateFlight(),LOW,RAW,2026-06-04,44,index.tsx.TemplateFlight(),src/Components/HomePage/Body/Left/Voorbereiding/TemplateFlight/index.tsx#L11:63,TypeScript,18,4,0
"18 lines of code for unit createLogs.ts.createLogs(Request,Response)",LOW,RAW,2026-06-04,44,"createLogs.ts.createLogs(Request,Response)",backend/src/routes/logs/createLogs.ts#L9:29,TypeScript,18,4,2
18 lines of code for unit onSuccess(any),LOW,RAW,2026-07-13,5,onSuccess(any),src/Components/HomePage/Body/Left/Voorbereiding/FlightPlan/Steps/Step1/ImportVluchtPlan.tsx#L68:88,TypeScript,18,5,1
"18 lines of code for unit drawGeometryHoverSkyBlue.ts.createSkyBluePolylineGraphic(number[],number)",LOW,RAW,2026-07-18,0,"drawGeometryHoverSkyBlue.ts.createSkyBluePolylineGraphic(number[],number)",src/helpers/timeslider/drawGeometryHoverSkyBlue.ts#L34:54,TypeScript,18,1,2
18 lines of code for unit configureBodyParsersAndSwagger.ts.configureBodyParsersAndSwagger(Express),LOW,RAW,2026-07-18,0,configureBodyParsersAndSwagger.ts.configureBodyParsersAndSwagger(Express),backend/src/configure/configureBodyParsersAndSwagger.ts#L14:31,TypeScript,18,1,1
18 lines of code for unit useMapGraphics.ts.useMapGraphics(UseMapGraphicsInput),LOW,RAW,2026-07-04,14,useMapGraphics.ts.useMapGraphics(UseMapGraphicsInput),src/Components/HomePage/Body/Bottom/PointsView/common/hooks/useMapGraphics.ts#L8:25,TypeScript,18,1,1
18 lines of code for unit handleLogout(),LOW,RAW,2026-06-04,44,handleLogout(),src/Components/DashboardPage/Navbar.tsx#L13:37,TypeScript,18,2,0
18 lines of code for unit runMultiPointDelete.ts.runMultiPointDelete(MultiPointDeleteInput),LOW,RAW,2026-07-18,0,runMultiPointDelete.ts.runMultiPointDelete(MultiPointDeleteInput),src/Components/HomePage/Body/Left/Tools/AandachtspuntenVerwijderen/Actions/Main/runMultiPointDelete.ts#L23:40,TypeScript,18,2,1
18 lines of code for unit UserList.tsx.UserList(any),LOW,RAW,2026-06-04,44,UserList.tsx.UserList(any),src/Components/HomePage/Head/Users/UserList.tsx#L9:26,TypeScript,18,2,1
"18 lines of code for unit formatPlanGeometries.ts.formatPlansWithGeometries(Record<string, unknown>)",LOW,RAW,2026-06-30,18,"formatPlanGeometries.ts.formatPlansWithGeometries(Record<string, unknown>)",backend/src/helpers/queries/geometries/formatPlanGeometries.ts#L73:94,TypeScript,18,7,1
18 lines of code for unit useEditPointStep2Sub1.ts.useEditPointStep2Sub1(EditPointMapStepProps),LOW,RAW,2026-07-18,0,useEditPointStep2Sub1.ts.useEditPointStep2Sub1(EditPointMapStepProps),src/Components/HomePage/Body/Left/Voorbereiding/SelectedPoint/EditPointDetails/Steps/Step2/useEditPointStep2Sub1.ts#L10:29,TypeScript,18,1,1
18 lines of code for unit FinishedPlanWriter.insertFinishedRow(FinishedPlanPoint),LOW,RAW,2026-07-01,17,FinishedPlanWriter.insertFinishedRow(FinishedPlanPoint),backend/src/helpers/finished-plans/createFinishedPlanDb.ts#L202:220,TypeScript,18,9,1
"18 lines of code for unit filterPointsByCriteria.ts.matchesPeriod(EnrichedPointType,PointFilterCriteria)",LOW,RAW,2026-07-15,3,"filterPointsByCriteria.ts.matchesPeriod(EnrichedPointType,PointFilterCriteria)",src/hooks/filters/filterPointsByCriteria.ts#L13:33,TypeScript,18,9,2
18 lines of code for unit index.tsx.Main(),LOW,RAW,2026-06-04,44,index.tsx.Main(),src/Components/HomePage/Body/Left/Tools/AandachtspuntenVerwijderen/Actions/Main/index.tsx#L11:38,TypeScript,18,3,0
17 lines of code for unit ImportVluchtPlan.tsx.ImportVluchtPlan(),LOW,RAW,2026-06-04,44,ImportVluchtPlan.tsx.ImportVluchtPlan(),src/Components/HomePage/Body/Left/Voorbereiding/FlightPlan/Steps/Step1/ImportVluchtPlan.tsx#L29:44,TypeScript,17,1,0
17 lines of code for unit LoadingPhase.tsx.LoadingPhase(LoadingPhaseProps),LOW,RAW,2026-07-04,14,LoadingPhase.tsx.LoadingPhase(LoadingPhaseProps),src/Components/HomePage/Body/Left/Nabewerking/CreateReport/Steps/Step3/components/LoadingPhase.tsx#L10:65,TypeScript,17,4,1
17 lines of code for unit Buttons.tsx.Buttons(any),LOW,RAW,2026-06-04,44,Buttons.tsx.Buttons(any),src/Components/HomePage/Body/Left/Voorbereiding/ViewPlan/Steps/AddPointToPlan/Buttons.tsx#L11:36,TypeScript,17,1,1
"17 lines of code for unit pathPointGraphics.ts.addSelectedPathHighlight(__esri.GraphicsLayer,PathPoint)",LOW,RAW,2026-07-04,14,"pathPointGraphics.ts.addSelectedPathHighlight(__esri.GraphicsLayer,PathPoint)",src/hooks/hover-click-handlers/pathPointGraphics.ts#L14:33,TypeScript,17,1,2
17 lines of code for unit syncYellowMarkerSelection.ts.syncYellowMarkerSelection(SyncYellowMarkerSelectionInput),LOW,RAW,2026-07-17,1,syncYellowMarkerSelection.ts.syncYellowMarkerSelection(SyncYellowMarkerSelectionInput),src/hooks/hover-click-handlers/syncYellowMarkerSelection.ts#L21:40,TypeScript,17,4,1
"17 lines of code for unit EditUserFormData.persistEditUser(KeycloakUser,EditUserFormData)",LOW,RAW,2026-07-18,0,"EditUserFormData.persistEditUser(KeycloakUser,EditUserFormData)",src/Components/DashboardPage/EditUser/submitEditUser.ts#L14:33,TypeScript,17,3,2
17 lines of code for unit useStepContentDisplayed.ts.useStepContentDisplayed(any),LOW,RAW,2026-07-18,0,useStepContentDisplayed.ts.useStepContentDisplayed(any),src/Components/HomePage/Body/Left/Voorbereiding/AddPointsVluchtPlan/Common/useStepContentDisplayed.ts#L8:31,TypeScript,17,1,1
17 lines of code for unit importPointRowNormalization.ts.normalizeImportRows(unknown[]),LOW,RAW,2026-07-01,17,importPointRowNormalization.ts.normalizeImportRows(unknown[]),backend/src/helpers/points/importPointRowNormalization.ts#L93:115,TypeScript,17,4,1
17 lines of code for unit navigateToLocation.ts.navigateToLocation(NavigateToLocationInput),LOW,RAW,2026-07-04,14,navigateToLocation.ts.navigateToLocation(NavigateToLocationInput),src/Components/HomePage/Body/Left/Nabewerking/VluchtenZoeken/Steps/Step2/Actions/Waarnemingen/common/Foto/navigateToLocation.ts#L12:30,TypeScript,17,7,1
17 lines of code for unit buildReportPdfPayload.ts.buildReportPdfPayload(ReportGenerationPipelineInput),LOW,RAW,2026-07-18,0,buildReportPdfPayload.ts.buildReportPdfPayload(ReportGenerationPipelineInput),src/Components/HomePage/Body/Left/Nabewerking/CreateReport/helpers/useHandleStep2/buildReportPdfPayload.ts#L10:28,TypeScript,17,1,1
"17 lines of code for unit ImportPointsDbResult.bulkInsertRowParams(NormalizedImportRow,Date)",LOW,RAW,2026-07-01,17,"ImportPointsDbResult.bulkInsertRowParams(NormalizedImportRow,Date)",backend/src/helpers/points/createPointFromImportDb.ts#L26:42,TypeScript,17,1,2
17 lines of code for unit getSingleGeometryHelpers.ts.fetchGeometryWithPoints(string),LOW,RAW,2026-07-18,0,getSingleGeometryHelpers.ts.fetchGeometryWithPoints(string),backend/src/routes/geometries/getSingleGeometryHelpers.ts#L4:25,TypeScript,17,2,1
17 lines of code for unit planBoundingBoxSymbolsCore.ts,LOW,RAW,2026-07-18,0,planBoundingBoxSymbolsCore.ts,src/helpers/ArcGISHelpers/planBoundingBoxSymbolsCore.ts#L1:17,TypeScript,17,1,0
"17 lines of code for unit pdfReportAttachments.ts.addOtherAttachmentsTable(jsPDF,PdfAttachment[])",LOW,RAW,2026-07-04,14,"pdfReportAttachments.ts.addOtherAttachmentsTable(jsPDF,PdfAttachment[])",src/Components/HomePage/Body/Left/Nabewerking/CreateReport/helpers/pdfReportAttachments.ts#L35:51,TypeScript,17,2,2
17 lines of code for unit buildFinishedPlansWithPointsHelpers.ts.buildFinishedPlansSelectBody(string),LOW,RAW,2026-07-18,0,buildFinishedPlansWithPointsHelpers.ts.buildFinishedPlansSelectBody(string),backend/src/helpers/queries/finished-plans/buildFinishedPlansWithPointsHelpers.ts#L36:52,TypeScript,17,1,1
17 lines of code for unit syncRealmRoleMappings.ts.syncRealmRoleMappings(any),LOW,RAW,2026-07-17,1,syncRealmRoleMappings.ts.syncRealmRoleMappings(any),backend/src/routes/keycloak/management/users/syncRealmRoleMappings.ts#L31:54,TypeScript,17,1,1
17 lines of code for unit editGeometryHandlerFactories.ts.makeDeleteHandler(Model),LOW,RAW,2026-07-18,0,editGeometryHandlerFactories.ts.makeDeleteHandler(Model),src/Components/HomePage/Body/Left/Tools/EditGeometry/editGeometryHandlerFactories.ts#L56:72,TypeScript,17,1,1
17 lines of code for unit editPointCoordinateSync.ts,LOW,RAW,2026-07-17,1,editPointCoordinateSync.ts,src/Components/HomePage/Body/Left/Nabewerking/VluchtenZoeken/Steps/Step2/Actions/Waarnemingen/EditPointDetails/Actions/EditPointCoordinates/editPointCoordinateSync.ts#L1:36,TypeScript,17,5,0
17 lines of code for unit handleSubmit(),LOW,RAW,2026-06-04,44,handleSubmit(),src/Components/HomePage/Body/Left/Nabewerking/VluchtenZoeken/Steps/Step2/Actions/EditFlight/Buttons.tsx#L26:37,TypeScript,17,2,0
17 lines of code for unit useAddPointStepBaseStores.ts.useAddPointStepBaseStores(),LOW,RAW,2026-07-18,0,useAddPointStepBaseStores.ts.useAddPointStepBaseStores(),src/Components/HomePage/Body/Left/Voorbereiding/ViewPlan/Steps/AddPointStep/useAddPointStepBaseStores.ts#L8:24,TypeScript,17,1,0
"17 lines of code for unit useAddToPlanStepSketch.ts.useAddToPlanStepSketch(number,Promise,void)",LOW,RAW,2026-07-18,0,"useAddToPlanStepSketch.ts.useAddToPlanStepSketch(number,Promise,void)",src/Components/HomePage/Body/Left/Voorbereiding/SelectedPoint/AddToPlan/useAddToPlanStepSketch.ts#L6:27,TypeScript,17,2,3
17 lines of code for unit createMapView.ts.createMapView(RefObject<HTMLDivElement>),LOW,RAW,2026-06-04,44,createMapView.ts.createMapView(RefObject<HTMLDivElement>),src/helpers/ArcGISHelpers/createMapView.ts#L10:27,TypeScript,17,1,1
17 lines of code for unit SinglePlan.tsx.SinglePlan(any),LOW,RAW,2026-06-04,44,SinglePlan.tsx.SinglePlan(any),src/Components/HomePage/Body/Left/Nabewerking/CreateReport/Steps/Step1/SinglePlan.tsx#L7:26,TypeScript,17,1,1
"17 lines of code for unit mapLoginError.ts.mapLoginError(unknown,MapLoginErrorContext)",LOW,RAW,2026-07-13,5,"mapLoginError.ts.mapLoginError(unknown,MapLoginErrorContext)",backend/src/routes/auth2/mapLoginError.ts#L19:40,TypeScript,17,4,2
17 lines of code for unit FormInputs.tsx.FormInputs(),LOW,RAW,2026-06-04,44,FormInputs.tsx.FormInputs(),src/Components/HomePage/Body/Left/Voorbereiding/ReuseFlightPlan/Steps/Step2/FormInputs.tsx#L10:29,TypeScript,17,1,0
17 lines of code for unit ParentItemToggle.tsx.ParentItemToggle(any),LOW,RAW,2026-07-18,0,ParentItemToggle.tsx.ParentItemToggle(any),src/Components/HomePage/Body/Left/Common/KaartLegend/LayersList/Common/ParentItemToggle.tsx#L4:29,TypeScript,17,2,1
"17 lines of code for unit loginHandlerHelpers.ts.prepareLoginSession(Request,string)",LOW,RAW,2026-07-18,0,"loginHandlerHelpers.ts.prepareLoginSession(Request,string)",backend/src/routes/auth/authKeycloak/loginHandlerHelpers.ts#L5:29,TypeScript,17,4,2
"17 lines of code for unit attachments.ts.safeFetchPointAttachments(string,FinishedPointType)",LOW,RAW,2026-06-04,44,"attachments.ts.safeFetchPointAttachments(string,FinishedPointType)",src/Components/HomePage/Body/Left/Nabewerking/CreateReport/helpers/useHandleStep2/attachments.ts#L9:34,TypeScript,17,4,2
17 lines of code for unit fetchTemplateFlightPlanListHelpers.ts.loadFormattedTemplatePlans(Request),LOW,RAW,2026-07-18,0,fetchTemplateFlightPlanListHelpers.ts.loadFormattedTemplatePlans(Request),backend/src/helpers/queries/templates/fetchTemplateFlightPlanListHelpers.ts#L11:30,TypeScript,17,1,1
17 lines of code for unit createTemplateFlightPlanHelpers.ts.insertTemplateFlightPlan(any),LOW,RAW,2026-07-18,0,createTemplateFlightPlanHelpers.ts.insertTemplateFlightPlan(any),backend/src/routes/template_plans/createTemplateFlightPlanHelpers.ts#L5:25,TypeScript,17,1,1
17 lines of code for unit SortedAttachment.buildImageMarkerGraphics(SortedAttachment[]),LOW,RAW,2026-07-15,3,SortedAttachment.buildImageMarkerGraphics(SortedAttachment[]),src/Components/HomePage/Body/Left/Nabewerking/VluchtenZoeken/Steps/Step2/Actions/Waarnemingen/common/Foto/buildImageMarkerGraphics.ts#L28:48,TypeScript,17,2,1
17 lines of code for unit createGeometryGraphic.ts,LOW,RAW,2026-07-17,1,createGeometryGraphic.ts,src/helpers/ArcGISHelpers/createGeometryGraphic.ts#L1:19,TypeScript,17,1,0
"17 lines of code for unit useAddPointToPlanMapEffects.ts.useAddPointToPlanPins(number[],EnrichedPointType[])",LOW,RAW,2026-07-04,14,"useAddPointToPlanMapEffects.ts.useAddPointToPlanPins(number[],EnrichedPointType[])",src/Components/HomePage/Body/Left/Voorbereiding/ViewPlan/Steps/AddPointToPlan/useAddPointToPlanMapEffects.ts#L27:50,TypeScript,17,1,2
"17 lines of code for unit logFields.ts.buildLogInsertValues(number,LogInsertInput)",LOW,RAW,2026-06-30,18,"logFields.ts.buildLogInsertValues(number,LogInsertInput)",backend/src/helpers/queries/logs/logFields.ts#L45:64,TypeScript,17,10,2
17 lines of code for unit applyGeometryDeleteSuccess.ts.applyGeometryDeleteSuccess(any),LOW,RAW,2026-07-18,0,applyGeometryDeleteSuccess.ts.applyGeometryDeleteSuccess(any),src/Components/HomePage/Body/Left/Tools/EditGeometry/applyGeometryDeleteSuccess.ts#L4:35,TypeScript,17,1,1
"17 lines of code for unit create(CreateInput<T, R>)",LOW,RAW,2026-07-17,1,"create(CreateInput<T, R>)",src/api-hooks/mutations/useCreateData.ts#L37:53,TypeScript,17,5,1
17 lines of code for unit featureLayerPopupMarker.ts.createFeatureLayerMarker(any),LOW,RAW,2026-07-04,14,featureLayerPopupMarker.ts.createFeatureLayerMarker(any),src/hooks/hover-click-handlers/featureLayerPopupMarker.ts#L4:26,TypeScript,17,2,1
"17 lines of code for unit getUserById.ts.getUserById(string,Request)",LOW,RAW,2026-06-04,44,"getUserById.ts.getUserById(string,Request)",backend/src/routes/keycloak/management/users/getUserById.ts#L10:32,TypeScript,17,2,2
17 lines of code for unit useCreateImageUploadEffect.ts.useCreateImageUploadEffect(any),LOW,RAW,2026-07-18,0,useCreateImageUploadEffect.ts.useCreateImageUploadEffect(any),src/Components/HomePage/Body/Left/Nabewerking/VluchtenZoeken/Steps/Step2/Actions/Waarnemingen/common/Foto/useCreateImageUploadEffect.ts#L5:31,TypeScript,17,4,1
"17 lines of code for unit getUsers.ts.getUsers(Request,Response)",LOW,RAW,2026-06-04,44,"getUsers.ts.getUsers(Request,Response)",backend/src/routes/users/getUsers.ts#L4:22,TypeScript,17,2,2
"17 lines of code for unit getPrePreparedPlanPoints.ts.getPrepreparedFlightPlanPoints(Request,Response)",LOW,RAW,2026-06-04,44,"getPrePreparedPlanPoints.ts.getPrepreparedFlightPlanPoints(Request,Response)",backend/src/routes/points/getPrePreparedPlanPoints.ts#L5:26,TypeScript,17,4,2
17 lines of code for unit useBottomCompactListCallback.ts.useBottomCompactListCallback(string),LOW,RAW,2026-07-18,0,useBottomCompactListCallback.ts.useBottomCompactListCallback(string),src/hooks/bottom/useBottomCompactListCallback.ts#L5:21,TypeScript,17,1,1
17 lines of code for unit netherlandsMapBounds.ts.createNetherlandsMapBounds(),LOW,RAW,2026-07-14,4,netherlandsMapBounds.ts.createNetherlandsMapBounds(),src/helpers/ArcGISHelpers/netherlandsMapBounds.ts#L13:30,TypeScript,17,1,0
"17 lines of code for unit selectedPointDetailsData.ts.buildSelectedPointDetails(EnrichedPointType,Option[],Option[])",LOW,RAW,2026-07-14,4,"selectedPointDetailsData.ts.buildSelectedPointDetails(EnrichedPointType,Option[],Option[])",src/Components/HomePage/Body/Left/Voorbereiding/SelectedPoint/SelectedPointDetails/selectedPointDetailsData.ts#L5:25,TypeScript,17,7,3
17 lines of code for unit toEditPointCoordinatesView.ts.toEditPointCoordinatesView(any),LOW,RAW,2026-07-13,5,toEditPointCoordinatesView.ts.toEditPointCoordinatesView(any),src/Components/HomePage/Body/Left/Nabewerking/VluchtenZoeken/Steps/Step2/Actions/Waarnemingen/EditPointDetails/Actions/EditPointCoordinates/toEditPointCoordinatesView.ts#L12:33,TypeScript,17,1,1
17 lines of code for unit buildSyncTableTabGraphicsArgs.ts.buildSyncTableTabGraphicsArgs(UseMapGraphicsInput),LOW,RAW,2026-07-18,0,buildSyncTableTabGraphicsArgs.ts.buildSyncTableTabGraphicsArgs(UseMapGraphicsInput),src/Components/HomePage/Body/Bottom/PointsView/common/hooks/buildSyncTableTabGraphicsArgs.ts#L3:19,TypeScript,17,1,1
17 lines of code for unit Form.tsx.Form(),LOW,RAW,2026-06-04,44,Form.tsx.Form(),src/Components/HomePage/Body/Left/Voorbereiding/ViewPlan/Steps/DuplicateFlightPlan/Step2/Form.tsx#L10:36,TypeScript,17,2,0
17 lines of code for unit useDeletePointMapClick.ts.useDeletePointMapClick(any),LOW,RAW,2026-07-04,14,useDeletePointMapClick.ts.useDeletePointMapClick(any),src/Components/HomePage/Body/Left/Tools/AandachtspuntenVerwijderen/Actions/EditPointDetails/Steps/Step2/useDeletePointMapClick.ts#L13:37,TypeScript,17,4,1
"17 lines of code for unit planBoundingBoxGeometry.ts.createPlanBoundingBoxPolygon(PlanBoundingBoxPoint[],any,any)",LOW,RAW,2026-07-17,1,"planBoundingBoxGeometry.ts.createPlanBoundingBoxPolygon(PlanBoundingBoxPoint[],any,any)",src/helpers/ArcGISHelpers/planBoundingBoxGeometry.ts#L47:67,TypeScript,17,2,3
"17 lines of code for unit getSearchedFlightPlans.ts.getSearchedFlightPlans(Request,Response)",LOW,RAW,2026-07-01,17,"getSearchedFlightPlans.ts.getSearchedFlightPlans(Request,Response)",backend/src/routes/flightPlans/getSearchedFlightPlans.ts#L4:25,TypeScript,17,2,2
"17 lines of code for unit sortPointsWithSelectionOrder.ts.sortPointsWithSelectionOrder(T[],number[])",LOW,RAW,2026-06-29,19,"sortPointsWithSelectionOrder.ts.sortPointsWithSelectionOrder(T[],number[])",src/hooks/points/sortPointsWithSelectionOrder.ts#L55:76,TypeScript,17,1,2
17 lines of code for unit geometryHoverGraphics.ts.buildGeometryHoverState(HoverableGeometry),LOW,RAW,2026-07-13,5,geometryHoverGraphics.ts.buildGeometryHoverState(HoverableGeometry),src/hooks/hover-click-handlers/geometryHoverGraphics.ts#L46:62,TypeScript,17,5,1
17 lines of code for unit index.tsx.ChangeFlightPlanStatus(),LOW,RAW,2026-06-04,44,index.tsx.ChangeFlightPlanStatus(),src/Components/HomePage/Body/Left/Nabewerking/ChangeFlightPlanStatus/index.tsx#L12:38,TypeScript,17,2,0
17 lines of code for unit useResultTabStarredPointActions.ts.useResultTabStarredPointActions(),LOW,RAW,2026-06-29,19,useResultTabStarredPointActions.ts.useResultTabStarredPointActions(),src/hooks/resultTab/useResultTabStarredPointActions.ts#L6:13,TypeScript,17,1,0
17 lines of code for unit finishedPlanCentroidMarkers.ts.addFinishedPlanGeometryCentroidMarkers(any),LOW,RAW,2026-07-17,1,finishedPlanCentroidMarkers.ts.addFinishedPlanGeometryCentroidMarkers(any),src/helpers/ArcGISHelpers/finishedPlanCentroidMarkers.ts#L20:41,TypeScript,17,4,1
17 lines of code for unit postProxyHelpers.ts.postUrlencodedToArcgis(any),LOW,RAW,2026-07-04,14,postProxyHelpers.ts.postUrlencodedToArcgis(any),backend/src/routes/arcgis/postProxyHelpers.ts#L6:28,TypeScript,17,3,1
17 lines of code for unit drawingToolMapCleanup.ts.clearCurrentlyDrawingGraphics(MapView|null|undefined),LOW,RAW,2026-06-10,38,drawingToolMapCleanup.ts.clearCurrentlyDrawingGraphics(MapView|null|undefined),src/Components/HomePage/Body/Left/Voorbereiding/DrawingTool/helpers/drawingToolMapCleanup.ts#L6:27,TypeScript,17,6,1
17 lines of code for unit geometryGraphicBuilders.ts.buildPolygonGraphic(any),LOW,RAW,2026-07-04,14,geometryGraphicBuilders.ts.buildPolygonGraphic(any),src/helpers/ArcGISHelpers/geometryGraphicBuilders.ts#L41:62,TypeScript,17,1,1
"17 lines of code for unit CreateKeycloakUserInput.setKeycloakUserPassword(Request,string,string)",LOW,RAW,2026-07-04,14,"CreateKeycloakUserInput.setKeycloakUserPassword(Request,string,string)",backend/src/routes/keycloak/management/users/createKeycloakUser.ts#L58:82,TypeScript,17,3,3
17 lines of code for unit LegendSection.tsx.buildUseLegendLayersOptions(any),LOW,RAW,2026-07-18,0,LegendSection.tsx.buildUseLegendLayersOptions(any),src/Components/HomePage/Body/Left/Common/KaartLegend/LayersList/Common/LegendSection.tsx#L49:73,TypeScript,17,5,1
17 lines of code for unit index.tsx.TemplateFlight(any),LOW,RAW,2026-06-04,44,index.tsx.TemplateFlight(any),src/Components/HomePage/Body/Left/Voorbereiding/FlightPlan/Steps/Step1/TemplateFlights/index.tsx#L20:39,TypeScript,17,1,1
"17 lines of code for unit flightPlanPointExcel.ts.mapPointToExportRow(EnrichedPointType,FlightPlanType)",LOW,RAW,2026-07-17,1,"flightPlanPointExcel.ts.mapPointToExportRow(EnrichedPointType,FlightPlanType)",src/helpers/points/flightPlanPointExcel.ts#L56:75,TypeScript,17,1,2
17 lines of code for unit updateUser.ts.updateUser(UpdateUserInput),LOW,RAW,2026-07-01,17,updateUser.ts.updateUser(UpdateUserInput),backend/src/routes/keycloak/management/users/updateUser.ts#L15:33,TypeScript,17,2,1
17 lines of code for unit useDeletePointStep1FormModel.ts.useDeletePointStep1FormModel(),LOW,RAW,2026-07-18,0,useDeletePointStep1FormModel.ts.useDeletePointStep1FormModel(),src/Components/HomePage/Body/Left/Tools/AandachtspuntenVerwijderen/Actions/EditPointDetails/Steps/Step1/useDeletePointStep1FormModel.ts#L7:23,TypeScript,17,1,0
17 lines of code for unit buildFinishedFlightPlansListQuery.ts.buildFinishedFlightPlansListSelect(string),LOW,RAW,2026-07-18,0,buildFinishedFlightPlansListQuery.ts.buildFinishedFlightPlansListSelect(string),backend/src/helpers/queries/finished-plans/buildFinishedFlightPlansListQuery.ts#L30:46,TypeScript,17,1,1
17 lines of code for unit usePointListBufferActions.ts.usePointListBufferActions(any),LOW,RAW,2026-07-18,0,usePointListBufferActions.ts.usePointListBufferActions(any),src/Components/HomePage/Body/Left/Common/ResultTab/usePointListBufferActions.ts#L6:15,TypeScript,17,1,1
17 lines of code for unit filterFinishedPlansForItem.ts.getItemDisplayTitle(any),LOW,RAW,2026-07-13,5,filterFinishedPlansForItem.ts.getItemDisplayTitle(any),src/helpers/timeslider/filterFinishedPlansForItem.ts#L17:37,TypeScript,17,9,1
17 lines of code for unit buildPointSearchQuery.ts.buildPointSearchQuery(PointSearchFilter),LOW,RAW,2026-06-30,18,buildPointSearchQuery.ts.buildPointSearchQuery(PointSearchFilter),backend/src/helpers/queries/points/buildPointSearchQuery.ts#L6:24,TypeScript,17,2,1
17 lines of code for unit useGeometryGraphicsEffects.ts.useGeometryGraphicsRendering(any),LOW,RAW,2026-07-14,4,useGeometryGraphicsEffects.ts.useGeometryGraphicsRendering(any),src/hooks/features/useGeometryGraphicsEffects.ts#L17:41,TypeScript,17,6,1
"16 lines of code for unit csvExport.ts.buildCsvFromRows(T[],string[])",LOW,RAW,2026-07-17,1,"csvExport.ts.buildCsvFromRows(T[],string[])",src/helpers/tableExports/csvExport.ts#L11:31,TypeScript,16,2,2
16 lines of code for unit verifyRegioPointsGeometries.ts.runGeometriesRegioCheck(any),LOW,RAW,2026-07-04,14,verifyRegioPointsGeometries.ts.runGeometriesRegioCheck(any),backend/scripts/verifyRegioPointsGeometries.ts#L76:95,TypeScript,16,4,1
16 lines of code for unit attachMapHoverLifecycle.ts.attachMapHoverLifecycle(AttachMapHoverLifecycleInput),LOW,RAW,2026-07-17,1,attachMapHoverLifecycle.ts.attachMapHoverLifecycle(AttachMapHoverLifecycleInput),src/hooks/features/attachMapHoverLifecycle.ts#L19:36,TypeScript,16,4,1
16 lines of code for unit geometryJson.ts,LOW,RAW,2026-06-30,18,geometryJson.ts,backend/src/helpers/queries/geometries/geometryJson.ts#L1:22,TypeScript,16,1,0
16 lines of code for unit timesliderPageViewScalars.ts.timesliderPageViewScalars(BuildTimesliderPageViewInput),LOW,RAW,2026-07-18,0,timesliderPageViewScalars.ts.timesliderPageViewScalars(BuildTimesliderPageViewInput),src/Components/TimesliderItemDetailPage/timesliderPageViewScalars.ts#L3:20,TypeScript,16,4,1
"16 lines of code for unit installersHandlers.ts.handleInstallerUploadComplete(Request,Response)",LOW,RAW,2026-07-17,1,"installersHandlers.ts.handleInstallerUploadComplete(Request,Response)",backend/src/routes/installersHandlers.ts#L29:46,TypeScript,16,2,2
16 lines of code for unit xlsxExport.ts.exportPointsPlansXlsx(any),LOW,RAW,2026-07-17,1,xlsxExport.ts.exportPointsPlansXlsx(any),src/helpers/tableExports/xlsxExport.ts#L35:54,TypeScript,16,5,1
16 lines of code for unit useEnrichedAddPointMapClick.ts.useEnrichedAddPointMapClick(MapClickInput),LOW,RAW,2026-07-18,0,useEnrichedAddPointMapClick.ts.useEnrichedAddPointMapClick(MapClickInput),src/Components/HomePage/Body/Left/Voorbereiding/EnrichedAddPoint/useEnrichedAddPointMapClick.ts#L10:26,TypeScript,16,2,1
16 lines of code for unit Buttons.tsx.Buttons(any),LOW,RAW,2026-06-04,44,Buttons.tsx.Buttons(any),src/Components/HomePage/Body/Left/Nabewerking/VluchtenZoeken/Steps/Step2/Buttons.tsx#L9:25,TypeScript,16,1,1
16 lines of code for unit onSuccess(any),LOW,RAW,2026-07-13,5,onSuccess(any),src/Components/HomePage/Body/Left/Tools/AandachtspuntenVerwijderen/Actions/EditPointDetails/Steps/Step2/index.tsx#L48:66,TypeScript,16,2,1
16 lines of code for unit finalizeReportPdfItem.ts.finalizeReportPdfItem(any),LOW,RAW,2026-07-18,0,finalizeReportPdfItem.ts.finalizeReportPdfItem(any),src/Components/HomePage/Body/Left/Nabewerking/CreateReport/helpers/useHandleStep2/finalizeReportPdfItem.ts#L5:29,TypeScript,16,2,1
"16 lines of code for unit renderEditFormScreen.tsx.renderEditFormScreen(EditFormProps,any)",LOW,RAW,2026-07-18,0,"renderEditFormScreen.tsx.renderEditFormScreen(EditFormProps,any)",src/Components/HomePage/Body/Left/Tools/EditGeometry/EditForm/renderEditFormScreen.tsx#L6:46,TypeScript,16,5,2
16 lines of code for unit useCreateData.ts.useCreateData(string),LOW,RAW,2026-07-17,1,useCreateData.ts.useCreateData(string),src/api-hooks/mutations/useCreateData.ts#L24:32,TypeScript,16,1,1
16 lines of code for unit goToPoint(),LOW,RAW,2026-06-04,44,goToPoint(),src/Components/HomePage/Body/Left/Common/SearchedResultsTab/FlightPlans/FlightPlansList/ClickedPlan.tsx#L39:55,TypeScript,16,4,0
16 lines of code for unit toggleStarPlan(FlightPlanType),LOW,RAW,2026-06-04,44,toggleStarPlan(FlightPlanType),src/Components/HomePage/Body/Bottom/PointsView/FlightPlansTable/index.tsx#L81:99,TypeScript,16,4,1
16 lines of code for unit regioFilter.ts.buildRegioWhereClause(BuildRegioWhereClauseInput),LOW,RAW,2026-07-01,17,regioFilter.ts.buildRegioWhereClause(BuildRegioWhereClauseInput),backend/src/helpers/queries/shared/regioFilter.ts#L95:114,TypeScript,16,3,1
"16 lines of code for unit useChangeFlightPlanStatusFilter.ts.useChangeFlightPlanStatusFilter(FlightPlanType[],any)",LOW,RAW,2026-07-18,0,"useChangeFlightPlanStatusFilter.ts.useChangeFlightPlanStatusFilter(FlightPlanType[],any)",src/Components/HomePage/Body/Left/Nabewerking/ChangeFlightPlanStatus/useChangeFlightPlanStatusFilter.ts#L7:25,TypeScript,16,2,2
"16 lines of code for unit reportUpload.ts.uploadErrorHandler(unknown,express.Request,express.Response,express.NextFunction)",LOW,RAW,2026-07-13,5,"reportUpload.ts.uploadErrorHandler(unknown,express.Request,express.Response,express.NextFunction)",backend/src/routes/reportUpload.ts#L83:103,TypeScript,16,4,4
16 lines of code for unit submitEditPointDetails.ts.submitEditPointDetails(SubmitEditPointDetailsInput),LOW,RAW,2026-07-18,0,submitEditPointDetails.ts.submitEditPointDetails(SubmitEditPointDetailsInput),src/Components/HomePage/Body/Left/Nabewerking/VluchtenZoeken/Steps/Step2/Actions/Waarnemingen/EditPointDetails/Actions/Form/submitEditPointDetails.ts#L7:15,TypeScript,16,2,1
"16 lines of code for unit getSingleFinishedFlightPlan.ts.getSingleFinishedFlightPlan(Request,Response)",LOW,RAW,2026-06-04,44,"getSingleFinishedFlightPlan.ts.getSingleFinishedFlightPlan(Request,Response)",backend/src/routes/finished_plans/getSingleFinishedFlightPlan.ts#L7:29,TypeScript,16,3,2
16 lines of code for unit zoomToPoint(),LOW,RAW,2026-06-04,44,zoomToPoint(),src/Components/HomePage/Body/Left/Common/SearchedResultsTab/FlightPlans/FlightPlansList/ClickedPlan.tsx#L21:37,TypeScript,16,4,0
16 lines of code for unit spoedReportSendHelpers.ts.buildAndMailSpoedArtifacts(ValidatedSpoed),LOW,RAW,2026-07-18,0,spoedReportSendHelpers.ts.buildAndMailSpoedArtifacts(ValidatedSpoed),backend/src/routes/emails/spoedReportSendHelpers.ts#L49:66,TypeScript,16,4,1
16 lines of code for unit basemapsListHelpers.ts.createBasemapsCatalog(),LOW,RAW,2026-07-18,0,basemapsListHelpers.ts.createBasemapsCatalog(),src/Components/HomePage/Body/Left/Common/KaartLegend/basemapsListHelpers.ts#L19:34,TypeScript,16,1,0
16 lines of code for unit pickViewPlanAddPointsState.ts.useViewPlanAddPointsState(),LOW,RAW,2026-07-18,0,pickViewPlanAddPointsState.ts.useViewPlanAddPointsState(),src/Components/HomePage/Body/Left/Voorbereiding/ViewPlan/pickViewPlanAddPointsState.ts#L4:20,TypeScript,16,1,0
16 lines of code for unit verifyRegioPointsGeometries.ts.runPointsQuery(string|undefined),LOW,RAW,2026-07-04,14,verifyRegioPointsGeometries.ts.runPointsQuery(string|undefined),backend/scripts/verifyRegioPointsGeometries.ts#L6:21,TypeScript,16,3,1
16 lines of code for unit usePointsViewUiState.ts.usePointsViewUiState(),LOW,RAW,2026-07-18,0,usePointsViewUiState.ts.usePointsViewUiState(),src/Components/HomePage/Body/Bottom/PointsView/common/hooks/usePointsViewUiState.ts#L4:21,TypeScript,16,1,0
16 lines of code for unit useWizardButtons.ts.useWizardButtons(string),LOW,RAW,2026-06-10,38,useWizardButtons.ts.useWizardButtons(string),src/hooks/wizard/useWizardButtons.ts#L10:27,TypeScript,16,1,1
16 lines of code for unit geometryGraphicBuilders.ts,LOW,RAW,2026-07-18,0,geometryGraphicBuilders.ts,src/helpers/ArcGISHelpers/geometryGraphicBuilders.ts#L1:11,TypeScript,16,5,0
16 lines of code for unit index.tsx.PointsView(PointsViewProps),LOW,RAW,2026-06-04,44,index.tsx.PointsView(PointsViewProps),src/Components/HomePage/Body/Bottom/PointsView/index.tsx#L12:84,TypeScript,16,2,1
"16 lines of code for unit PointsFilters.loadPoints(PointsFilters,Partial<PointsState>,any)",LOW,RAW,2026-06-04,44,"PointsFilters.loadPoints(PointsFilters,Partial<PointsState>,any)",src/hooks/features/usePointsStore.ts#L39:66,TypeScript,16,7,3
16 lines of code for unit useEditPointCoordinateEffectsFromStores.ts.useEditPointCoordinateEffectsFromStores(Stores),LOW,RAW,2026-07-18,0,useEditPointCoordinateEffectsFromStores.ts.useEditPointCoordinateEffectsFromStores(Stores),src/Components/HomePage/Body/Left/Nabewerking/VluchtenZoeken/Steps/Step2/Actions/Waarnemingen/EditPointDetails/Actions/EditPointCoordinates/useEditPointCoordinateEffectsFromStores.ts#L6:21,TypeScript,16,1,1
16 lines of code for unit flightPlanFields.ts.normalizeFlightPlanUpdateFields(FlightPlanBodySource),LOW,RAW,2026-06-30,18,flightPlanFields.ts.normalizeFlightPlanUpdateFields(FlightPlanBodySource),backend/src/helpers/queries/flight-plans/flightPlanFields.ts#L20:37,TypeScript,16,1,1
16 lines of code for unit timesliderPlanImagesFetch.ts.queryTimesliderPlanImages(any),LOW,RAW,2026-07-18,0,timesliderPlanImagesFetch.ts.queryTimesliderPlanImages(any),backend/src/helpers/queries/timeslider/timesliderPlanImagesFetch.ts#L10:28,TypeScript,16,1,1
16 lines of code for unit DeletePointFormFields.pickDeletePointFormFields(DeletePoint),LOW,RAW,2026-06-29,19,DeletePointFormFields.pickDeletePointFormFields(DeletePoint),src/hooks/zustand/tools/useDeletePointState.ts#L79:96,TypeScript,16,1,1
16 lines of code for unit Step2OtpFailureInput.respondToStep2OtpFailure(Step2OtpFailureInput),LOW,RAW,2026-07-18,0,Step2OtpFailureInput.respondToStep2OtpFailure(Step2OtpFailureInput),backend/src/routes/auth2/loginFlowHelpers.ts#L42:60,TypeScript,16,3,1
16 lines of code for unit showTable.ts,LOW,RAW,2026-06-04,44,showTable.ts,src/helpers/ZustandStates/showTable.ts#L1:42,TypeScript,16,1,0
"16 lines of code for unit pickFlightPlanPersistenceFields.ts.mergeFlightPlanPersistenceFields(T,Partial<FlightPlanPersistenceFields>)",LOW,RAW,2026-07-18,0,"pickFlightPlanPersistenceFields.ts.mergeFlightPlanPersistenceFields(T,Partial<FlightPlanPersistenceFields>)",src/hooks/flightPlan/pickFlightPlanPersistenceFields.ts#L21:39,TypeScript,16,19,2
"16 lines of code for unit deleteFotoFromArcgis.ts.deleteFotoFromArcgis(AttachmentType,void)",LOW,RAW,2026-07-18,0,"deleteFotoFromArcgis.ts.deleteFotoFromArcgis(AttachmentType,void)",src/Components/HomePage/Body/Left/Nabewerking/VluchtenZoeken/Steps/Step2/Actions/Waarnemingen/common/Foto/deleteFotoFromArcgis.ts#L5:23,TypeScript,16,6,2
16 lines of code for unit swaggerInfo.ts.buildSwaggerInfo(),LOW,RAW,2026-07-18,0,swaggerInfo.ts.buildSwaggerInfo(),backend/src/routes/swaggerInfo.ts#L1:16,TypeScript,16,1,0
"16 lines of code for unit BuildFlightPlanQueryOptions.resolveFlightPlanQueryScalars(BuildFlightPlanQueryOptions,string)",LOW,RAW,2026-07-18,0,"BuildFlightPlanQueryOptions.resolveFlightPlanQueryScalars(BuildFlightPlanQueryOptions,string)",backend/src/helpers/queries/flight-plans/buildFlightPlanQueryParts.ts#L56:74,TypeScript,16,7,2
16 lines of code for unit GeometryItemCheckBox.tsx.GeometryItemCheckBox(any),LOW,RAW,2026-07-04,14,GeometryItemCheckBox.tsx.GeometryItemCheckBox(any),src/Components/HomePage/Body/Left/Voorbereiding/FlightPlan/Common/GeometryItemCheckBox.tsx#L5:87,TypeScript,16,2,1
"16 lines of code for unit AttachmentUpdateInput.deleteOrphanedAttachments(PoolClient,number[])",LOW,RAW,2026-07-18,0,"AttachmentUpdateInput.deleteOrphanedAttachments(PoolClient,number[])",backend/src/helpers/queries/finished-plans/updateFinishedPointAttachmentsTx.ts#L48:66,TypeScript,16,2,2
16 lines of code for unit handleEnrichedAddPointClick.ts.handleEnrichedAddPointClick(EnrichedAddPointClickInput),LOW,RAW,2026-07-17,1,handleEnrichedAddPointClick.ts.handleEnrichedAddPointClick(EnrichedAddPointClickInput),src/Components/HomePage/Body/Left/Voorbereiding/EnrichedAddPoint/handleEnrichedAddPointClick.ts#L18:37,TypeScript,16,5,1
16 lines of code for unit TimesliderRangeTrack.tsx.TimesliderRangeTrack(any),LOW,RAW,2026-07-13,5,TimesliderRangeTrack.tsx.TimesliderRangeTrack(any),src/Components/HomePage/Head/timeslider/TimesliderRangeTrack.tsx#L5:56,TypeScript,16,1,1
16 lines of code for unit FormElements.tsx.FormElements(),LOW,RAW,2026-07-13,5,FormElements.tsx.FormElements(),src/Components/HomePage/Body/Left/Nabewerking/VluchtenZoeken/Steps/Step2/Actions/EditFlight/FormElements.tsx#L12:72,TypeScript,16,1,0
16 lines of code for unit index.tsx.InstallationsPage(),LOW,RAW,2026-06-04,44,index.tsx.InstallationsPage(),src/Components/InstallationsPage/index.tsx#L19:31,TypeScript,16,2,0
16 lines of code for unit resolveRegioFilter.ts.getSessionRealmRoles(Request),LOW,RAW,2026-07-01,17,resolveRegioFilter.ts.getSessionRealmRoles(Request),backend/src/helpers/queries/shared/resolveRegioFilter.ts#L17:35,TypeScript,16,9,1
16 lines of code for unit keycloakAdminClient.ts,LOW,RAW,2026-07-13,5,keycloakAdminClient.ts,backend/src/routes/keycloak/management/users/keycloakAdminClient.ts#L1:9,TypeScript,16,3,0
16 lines of code for unit grantFailureSignals.ts.hasExplicitOtpRequiredSignal(string),LOW,RAW,2026-07-17,1,grantFailureSignals.ts.hasExplicitOtpRequiredSignal(string),backend/src/routes/auth2/grantFailureSignals.ts#L9:25,TypeScript,16,1,1
16 lines of code for unit PlansFilterSection.tsx.PlansFilterSection(Props),LOW,RAW,2026-06-04,44,PlansFilterSection.tsx.PlansFilterSection(Props),src/Components/TimesliderItemDetailPage/sections/PlansFilterSection.tsx#L18:97,TypeScript,16,1,1
16 lines of code for unit index.tsx.VliegrouteExporteren(any),LOW,RAW,2026-06-04,44,index.tsx.VliegrouteExporteren(any),src/Components/HomePage/Body/Left/Nabewerking/VluchtenZoeken/Steps/Step2/Actions/VliegrouteExporteren/index.tsx#L13:36,TypeScript,16,2,1
16 lines of code for unit featureLayerLabelGraphicsHelpers.ts.buildFeatureLabelGraphic(any),LOW,RAW,2026-07-18,0,featureLayerLabelGraphicsHelpers.ts.buildFeatureLabelGraphic(any),src/hooks/hover-click-handlers/featureLayerLabelGraphicsHelpers.ts#L5:25,TypeScript,16,2,1
"16 lines of code for unit pdfReportAttachmentImage.ts.drawTakenAtCaption(jsPDF,number,number)",LOW,RAW,2026-07-18,0,"pdfReportAttachmentImage.ts.drawTakenAtCaption(jsPDF,number,number)",src/Components/HomePage/Body/Left/Nabewerking/CreateReport/helpers/pdfReportAttachmentImage.ts#L21:40,TypeScript,16,2,3
16 lines of code for unit regioFilter.ts.appendRegioFilter(AppendRegioFilterInput),LOW,RAW,2026-07-01,17,regioFilter.ts.appendRegioFilter(AppendRegioFilterInput),backend/src/helpers/queries/shared/regioFilter.ts#L74:93,TypeScript,16,3,1
16 lines of code for unit ChevronButton.tsx.ChevronButton(any),LOW,RAW,2026-06-04,44,ChevronButton.tsx.ChevronButton(any),src/Components/HomePage/Body/Common/ChevronButton.tsx#L5:35,TypeScript,16,2,1
16 lines of code for unit nnederlandLayerSpecsPart2d.ts,LOW,RAW,2026-07-18,0,nnederlandLayerSpecsPart2d.ts,src/Components/HomePage/Body/Left/Common/KaartLegend/LayersList/NNederland/nnederlandLayerSpecsPart2d.ts#L1:21,TypeScript,16,1,0
16 lines of code for unit nearestPoint.ts.findNearestPoint(any),LOW,RAW,2026-07-14,4,nearestPoint.ts.findNearestPoint(any),src/hooks/hover-click-handlers/nearestPoint.ts#L4:24,TypeScript,16,6,1
16 lines of code for unit configureCorsMiddleware.ts.configureCorsMiddleware(Express),LOW,RAW,2026-07-18,0,configureCorsMiddleware.ts.configureCorsMiddleware(Express),backend/src/configure/configureCorsMiddleware.ts#L6:21,TypeScript,16,1,1
16 lines of code for unit useEditGeometryVerticesOnMap.ts.useEditGeometryVerticesOnMap(any),LOW,RAW,2026-06-04,44,useEditGeometryVerticesOnMap.ts.useEditGeometryVerticesOnMap(any),src/hooks/hover-click-handlers/useEditGeometryVerticesOnMap.ts#L12:32,TypeScript,16,3,1
"16 lines of code for unit useFilterAndSortPlans.ts.useFilterAndSortPlans(FinishedFlightPlanType[],any,string)",LOW,RAW,2026-06-04,44,"useFilterAndSortPlans.ts.useFilterAndSortPlans(FinishedFlightPlanType[],any,string)",src/Components/HomePage/Body/Left/Nabewerking/VluchtenZoeken/hooks/useFilterAndSortPlans.ts#L8:27,TypeScript,16,1,3
16 lines of code for unit emptyPointCoreFields.ts,LOW,RAW,2026-07-18,0,emptyPointCoreFields.ts,src/helpers/points/emptyPointCoreFields.ts#L1:25,TypeScript,16,1,0
16 lines of code for unit index.tsx.Step2(any),LOW,RAW,2026-06-04,44,index.tsx.Step2(any),src/Components/HomePage/Body/Left/Voorbereiding/TemplateFlight/Steps/Step2/index.tsx#L7:29,TypeScript,16,1,1
16 lines of code for unit renderTabContent(),LOW,RAW,2026-06-04,44,renderTabContent(),src/Components/HomePage/Body/Bottom/PlansView/index.tsx#L19:34,TypeScript,16,6,0
16 lines of code for unit graphicPosition(),LOW,RAW,2026-06-04,44,graphicPosition(),src/Components/HomePage/Body/Left/Voorbereiding/EnrichedAddPoint/Steps/Step2/NextBtn.tsx#L26:41,TypeScript,16,4,0
"16 lines of code for unit requireAuthClientHeader.ts.requireAuthClientHeader(any,any,any)",LOW,RAW,2026-07-13,5,"requireAuthClientHeader.ts.requireAuthClientHeader(any,any,any)",backend/src/routes/auth2/requireAuthClientHeader.ts#L9:26,TypeScript,16,2,3
16 lines of code for unit createAttachmentHelpers.ts.insertAttachmentRow(InsertAttachmentInput),LOW,RAW,2026-07-18,0,createAttachmentHelpers.ts.insertAttachmentRow(InsertAttachmentInput),backend/src/routes/finished_plans/createAttachmentHelpers.ts#L35:52,TypeScript,16,2,1
16 lines of code for unit Step1.tsx.Step1(any),LOW,RAW,2026-07-04,14,Step1.tsx.Step1(any),src/Components/HomePage/Body/Left/Voorbereiding/PrepareFlightPlan/Steps/Step1.tsx#L8:29,TypeScript,16,2,1
16 lines of code for unit viewPlanSession.ts.resetViewPlanSession(any),LOW,RAW,2026-07-04,14,viewPlanSession.ts.resetViewPlanSession(any),src/Components/HomePage/Body/Left/Voorbereiding/ViewPlan/viewPlanSession.ts#L13:41,TypeScript,16,1,1
16 lines of code for unit index.tsx.Step3(any),LOW,RAW,2026-06-04,44,index.tsx.Step3(any),src/Components/HomePage/Body/Left/Voorbereiding/TemplateFlight/Steps/Step3/index.tsx#L7:31,TypeScript,16,1,1
"16 lines of code for unit parseAgentReport.ts.parseAgentReportBody(Record<string, unknown>)",LOW,RAW,2026-07-04,14,"parseAgentReport.ts.parseAgentReportBody(Record<string, unknown>)",backend/src/routes/devices-updates/agent/parseAgentReport.ts#L18:33,TypeScript,16,6,1
"16 lines of code for unit getAllEmails.ts.getAllEmails(Request,Response)",LOW,RAW,2026-06-04,44,"getAllEmails.ts.getAllEmails(Request,Response)",backend/src/routes/emails/getAllEmails.ts#L4:21,TypeScript,16,3,2
"16 lines of code for unit createPoint.ts.createPoint(number,number)",LOW,RAW,2026-06-04,44,"createPoint.ts.createPoint(number,number)",src/helpers/ArcGISHelpers/createPoint.ts#L5:23,TypeScript,16,1,2
16 lines of code for unit enrichedPointStateDefaults.ts,LOW,RAW,2026-07-14,4,enrichedPointStateDefaults.ts,src/hooks/zustand/enrichedPointStateDefaults.ts#L1:18,TypeScript,16,1,0
16 lines of code for unit index.ts.useHandleStep2(UseHandleStep2Input),LOW,RAW,2026-07-04,14,index.ts.useHandleStep2(UseHandleStep2Input),src/Components/HomePage/Body/Left/Nabewerking/CreateReport/helpers/useHandleStep2/index.ts#L23:37,TypeScript,16,1,1
16 lines of code for unit useLogAction.ts.useLogAction(),LOW,RAW,2026-06-04,44,useLogAction.ts.useLogAction(),src/hooks/useLogAction.ts#L7:23,TypeScript,16,1,0
16 lines of code for unit useSelectFromSourceMapEffects.ts.useSelectFromSourceMapEffects(any),LOW,RAW,2026-07-04,14,useSelectFromSourceMapEffects.ts.useSelectFromSourceMapEffects(any),src/Components/HomePage/Body/Left/Voorbereiding/ViewPlan/Steps/AddPointsFromPlan/SelectFromSource/useSelectFromSourceMapEffects.ts#L11:31,TypeScript,16,1,1
"16 lines of code for unit geometryHerhalen.ts.sortGeometriesForSelection(Geometry[],number[])",LOW,RAW,2026-07-04,14,"geometryHerhalen.ts.sortGeometriesForSelection(Geometry[],number[])",src/Components/HomePage/Body/Left/Voorbereiding/FlightPlan/Common/geometryHerhalen.ts#L27:46,TypeScript,16,7,2
16 lines of code for unit usePointsViewController.ts.usePointsViewController(number),LOW,RAW,2026-07-13,5,usePointsViewController.ts.usePointsViewController(number),src/Components/HomePage/Body/Bottom/PointsView/usePointsViewController.ts#L6:21,TypeScript,16,1,1
16 lines of code for unit selectAll(),LOW,RAW,2026-06-04,44,selectAll(),src/Components/HomePage/Body/Left/Common/ResultTab/ListPointsFunctions/index.tsx#L79:96,TypeScript,16,2,0
16 lines of code for unit LoginRequiredModal.tsx.LoginRequiredModal(Props),LOW,RAW,2026-06-04,44,LoginRequiredModal.tsx.LoginRequiredModal(Props),src/Components/TimesliderItemDetailPage/sections/LoginRequiredModal.tsx#L11:22,TypeScript,16,2,1
"16 lines of code for unit verifyCredentialsHandler.ts.respondVerifyError(Request,Response,unknown)",LOW,RAW,2026-07-17,1,"verifyCredentialsHandler.ts.respondVerifyError(Request,Response,unknown)",backend/src/routes/auth2/verifyCredentialsHandler.ts#L21:36,TypeScript,16,4,3
"16 lines of code for unit mapViewCoreSlice.ts.createMapViewCoreSlice(Partial<MapViewState>,any)",LOW,RAW,2026-07-18,0,"mapViewCoreSlice.ts.createMapViewCoreSlice(Partial<MapViewState>,any)",src/helpers/ZustandStates/mapViewCoreSlice.ts#L3:20,TypeScript,16,1,2
"16 lines of code for unit useEditPointCoordSyncEffects.ts.useSyncEditPointCoordinateSystem(FinishedPointType|null,CoordState)",LOW,RAW,2026-07-18,0,"useEditPointCoordSyncEffects.ts.useSyncEditPointCoordinateSystem(FinishedPointType|null,CoordState)",src/Components/HomePage/Body/Left/Nabewerking/VluchtenZoeken/Steps/Step2/Actions/Waarnemingen/EditPointDetails/Actions/EditPointCoordinates/useEditPointCoordSyncEffects.ts#L41:60,TypeScript,16,2,2
16 lines of code for unit pdfReportAttachmentImage.ts.paintScaledCanvas(HTMLImageElement),LOW,RAW,2026-07-18,0,pdfReportAttachmentImage.ts.paintScaledCanvas(HTMLImageElement),src/Components/HomePage/Body/Left/Nabewerking/CreateReport/helpers/pdfReportAttachmentImage.ts#L42:57,TypeScript,16,2,1
"16 lines of code for unit createTemplateFlightPlan.ts.createTemplateFlightPlan(Request,Response)",LOW,RAW,2026-06-04,44,"createTemplateFlightPlan.ts.createTemplateFlightPlan(Request,Response)",backend/src/routes/template_plans/createTemplateFlightPlan.ts#L10:30,TypeScript,16,5,2
16 lines of code for unit filterPlansByPeriod.ts.matchesPeriod(any),LOW,RAW,2026-07-17,1,filterPlansByPeriod.ts.matchesPeriod(any),src/hooks/filters/filterPlansByPeriod.ts#L14:37,TypeScript,16,6,1
16 lines of code for unit useRenderPlanGeometries.ts.useRenderPlanGeometries(),LOW,RAW,2026-06-04,44,useRenderPlanGeometries.ts.useRenderPlanGeometries(),src/Components/HomePage/Body/Left/Nabewerking/VluchtenZoeken/hooks/useRenderPlanGeometries.ts#L13:30,TypeScript,16,3,0
16 lines of code for unit launchPdfBrowser.ts.launchPdfBrowser(),LOW,RAW,2026-07-18,0,launchPdfBrowser.ts.launchPdfBrowser(),backend/src/routes/emails/launchPdfBrowser.ts#L3:18,TypeScript,16,2,0
"16 lines of code for unit postProxyHandler.ts.arcgisPostProxyHandler(Request,Response)",LOW,RAW,2026-06-04,44,"postProxyHandler.ts.arcgisPostProxyHandler(Request,Response)",backend/src/routes/arcgis/postProxyHandler.ts#L4:24,TypeScript,16,5,2
16 lines of code for unit handleMapClick(__esri.ViewClickEvent),LOW,RAW,2026-06-06,42,handleMapClick(__esri.ViewClickEvent),src/Components/HomePage/Body/Left/Nabewerking/VluchtenZoeken/Steps/Step2/Actions/Waarnemingen/common/Foto/useFotoMapClickHandler.ts#L27:42,TypeScript,16,3,1
16 lines of code for unit parsePointImportFile.ts.mapImportRowsToPoints(any),LOW,RAW,2026-07-04,14,parsePointImportFile.ts.mapImportRowsToPoints(any),src/Components/HomePage/Body/Left/Voorbereiding/FlightPlan/helpers/parsePointImportFile.ts#L74:97,TypeScript,16,2,1
16 lines of code for unit nnederlandLayerSpecsPart1d.ts,LOW,RAW,2026-07-18,0,nnederlandLayerSpecsPart1d.ts,src/Components/HomePage/Body/Left/Common/KaartLegend/LayersList/NNederland/nnederlandLayerSpecsPart1d.ts#L1:21,TypeScript,16,1,0
16 lines of code for unit buildCreatePointPayload.ts.buildCreatePointPayload(any),LOW,RAW,2026-07-14,4,buildCreatePointPayload.ts.buildCreatePointPayload(any),src/Components/HomePage/Body/Left/Voorbereiding/EnrichedAddPoint/helpers/buildCreatePointPayload.ts#L6:24,TypeScript,16,3,1
"16 lines of code for unit getPlanPath.ts.getPlanPath(Request,Response)",LOW,RAW,2026-06-04,44,"getPlanPath.ts.getPlanPath(Request,Response)",backend/src/routes/finished_plans/getPlanPath.ts#L4:21,TypeScript,16,2,2
16 lines of code for unit index.tsx.Step2(any),LOW,RAW,2026-06-04,44,index.tsx.Step2(any),src/Components/HomePage/Body/Left/Voorbereiding/SelectedPoint/EditPointDetails/Steps/Step2/index.tsx#L14:35,TypeScript,16,1,1
16 lines of code for unit importPointRowNormalization.ts.to01(unknown),LOW,RAW,2026-07-01,17,importPointRowNormalization.ts.to01(unknown),backend/src/helpers/points/importPointRowNormalization.ts#L42:57,TypeScript,16,6,1
16 lines of code for unit registerMapHoverHandler.ts.registerMapHoverHandler(any),LOW,RAW,2026-07-17,1,registerMapHoverHandler.ts.registerMapHoverHandler(any),src/hooks/features/registerMapHoverHandler.ts#L8:31,TypeScript,16,4,1
16 lines of code for unit selectedPlansPointsList.ts.collectSelectedDataFromPlan(FinishedFlightPlanType),LOW,RAW,2026-07-17,1,selectedPlansPointsList.ts.collectSelectedDataFromPlan(FinishedFlightPlanType),src/helpers/timeslider/selectedPlansPointsList.ts#L48:67,TypeScript,16,6,1
16 lines of code for unit PointsList.tsx.PointsList(any),LOW,RAW,2026-06-04,44,PointsList.tsx.PointsList(any),src/Components/HomePage/Body/Left/Voorbereiding/ViewPlan/Steps/AddPointsFromPlan/SelectFromSource/PointsList.tsx#L10:52,TypeScript,16,1,1
"16 lines of code for unit GeometryPoint.patchGeometryPoint(GeometryPoint,string)",LOW,RAW,2026-07-13,5,"GeometryPoint.patchGeometryPoint(GeometryPoint,string)",src/Components/HomePage/Body/Left/Nabewerking/VluchtenZoeken/Steps/Step2/Actions/Waarnemingen/EditGeometryDetails/Actions/Form/updateGeometryPointsComment.ts#L16:32,TypeScript,16,3,2
